# Blender 4.1.1
# www.blender.org
mtllib Murasama low-poly.mtl.mtl
o Клинок.016
v -0.252436 -3.964896 -4.793794
v -0.257653 -3.092552 -4.761608
v -0.125279 -3.980371 -4.800307
v -0.254427 -3.970800 -4.899621
v -0.262941 -3.118464 -4.885310
v -0.130532 -3.087086 -4.760491
v -0.132391 -2.549312 -4.852036
v -0.128139 -2.907383 -4.903169
v -0.122291 -3.951898 -4.901261
v -0.132477 -2.824248 -4.953990
v -0.268312 -2.855343 -4.944299
v -0.272156 -2.723812 -4.984116
v -0.267952 -2.549768 -4.853589
v -0.269424 -2.629647 -4.971712
v -0.128858 -2.629073 -4.968846
v -0.131410 -2.723249 -4.981920
v -0.277687 -2.421764 -3.051966
v -0.612784 -2.421047 -3.137190
v 0.099990 -2.422796 -3.132768
v -0.166626 -2.508543 -2.984828
v -0.439750 -2.431209 -3.089679
v -0.632047 -2.507448 -3.087014
v -0.316649 -2.421917 -3.310296
v -0.136416 -2.420845 -3.350640
v -0.135917 -2.503178 -3.403956
v 0.143692 -2.418075 -3.595159
v -0.202355 -2.504870 -3.310071
v -0.225209 -2.420048 -3.487886
v -0.247488 -2.501648 -3.491414
v -0.354430 -2.420258 -3.431579
v -0.241138 -2.412526 -3.708303
v -0.329348 -2.404828 -4.608174
v -0.109462 -2.408653 -4.128128
v -0.749522 -2.417661 -3.766834
v -0.626794 -2.416717 -3.666904
v 0.241014 -2.417390 -3.737824
v 0.140117 -2.500185 -3.626779
v 0.365195 -2.418289 -3.650181
v 0.711524 -2.416169 -4.087068
v 0.281989 -2.499312 -3.741868
v 0.631744 -2.418493 -3.744585
v 0.408667 -2.421448 -3.367439
v 0.571609 -2.502416 -3.487218
v 0.764711 -2.497614 -4.037579
v 0.700836 -2.494212 -4.631526
v 0.705758 -2.577320 -4.157898
v 0.617453 -2.580700 -3.710884
v 0.420720 -2.586097 -3.379715
v 0.358756 -2.578421 -3.682233
v 0.314711 -2.579675 -3.552603
v 0.146542 -2.575342 -3.591410
v 0.251149 -2.496924 -3.535547
v 0.367901 -2.496287 -3.623942
v 0.257632 -2.493981 -3.739131
v 0.140113 -2.494968 -3.626610
v 0.214566 -2.575800 -3.731330
v -0.240149 -2.580979 -3.714534
v -0.095461 -2.575867 -4.606733
v 0.295819 -2.571694 -4.601277
v 0.182411 -2.568537 -4.666203
v 0.402104 -2.572410 -4.690166
v 0.222665 -2.488274 -4.610620
v 0.356031 -2.489037 -4.626035
v 0.650145 -2.572832 -4.595544
v 0.461452 -2.573076 -4.970624
v 0.166304 -2.569332 -5.231314
v 0.205062 -2.571184 -4.766884
v 0.495325 -2.492866 -5.029913
v 0.318106 -2.571087 -4.803885
v 0.398238 -2.489327 -4.729748
v 0.221617 -2.488448 -4.796303
v 0.180556 -2.492204 -5.298974
v 0.648075 -2.412627 -4.595676
v 0.151340 -2.414673 -5.240465
v -0.171975 -2.414104 -5.329541
v -0.012605 -2.411540 -5.286523
v 0.177499 -2.409748 -4.737550
v 0.356794 -2.411947 -4.789172
v -0.093888 -2.410850 -5.001931
v -0.176884 -2.411342 -5.071576
v -0.117927 -2.493482 -5.051673
v -0.140746 -2.410311 -4.883029
v -0.116793 -2.493022 -4.907912
v -0.272247 -2.492965 -4.889215
v -0.287354 -2.493470 -5.044167
v -0.267751 -2.410604 -4.893108
v -0.309251 -2.410544 -5.016746
v -0.608960 -2.413223 -4.779042
v -0.551204 -2.413897 -5.247009
v -0.860484 -2.411657 -5.004919
v -0.561865 -2.492273 -5.319643
v -0.892874 -2.493021 -5.068621
v -1.122905 -2.494455 -4.682500
v -0.860236 -2.572652 -5.009058
v -0.551162 -2.571067 -5.249727
v -0.187905 -2.492019 -5.397449
v -0.605948 -2.571497 -4.778501
v -0.146443 -2.571194 -5.066468
v -0.297306 -2.570376 -5.040029
v -0.197859 -2.488333 -5.075387
v -0.282324 -2.571465 -4.908856
v -0.309519 -2.488168 -5.008575
v -0.204486 -2.487639 -4.860950
v -0.090523 -2.488137 -5.002449
v -0.161839 -2.567399 -4.880032
v -0.090342 -2.571335 -4.973918
v -0.328823 -2.572205 -4.613504
v -0.345136 -2.573616 -4.145512
v -0.624757 -2.571634 -4.655217
v -0.782515 -2.571608 -4.653244
v -0.627705 -2.488345 -4.653147
v -0.760080 -2.489113 -4.641433
v -0.811510 -2.489506 -4.774105
v -0.625021 -2.488531 -4.811283
v -0.772834 -2.571599 -4.826053
v -1.073077 -2.573917 -4.644266
v -1.101122 -2.581307 -3.779806
v -1.216777 -2.497006 -4.212787
v -1.152462 -2.500671 -3.741704
v -1.072131 -2.412465 -4.642640
v -1.101168 -2.417740 -3.775044
v -1.157255 -2.416024 -4.208811
v -0.633805 -2.412445 -4.640758
v -0.819235 -2.415749 -4.690992
v -0.722928 -2.494093 -4.625430
v -0.595517 -2.493444 -4.701121
v -0.701241 -2.494169 -4.842282
v -0.814690 -2.494700 -4.723723
v -0.734671 -2.412040 -4.825861
v -0.901913 -2.420713 -3.386526
v -0.850675 -2.418665 -3.645274
v -0.715149 -2.419539 -3.557785
v -0.749509 -2.502442 -3.558109
v -0.847255 -2.501573 -3.665101
v -0.778775 -2.499828 -3.757118
v -0.622798 -2.499738 -3.688504
v -0.766336 -2.430545 -3.271532
v -0.946880 -2.504547 -3.350101
v -0.911313 -2.585934 -3.407933
v -0.617061 -2.589184 -3.155746
v -0.261081 -2.590733 -3.059666
v -0.303650 -2.582595 -3.310021
v -0.789743 -2.578480 -3.571567
v -0.360765 -2.584036 -3.437436
v -0.629266 -2.575497 -3.632053
v -0.191254 -2.577658 -3.484010
v -0.363546 -2.498293 -3.394134
v -0.227096 -2.496289 -3.499014
v -0.143739 -2.498525 -3.372466
v -0.253864 -2.500007 -3.292527
v -0.154959 -2.582855 -3.335370
v 0.099844 -2.588876 -3.136533
v 0.285540 -2.506046 -3.169247
v -0.657862 -2.496217 -3.586938
v -0.698259 -2.576424 -3.760613
v -0.677956 -2.493953 -3.754350
v -0.842697 -2.495811 -3.702652
v -0.808281 -2.497162 -3.589038
v -0.840491 -2.579069 -3.711108
v -0.095519 -2.407459 -4.598870
v 0.252680 -2.410655 -4.596779
v 0.384783 -2.411968 -4.650259
v 0.335937 -2.494132 -4.606266
v 0.170440 -2.493277 -4.674304
v 0.272404 -2.493912 -4.802928
v 0.394539 -2.494516 -4.736028
v 0.297798 -2.419687 -3.540154
v 0.352593 -2.501997 -3.583663
v 0.226905 -2.501900 -3.542490
v -0.350671 -2.502785 -3.433397
v -0.325658 -2.504796 -3.319445
v -0.212338 -4.106946 -3.872802
v -0.214797 -2.254719 -3.816794
v -0.280924 -4.221504 -4.320710
v -0.121476 -4.221474 -4.321531
v -0.167807 -2.218893 -4.211601
v -0.191302 -2.236807 -4.014198
v -0.231638 -2.237146 -4.014308
v -0.248479 -2.219573 -4.211823
v -0.231520 -0.786743 -3.974540
v -0.247263 -0.757258 -4.175103
v -0.242041 1.753319 -4.171546
v -0.241897 -0.742515 -4.275193
v -0.229689 1.677947 -3.972342
v -0.217338 1.602576 -3.773138
v -0.232890 4.522421 -3.928079
v -0.222060 4.439911 -3.728053
v -0.224061 6.790823 -3.740120
v -0.204474 4.523548 -3.927932
v -0.198338 1.679116 -3.972355
v -0.179338 1.755656 -4.171572
v -0.193725 -0.786182 -3.974507
v -0.171672 -0.756137 -4.175037
v -0.180805 -0.741113 -4.275594
v -0.173163 -0.726091 -4.375908
v -0.186769 1.793926 -4.271426
v -0.177661 -2.209936 -4.310616
v -0.169561 -2.200979 -4.409370
v -0.120818 -2.183066 -4.606409
v -0.112336 -4.010627 -4.653650
v -0.127567 -0.696046 -4.576098
v -0.141338 1.908736 -4.570007
v -0.278749 -0.698288 -4.576230
v -0.266743 1.904061 -4.569954
v -0.180118 1.832196 -4.371076
v -0.186135 4.690823 -4.327933
v -0.192331 4.649004 -4.227956
v -0.186889 4.607185 -4.127810
v -0.197203 7.068047 -4.222153
v -0.193282 7.012602 -4.125612
v -0.208671 6.901712 -3.932866
v -0.198488 9.589442 -4.179838
v -0.212171 9.495266 -3.981406
v -0.225854 9.401091 -3.782975
v -0.214554 11.486058 -4.052097
v -0.226702 11.402287 -3.849143
v -0.228149 14.094819 -3.918184
v -0.230787 11.485413 -4.052008
v -0.231693 9.494390 -3.981468
v -0.237532 9.587690 -4.179960
v -0.232865 6.900721 -3.933025
v -0.241670 7.010619 -4.125931
v -0.243721 4.604932 -4.128105
v -0.236309 7.065568 -4.222242
v -0.238260 4.646187 -4.227961
v -0.241250 4.687443 -4.327939
v -0.237446 1.791004 -4.270992
v -0.240929 1.828690 -4.370555
v -0.246473 -0.727773 -4.375427
v -0.247797 -2.201998 -4.409084
v -0.242858 -2.210785 -4.310377
v -0.282161 -2.184424 -4.606852
v -0.286183 -4.010663 -4.654006
v -0.265382 4.769953 -4.528158
v -0.238661 7.120518 -4.318665
v -0.259278 7.230416 -4.511741
v -0.233764 9.680991 -4.378314
v -0.232384 9.634341 -4.279089
v -0.229703 11.610102 -4.356202
v -0.234872 11.568539 -4.254874
v -0.232506 14.274179 -4.329759
v -0.230328 14.184499 -4.123971
v -0.228641 16.213861 -4.214135
v -0.228668 16.110991 -4.008473
v -0.228837 17.611147 -4.089964
v -0.220740 16.214212 -4.214176
v -0.218812 14.184991 -4.124095
v -0.209474 14.275159 -4.330006
v -0.202407 11.569830 -4.255051
v -0.203464 11.611716 -4.356631
v -0.200830 9.636530 -4.279186
v -0.195899 9.683618 -4.378429
v -0.191735 7.123491 -4.318558
v -0.162502 7.234382 -4.511103
v -0.151718 4.774460 -4.527569
v -0.171123 9.777793 -4.576700
v -0.249210 9.774291 -4.576945
v -0.243042 11.734790 -4.660604
v -0.230504 11.651665 -4.457617
v -0.227344 14.363858 -4.535440
v -0.227166 14.319020 -4.432559
v -0.223476 16.368170 -4.522555
v -0.228614 16.316732 -4.419798
v -0.224833 17.960699 -4.512991
v -0.226835 17.785925 -4.301478
v -0.226069 19.004202 -4.367380
v -0.228968 18.888426 -4.159607
v -0.228058 19.401201 -4.236742
v -0.223018 19.004351 -4.367405
v -0.222017 17.786283 -4.301515
v -0.215196 17.961424 -4.513065
v -0.212812 16.317438 -4.419878
v -0.210705 16.369051 -4.522757
v -0.208550 14.320245 -4.433015
v -0.205005 14.365331 -4.535987
v -0.199018 11.653602 -4.458132
v -0.178112 11.737373 -4.660959
v -0.190799 14.455499 -4.741827
v -0.236863 14.453538 -4.741333
v -0.228560 16.522478 -4.831123
v -0.222942 16.419607 -4.625379
v -0.218714 18.135477 -4.724445
v -0.219902 18.048086 -4.618691
v -0.218227 19.177866 -4.678989
v -0.223169 19.119978 -4.575153
v -0.222027 19.598188 -4.620766
v -0.225043 19.499693 -4.428754
v -0.224017 19.995184 -4.565655
v -0.227149 19.913977 -4.313878
v -0.222438 20.638124 -4.599051
v -0.222519 19.995249 -4.565667
v -0.222768 19.499800 -4.428773
v -0.217478 19.598398 -4.620804
v -0.217067 19.120279 -4.575204
v -0.213296 19.178240 -4.679092
v -0.212113 18.048994 -4.618845
v -0.209367 18.136560 -4.724629
v -0.207616 16.420664 -4.625621
v -0.196955 16.523890 -4.831284
v -0.201555 18.311701 -4.936165
v -0.220830 18.310251 -4.936018
v -0.217370 19.351530 -4.990700
v -0.216759 19.235754 -4.782876
v -0.215793 19.696680 -4.812731
v -0.217259 19.647436 -4.716724
v -0.216290 20.117002 -4.754459
v -0.220885 20.076395 -4.666378
v -0.216460 20.940256 -4.820041
v -0.219449 20.789190 -4.709546
v -0.217889 20.076521 -4.666403
v -0.213868 20.117155 -4.754510
v -0.213582 19.647699 -4.716801
v -0.211381 19.697001 -4.812823
v -0.210840 19.236204 -4.783000
v -0.205166 19.352133 -4.990802
v -0.206898 19.795599 -5.004866
v -0.215996 19.795176 -5.004789
v -0.214622 20.238817 -5.018878
v -0.214827 20.157606 -4.842586
v -0.211608 21.091326 -4.930509
v -0.212857 21.015791 -4.875257
v -0.211921 20.157793 -4.842647
v -0.208630 20.239065 -5.018929
v -0.210482 21.242392 -5.041030
v -0.215777 -0.816229 -3.773976
v -0.114725 -4.401740 -4.791371
v -0.096600 -2.628287 -4.749189
v -0.153306 -3.813205 -4.819740
v -0.272886 -4.489532 -4.813017
v -0.090489 -9.976910 -5.122176
v -0.024130 -2.648058 -4.618261
v 0.045563 -2.643168 -4.526858
v 0.044817 -9.981815 -4.976953
v -0.326746 -2.632604 -4.735048
v -0.386142 -2.646982 -4.617392
v -0.458852 -2.662416 -4.525667
v -0.486251 -2.636443 -4.421077
v -0.327300 -10.002628 -5.104925
v -0.088018 -10.009323 -5.087187
v -0.440302 -10.006330 -4.982369
v -0.242549 -9.976965 -5.145202
v -0.503029 -10.022818 -4.631824
v -0.538467 -9.988506 -4.706617
v 0.094007 -10.010880 -4.823287
v 0.116523 -10.016241 -4.632524
v 0.109113 -2.645191 -4.354225
v -0.054738 -2.649202 -3.810134
v 0.123807 -2.670748 -4.165713
v 0.094458 -2.659878 -4.019544
v -0.385740 -2.655838 -3.812775
v -0.297786 -2.682647 -3.746259
v -0.218446 -2.659243 -3.730409
v -0.458074 -2.691688 -3.900476
v -0.404273 -10.027830 -4.300673
v -0.504299 -2.659877 -4.019544
v -0.298944 -10.005381 -4.202944
v -0.206098 -10.028065 -4.194172
v -0.110898 -10.005381 -4.202944
v -0.008665 -10.029060 -4.298018
v -0.112056 -2.682647 -3.746258
v -0.017922 -2.677239 -3.814779
v 0.048232 -2.691686 -3.900476
v 0.084672 -9.995398 -4.434776
v -0.533649 -2.670750 -4.165717
v -0.494514 -9.995398 -4.434775
v -0.520748 -2.665998 -4.357058
v -0.259500 -2.642026 -4.785500
v -0.158006 -2.649764 -4.790191
v -0.101839 -2.143800 -4.143273
v -0.095179 -2.096637 -4.657813
v -0.213664 -2.196708 -3.727562
v -0.097629 -2.143848 -4.142810
v -0.101839 -2.128524 -4.143041
v -0.095179 -2.081360 -4.657580
v -0.333955 -2.081360 -4.657349
v -0.089619 -2.071324 -4.658042
v -0.333956 -2.096637 -4.657581
v -0.326297 -2.143800 -4.143055
v -0.338228 -2.096256 -4.661327
v -0.330506 -2.143848 -4.142584
v -0.334882 -2.544307 -4.138027
v -0.213649 -2.198341 -3.711500
v -0.213637 -2.594964 -3.699148
v -0.093244 -2.544307 -4.138262
v -0.086322 -2.492313 -4.676257
v -0.342849 -2.492313 -4.676008
v -0.090914 -2.096256 -4.661568
v -0.326296 -2.128524 -4.142823
v -0.213664 -2.181431 -3.727329
v -0.329324 -2.121275 -4.135676
v -0.339516 -2.071324 -4.657799
v -0.339513 -1.901606 -4.654902
v -0.089617 -1.901606 -4.655145
v -0.101425 -1.951557 -4.133175
v -0.098797 -2.121275 -4.135900
v -0.213649 -2.177308 -3.712164
v -0.213655 -2.007590 -3.717832
v -0.326691 -1.951557 -4.132957
v 0.136859 -4.349325 -4.288155
v 0.136226 -4.356580 -4.302213
v 0.144829 -4.318994 -4.245668
v 0.131746 -4.362772 -4.314165
v 0.127617 -4.347350 -4.369044
v 0.134120 -4.358657 -4.347633
v 0.134830 -4.361336 -4.332534
v 0.071282 -4.362772 -4.310162
v 0.135541 -4.360635 -4.317198
v 0.084364 -4.318994 -4.241665
v 0.080540 -4.197163 -4.290251
v 0.076394 -4.349325 -4.284152
v 0.074365 -4.361336 -4.328531
v 0.075762 -4.356580 -4.298210
v 0.071375 -4.215919 -4.233694
v 0.131840 -4.215919 -4.237697
v 0.141005 -4.197163 -4.294254
v 0.134350 -4.190374 -4.305345
v 0.135621 -4.204927 -4.278943
v 0.073885 -4.190374 -4.301342
v 0.074548 -4.196164 -4.287472
v 0.073195 -4.187770 -4.316016
v 0.070598 -4.187160 -4.339717
v 0.075156 -4.204927 -4.274940
v 0.131063 -4.187160 -4.343720
v 0.133660 -4.187770 -4.320019
v 0.132968 -4.188456 -4.334934
v 0.132588 -4.238723 -4.401942
v 0.131684 -4.199461 -4.363206
v 0.132301 -4.192400 -4.349517
v 0.072123 -4.238723 -4.397939
v 0.071220 -4.199461 -4.359203
v 0.072733 -4.304109 -4.398937
v 0.072973 -4.352698 -4.357911
v 0.073655 -4.358657 -4.343630
v 0.067152 -4.347350 -4.365041
v 0.071162 -4.341726 -4.369399
v 0.131626 -4.341726 -4.373402
v 0.133198 -4.304109 -4.402940
v 0.133438 -4.352698 -4.361914
v 0.071836 -4.192400 -4.345514
v 0.072503 -4.188456 -4.330931
v 0.135012 -4.196164 -4.291475
v 0.075077 -4.360635 -4.313195
v 0.045753 -3.520465 -3.866944
v 0.079556 -3.514585 -3.920083
v 0.014100 -3.549886 -3.833545
v -0.036676 -3.460678 -3.884950
v 0.077697 -3.483722 -3.931142
v 0.017525 -3.620050 -3.849544
v 0.085565 -3.534455 -3.935548
v 0.081333 -3.588007 -3.944096
v 0.030408 -3.639638 -3.876352
v 0.071093 -3.621688 -3.937179
v -0.063462 -3.668701 -3.901371
v 0.007556 -3.637368 -4.007549
v 0.066079 -3.630749 -3.954612
v 0.080137 -3.584512 -3.964107
v 0.022269 -3.584136 -4.019392
v 0.034845 -3.523846 -4.030747
v 0.028432 -3.491403 -3.999956
v 0.077708 -3.559830 -4.096618
v -0.074750 -3.560068 -3.835580
v 0.142539 -3.565898 -4.053372
v 0.152429 -3.518484 -4.062302
v 0.094195 -3.538276 -3.973603
v 0.091574 -3.554325 -3.951013
v 0.085946 -3.510999 -3.952373
v 0.147385 -3.492969 -4.038086
v 0.083871 -3.467098 -4.077182
v 0.090284 -3.499541 -4.107973
v -0.090452 -3.587377 -3.835176
v 0.008145 -3.594689 -3.828294
v -0.094656 -3.611288 -3.849911
v 0.022329 -3.450414 -3.977706
v -0.133002 -3.137002 -3.658869
v -0.036928 -3.104271 -3.735170
v -0.099605 -2.512312 -3.596476
v -0.195375 -3.137002 -3.631342
v -0.195327 -3.128242 -3.772352
v -0.195327 -3.190377 -3.917507
v -0.347134 -3.104271 -3.735170
v -0.257749 -3.137002 -3.658869
v -0.291146 -2.512312 -3.596476
v -0.487795 -2.512312 -3.741874
v -0.195375 -2.512312 -3.560565
v -0.291146 -2.489963 -3.596476
v -0.195375 -2.489963 -3.560565
v -0.171571 -2.457223 -3.575041
v -0.219180 -2.457223 -3.575041
v -0.099605 -2.489963 -3.596476
v -0.195375 -2.452524 -3.571014
v -0.195375 -2.452025 -3.604980
v -0.157438 -2.452025 -3.615308
v -0.233313 -2.452025 -3.615308
v -0.195375 -2.452025 -3.657125
v -0.233313 -2.452025 -3.615308
v -0.157438 -2.452025 -3.615308
v -0.152020 -2.452025 -3.692625
v -0.157438 -2.452025 -3.615308
v -0.119478 -2.452025 -3.630937
v -0.089954 -2.452025 -3.650793
v -0.103925 -2.452524 -3.603051
v -0.086592 -2.457223 -3.612560
v -0.123686 -2.457223 -3.592996
v -0.124959 -2.452025 -3.703936
v -0.153014 -2.452025 -3.750234
v -0.018079 -2.452025 -3.703936
v 0.047670 -2.457223 -3.711831
v 0.022381 -2.452025 -3.743428
v 0.087204 -2.451672 -3.744644
v -0.007277 -2.452025 -3.779811
v 0.056599 -2.452025 -3.784869
v 0.071221 -2.452025 -3.813020
v -0.148534 -2.452025 -3.942699
v 0.097690 -2.457223 -3.775023
v -0.091054 -2.452025 -3.949035
v -0.126953 -2.452025 -3.988589
v 0.095532 -2.452025 -3.949035
v 0.101903 -2.452025 -3.989417
v 0.133434 -2.452524 -3.986977
v 0.102914 -2.452025 -4.024911
v 0.131749 -2.457223 -3.965581
v 0.135655 -2.457223 -4.005942
v -0.101366 -2.452025 -4.024911
v -0.149784 -2.452025 -4.032024
v 0.102914 -2.452025 -4.221862
v 0.095261 -2.452025 -4.266086
v 0.135546 -2.451672 -4.307658
v 0.046843 -2.452025 -4.273199
v 0.135655 -2.457223 -4.266499
v 0.095380 -2.452025 -4.323166
v 0.102914 -2.452025 -4.349075
v -0.147655 -2.452025 -4.297056
v 0.135655 -2.457223 -4.330106
v -0.083711 -2.452025 -4.349075
v -0.147696 -2.452025 -4.355027
v 0.102914 -2.452025 -4.492433
v 0.093172 -2.452025 -4.525524
v 0.132219 -2.451672 -4.566560
v 0.029187 -2.452025 -4.531476
v 0.135655 -2.457223 -4.530923
v 0.074621 -2.452025 -4.574302
v 0.059253 -2.452025 -4.607352
v -0.153847 -2.452025 -4.562261
v 0.110582 -2.457223 -4.597259
v -0.131137 -2.452025 -4.607352
v -0.152585 -2.452025 -4.620711
v -0.055853 -2.452025 -4.743902
v -0.035819 -2.470995 -4.791003
v -0.091257 -2.438253 -4.758262
v -0.068429 -2.455975 -4.799669
v -0.096928 -2.470995 -4.815789
v -0.126662 -2.452025 -4.772622
v -0.062424 -2.489963 -4.810560
v 0.140852 -2.489963 -4.569414
v -0.195375 -2.489963 -4.810560
v -0.062424 -2.512312 -4.810560
v 0.140852 -2.512312 -4.569414
v 0.140852 -2.512312 -4.311137
v 0.102522 -4.137018 -4.657532
v -0.062424 -3.184312 -4.781569
v 0.172677 -4.159971 -4.428997
v 0.179081 -4.057430 -4.340103
v 0.148807 -3.527132 -4.293568
v -0.195375 -4.159971 -4.428997
v -0.195375 -4.057430 -4.340103
v -0.195375 -4.076625 -4.200349
v -0.569831 -4.057430 -4.340103
v 0.153124 -4.076625 -4.200349
v -0.543875 -4.076625 -4.200349
v -0.563427 -4.159971 -4.428997
v -0.493273 -4.137018 -4.657532
v -0.531603 -2.512312 -4.311137
v -0.562486 -3.527132 -4.293568
v -0.531603 -2.512312 -4.569414
v -0.328327 -2.512312 -4.810560
v -0.328327 -3.184312 -4.781569
v -0.531603 -2.489963 -4.569414
v -0.531603 -2.489963 -4.311137
v -0.526406 -2.457223 -4.266499
v -0.526406 -2.457223 -4.330106
v -0.531603 -2.489963 -3.986973
v -0.526297 -2.451672 -4.307658
v -0.526406 -2.457223 -4.530923
v -0.493665 -2.452025 -4.492433
v -0.522970 -2.451672 -4.566560
v -0.483923 -2.452025 -4.525524
v -0.419938 -2.452025 -4.531476
v -0.243055 -2.452025 -4.355027
v -0.465372 -2.452025 -4.574302
v -0.307040 -2.452025 -4.349075
v -0.243096 -2.452025 -4.297056
v -0.493665 -2.452025 -4.349075
v -0.486131 -2.452025 -4.323166
v -0.437593 -2.452025 -4.273199
v -0.486012 -2.452025 -4.266086
v -0.493665 -2.452025 -4.221862
v -0.240966 -2.452025 -4.032024
v -0.289385 -2.452025 -4.024911
v -0.263798 -2.452025 -3.988589
v -0.493665 -2.452025 -4.024911
v -0.492654 -2.452025 -3.989417
v -0.486283 -2.452025 -3.949035
v -0.524185 -2.452524 -3.986977
v -0.522500 -2.457223 -3.965581
v -0.526406 -2.457223 -4.005942
v -0.299697 -2.452025 -3.949035
v -0.242217 -2.452025 -3.942699
v -0.461972 -2.452025 -3.813020
v -0.447350 -2.452025 -3.784869
v -0.477955 -2.451672 -3.744644
v -0.383474 -2.452025 -3.779811
v -0.488441 -2.457223 -3.775023
v -0.413131 -2.452025 -3.743428
v -0.372672 -2.452025 -3.703936
v -0.237737 -2.452025 -3.750234
v -0.438421 -2.457223 -3.711831
v -0.487795 -2.489963 -3.741874
v -0.304159 -2.457223 -3.612560
v -0.300796 -2.452025 -3.650793
v -0.286826 -2.452524 -3.603051
v -0.271273 -2.452025 -3.630937
v -0.233313 -2.452025 -3.615308
v -0.238731 -2.452025 -3.692625
v -0.267065 -2.457223 -3.592996
v -0.265792 -2.452025 -3.703936
v -0.195375 -2.452025 -3.744994
v -0.195375 -2.452025 -3.779811
v -0.233313 -2.452025 -3.779811
v -0.157438 -2.452025 -3.779811
v -0.157438 -2.452025 -3.905673
v -0.195375 -2.452025 -3.928759
v -0.195375 -2.452025 -3.986671
v -0.233313 -2.452025 -3.905673
v -0.195375 -2.452025 -4.049693
v -0.233313 -2.452025 -4.076248
v -0.157438 -2.452025 -4.076248
v -0.195375 -2.452025 -4.273199
v -0.157438 -2.452025 -4.273199
v -0.195375 -2.452025 -4.309131
v -0.233313 -2.452025 -4.273199
v -0.195375 -2.452025 -4.366960
v -0.233313 -2.452025 -4.388118
v -0.157438 -2.452025 -4.388118
v -0.195375 -2.452025 -4.531476
v -0.157438 -2.452025 -4.531476
v -0.195375 -2.452025 -4.565741
v -0.233313 -2.452025 -4.531476
v -0.236904 -2.452025 -4.562261
v -0.259613 -2.452025 -4.607352
v -0.238166 -2.452025 -4.620711
v -0.233313 -2.452025 -4.716802
v -0.299493 -2.438253 -4.758262
v -0.195375 -2.452025 -4.666843
v -0.334898 -2.452025 -4.743902
v -0.354932 -2.470995 -4.791003
v -0.450004 -2.452025 -4.607352
v -0.322322 -2.455975 -4.799669
v -0.293822 -2.470995 -4.815789
v -0.328327 -2.489963 -4.810560
v -0.264089 -2.452025 -4.772622
v -0.233313 -2.452025 -4.772622
v -0.214344 -2.457223 -4.805363
v -0.195375 -2.454778 -4.801961
v -0.195375 -2.452025 -4.772622
v -0.157438 -2.452025 -4.772622
v -0.176406 -2.457223 -4.805363
v -0.157438 -2.452025 -4.716802
v -0.195375 -2.512312 -4.810560
v -0.501333 -2.457223 -4.597259
v -0.195375 -2.512312 -4.849874
v -0.195375 -2.512850 -4.850259
v -0.062424 -2.609777 -4.880400
v -0.195375 -2.609777 -4.880400
v -0.328327 -2.609777 -4.880400
v -0.195375 -3.184312 -4.814279
v -0.195375 -4.119906 -4.872494
v -0.062424 -4.119906 -4.872494
v -0.328327 -4.119906 -4.872494
v -0.334272 -4.120623 -4.841154
v -0.195375 -4.120623 -4.841154
v -0.056479 -4.120623 -4.841154
v -0.195375 -4.137018 -4.657532
v -0.531603 -2.512312 -3.986973
v -0.467085 -3.190377 -3.917507
v -0.197176 -3.527132 -4.293568
v -0.195375 -3.923238 -4.079560
v 0.076430 -3.190377 -3.917507
v 0.118954 -3.923238 -4.079560
v -0.509705 -3.923238 -4.079560
v 0.140852 -2.512312 -3.986973
v 0.097044 -2.512312 -3.741874
v 0.097044 -2.489963 -3.741874
v 0.140852 -2.489963 -3.986973
v 0.140852 -2.489963 -4.311137
v -0.257894 -9.937187 -4.149860
v -0.467065 -9.928276 -4.283250
v -0.228757 -10.791180 -4.232475
v -0.073390 -9.935219 -4.180739
v -0.438055 -10.540771 -4.331058
v -0.387178 -10.785795 -4.311746
v -0.520464 -10.454128 -4.442770
v 0.092359 -10.443506 -4.414029
v -0.011188 -10.781883 -4.317263
v 0.127799 -10.564835 -4.528290
v 0.080186 -9.926361 -4.316308
v 0.176182 -9.908756 -4.583958
v 0.139912 -10.768330 -4.630085
v 0.143922 -9.887791 -4.901833
v -0.593526 -9.910702 -4.548984
v 0.154782 -10.480862 -4.678427
v 0.152633 -10.440510 -4.776180
v 0.128528 -10.728363 -4.874751
v -0.583932 -10.430813 -4.720602
v -0.565524 -10.738888 -4.845137
v -0.553261 -10.737597 -4.906775
v 0.107143 -10.742878 -4.946810
v 0.087608 -10.417946 -5.002135
v -0.540484 -10.442095 -4.965049
v -0.493075 -10.429779 -5.059635
v -0.576286 -9.885828 -4.927104
v -0.416980 -9.871103 -5.151197
v 0.013352 -9.873739 -5.114190
v -0.002733 -10.499525 -5.127233
v -0.203997 -9.866159 -5.228394
v -0.292497 -10.725763 -5.222476
v -0.091466 -10.728176 -5.195031
v -0.410641 -10.724361 -5.152514
v -0.572268 -10.524792 -4.629076
v -0.557960 -10.764431 -4.610872
v -0.534886 -10.771069 -4.528391
v -0.561843 -6.775034 -4.614707
v -0.519187 -6.721306 -4.775276
v -0.560002 -7.382431 -4.651346
v -0.204315 -6.775597 -4.596157
v -0.204315 -7.382992 -4.633603
v -0.204315 -7.419569 -4.806832
v -0.520639 -7.425167 -4.827723
v -0.472429 -6.611008 -4.885203
v -0.339711 -7.421852 -5.079823
v -0.284137 -7.451530 -5.041969
v -0.346176 -7.476345 -5.078856
v -0.491227 -8.292217 -4.945350
v -0.531307 -8.405998 -4.876331
v -0.204315 -8.405125 -4.860628
v -0.352299 -6.657259 -5.025762
v -0.204315 -6.655443 -5.045143
v -0.236119 -6.621916 -5.021197
v -0.334559 -6.640549 -4.924069
v -0.238587 -6.590702 -5.066583
v -0.204315 -6.591089 -5.058940
v -0.204315 -6.402939 -5.053885
v -0.352090 -5.819122 -4.974826
v -0.204315 -5.817625 -4.997678
v -0.490593 -5.802551 -4.792912
v -0.206497 -5.790455 -4.976593
v -0.331919 -5.796989 -4.876794
v -0.332651 -5.761471 -4.983846
v -0.204315 -5.761839 -4.986023
v -0.352005 -5.419815 -4.949885
v -0.463271 -5.378635 -4.822516
v -0.489715 -4.540056 -4.717935
v -0.236542 -5.360332 -4.991938
v -0.250302 -5.390188 -4.953997
v -0.376259 -5.407030 -4.820633
v -0.519124 -5.514809 -4.701441
v -0.522636 -4.510445 -4.629963
v -0.262806 -4.537372 -4.905715
v -0.204315 -4.543903 -4.910686
v -0.204315 -4.535296 -4.894936
v -0.367033 -4.535799 -4.782578
v -0.262274 -4.492639 -4.933797
v -0.204315 -5.210386 -4.978949
v -0.204315 -4.493365 -4.920547
v -0.204315 -4.404596 -4.923076
v -0.204315 -4.236962 -4.906147
v -0.283100 -4.235642 -4.908501
v -0.566720 -4.255129 -4.513709
v -0.204315 -4.258217 -4.490152
v -0.204315 -4.329322 -4.439046
v -0.570710 -4.328859 -4.457201
v -0.559485 -4.488584 -4.468066
v -0.204315 -4.489867 -4.450338
v -0.204315 -4.513218 -4.613799
v -0.204315 -5.514151 -4.685681
v -0.204315 -5.565678 -4.520905
v -0.558117 -5.564941 -4.538610
v -0.204315 -5.698908 -4.529505
v -0.559765 -5.697554 -4.547612
v -0.204315 -5.723194 -4.690285
v -0.521611 -5.720650 -4.705531
v -0.204315 -6.720833 -4.759391
v -0.204315 -5.368592 -4.985285
v -0.204315 -5.391438 -4.957379
v -0.204315 -5.790104 -4.976748
v -0.216760 -5.790501 -4.975870
v -0.204315 -5.790976 -4.977345
v -0.204315 -6.622896 -5.015571
v -0.204315 -6.628941 -5.029687
v -0.204315 -7.420712 -5.098183
v -0.204315 -7.450039 -5.053835
v -0.204315 -7.474751 -5.098689
v -0.204315 -7.853378 -5.131447
v -0.204315 -8.233406 -5.136986
v -0.307369 -8.232918 -5.149778
v -0.204315 -8.267103 -5.132333
v -0.204315 -8.246716 -5.119754
v -0.204315 -8.273090 -5.120609
v -0.204315 -8.274494 -5.131078
v -0.309520 -8.291348 -5.140102
v -0.204315 -8.290766 -5.147323
v -0.307243 -8.608658 -5.171634
v -0.204315 -8.467531 -5.164800
v -0.204315 -8.608829 -5.159382
v -0.204315 -8.646788 -5.144016
v -0.225215 -8.647020 -5.146565
v -0.204315 -8.652458 -5.152328
v -0.346093 -8.682762 -5.148016
v -0.522604 -8.622074 -4.897492
v -0.204315 -8.681099 -5.167153
v -0.204315 -9.492977 -5.229217
v -0.204315 -9.513340 -5.221991
v -0.373333 -9.495506 -5.179791
v -0.236416 -9.523048 -5.209329
v -0.204244 -9.551952 -5.258310
v -0.204315 -9.523830 -5.206270
v -0.355864 -9.541958 -5.093383
v -0.488047 -9.559769 -5.046979
v -0.473939 -9.841179 -5.076579
v -0.531442 -9.624247 -4.938349
v -0.204315 -9.624352 -4.921551
v -0.566581 -9.666935 -4.783213
v -0.204315 -9.667805 -4.764751
v -0.561242 -9.860622 -4.793116
v -0.204315 -9.861294 -4.775188
v -0.204315 -9.828560 -5.249780
v -0.204315 -8.620674 -4.877418
v -0.204315 -8.583073 -4.704033
v -0.204315 -8.460045 -4.694960
v -0.562987 -8.581535 -4.722528
v -0.560082 -8.458889 -4.712692
v 0.153232 -6.775034 -4.614707
v 0.110575 -6.721306 -4.775276
v 0.151390 -7.382431 -4.651346
v -0.204297 -6.775597 -4.596157
v -0.204297 -7.382992 -4.633603
v -0.204297 -7.419569 -4.806832
v 0.112028 -7.425167 -4.827723
v 0.063817 -6.611008 -4.885203
v -0.062435 -7.476345 -5.078856
v 0.082616 -8.292217 -4.945350
v -0.124474 -7.451530 -5.041969
v -0.068901 -7.421852 -5.079823
v 0.110251 -8.405998 -4.876331
v -0.056313 -6.657259 -5.025762
v -0.204297 -8.405125 -4.860628
v -0.204297 -8.460045 -4.694960
v 0.151470 -8.458889 -4.712692
v -0.204297 -8.583073 -4.704033
v 0.154375 -8.581535 -4.722528
v -0.204297 -8.620674 -4.877418
v 0.113992 -8.622074 -4.897492
v 0.122830 -9.624247 -4.938349
v 0.079435 -9.559769 -5.046980
v -0.062518 -8.682762 -5.148017
v -0.101368 -8.608658 -5.171634
v -0.183397 -8.647020 -5.146565
v -0.204297 -9.624352 -4.921551
v -0.204297 -9.667805 -4.764751
v 0.157970 -9.666935 -4.783213
v -0.204297 -9.861294 -4.775188
v 0.152630 -9.860622 -4.793116
v 0.065327 -9.841179 -5.076579
v -0.204297 -9.828560 -5.249780
v -0.204368 -9.551952 -5.258310
v -0.172196 -9.523048 -5.209329
v -0.052748 -9.541958 -5.093383
v -0.204297 -9.523830 -5.206270
v -0.204297 -9.513340 -5.221991
v -0.204297 -9.492977 -5.229217
v -0.035279 -9.495506 -5.179791
v -0.204297 -8.681099 -5.167153
v -0.204297 -8.652458 -5.152328
v -0.204297 -8.646788 -5.144016
v -0.204297 -8.608829 -5.159382
v -0.204297 -8.467531 -5.164801
v -0.204297 -8.290766 -5.147323
v -0.099092 -8.291348 -5.140102
v -0.204297 -8.274494 -5.131078
v -0.204297 -8.273090 -5.120609
v -0.204297 -8.267103 -5.132333
v -0.101243 -8.232918 -5.149778
v -0.204297 -8.246716 -5.119755
v -0.204297 -8.233406 -5.136986
v -0.204297 -7.853378 -5.131448
v -0.204297 -7.474751 -5.098689
v -0.204297 -7.450039 -5.053835
v -0.204297 -7.420712 -5.098183
v -0.204297 -6.655443 -5.045143
v -0.204297 -6.628941 -5.029688
v -0.172493 -6.621916 -5.021197
v -0.204297 -6.622896 -5.015571
v -0.074053 -6.640549 -4.924069
v -0.170025 -6.590702 -5.066583
v -0.204297 -6.591089 -5.058940
v -0.204297 -6.402939 -5.053885
v -0.204297 -5.817625 -4.997678
v -0.056522 -5.819122 -4.974826
v -0.202114 -5.790455 -4.976593
v 0.081981 -5.802551 -4.792912
v -0.076693 -5.796989 -4.876794
v -0.075961 -5.761471 -4.983846
v -0.056607 -5.419815 -4.949885
v -0.204297 -5.761839 -4.986023
v 0.054659 -5.378635 -4.822516
v -0.172070 -5.360332 -4.991938
v -0.158310 -5.390188 -4.953997
v -0.032353 -5.407030 -4.820633
v 0.081103 -4.540056 -4.717935
v 0.110512 -5.514809 -4.701441
v 0.114024 -4.510445 -4.629963
v -0.145805 -4.537372 -4.905715
v -0.204297 -4.535296 -4.894936
v -0.204297 -4.543903 -4.910686
v -0.041579 -4.535799 -4.782578
v -0.146338 -4.492639 -4.933797
v -0.204297 -4.493365 -4.920547
v -0.204297 -5.210386 -4.978950
v -0.204297 -5.368592 -4.985286
v -0.204297 -5.391438 -4.957379
v -0.204297 -4.404596 -4.923076
v -0.204297 -4.236962 -4.906147
v -0.125511 -4.235642 -4.908502
v 0.158109 -4.255129 -4.513709
v -0.204297 -4.258217 -4.490152
v -0.204297 -4.329322 -4.439046
v 0.149654 -4.328859 -4.457201
v 0.150873 -4.488584 -4.468066
v -0.204297 -4.489867 -4.450338
v -0.204297 -4.513218 -4.613799
v -0.204297 -5.514151 -4.685681
v -0.204297 -5.565678 -4.520905
v 0.149505 -5.564941 -4.538610
v -0.204297 -5.698908 -4.529505
v 0.151153 -5.697554 -4.547612
v -0.204297 -5.723194 -4.690285
v 0.113000 -5.720650 -4.705531
v -0.204297 -6.720833 -4.759391
v -0.204297 -5.790104 -4.976748
v -0.204297 -5.790501 -4.975870
v -0.204297 -5.790976 -4.977345
v -0.223201 -9.625698 -4.057013
v -0.500681 -9.582897 -4.253579
v -0.250753 -9.590437 -4.105753
v -0.187591 -9.900469 -4.074331
v 0.009583 -9.620689 -4.151282
v -0.123471 -9.592022 -4.118162
v -0.361394 -9.593605 -4.214411
v -0.492681 -9.888287 -4.270357
v -0.580206 -9.869301 -4.547333
v -0.543851 -9.655428 -4.365575
v 0.097690 -9.887236 -4.300391
v 0.159414 -9.866394 -4.583946
v 0.139569 -9.633312 -4.387085
v 0.102545 -8.687216 -4.251158
v 0.163229 -9.674898 -4.575325
v 0.127850 -8.649624 -4.332804
v 0.009120 -9.557919 -4.148505
v -0.029024 -9.575096 -4.234657
v -0.534074 -8.647869 -4.299825
v -0.581626 -8.593769 -4.475032
v -0.493056 -8.736059 -4.209743
v -0.532380 -8.437860 -4.287191
v -0.536044 -7.456257 -4.224090
v 0.126125 -8.432749 -4.319860
v -0.579589 -8.469259 -4.468578
v -0.485261 -8.342648 -4.171220
v -0.198309 -8.361097 -3.996880
v -0.363079 -8.689859 -4.062562
v -0.296722 -8.331539 -4.077709
v -0.347956 -8.310284 -4.030674
v -0.403038 -7.554714 -4.027225
v -0.228780 -7.525635 -3.995277
v -0.135554 -7.557329 -3.955737
v 0.094832 -7.536926 -4.164844
v -0.127829 -8.311945 -4.003257
v -0.089934 -7.522678 -4.041159
v -0.046414 -7.498024 -3.988642
v -0.022085 -6.737644 -3.957760
v -0.350618 -7.495903 -3.984685
v 0.128918 -6.737900 -4.214657
v -0.244211 -6.739223 -3.905289
v -0.185461 -6.698723 -3.939934
v -0.488270 -6.692835 -4.080365
v -0.271137 -6.669724 -3.906338
v -0.503979 -5.862152 -4.053300
v -0.534418 -6.753073 -4.190436
v -0.578661 -6.782137 -4.368321
v -0.537888 -5.752811 -4.137485
v -0.578096 -7.394337 -4.403256
v 0.130148 -5.780924 -4.157354
v 0.155230 -6.780043 -4.406814
v 0.159241 -7.389198 -4.440018
v 0.126925 -7.447088 -4.264312
v 0.107524 -8.304157 -4.239167
v 0.013112 -8.355530 -4.092961
v -0.036548 -8.326260 -4.159608
v -0.154026 -8.333710 -4.045867
v -0.127842 -8.692381 -4.026681
v -0.258076 -8.724886 -4.071251
v -0.101577 -8.719704 -4.098736
v -0.259601 -8.757038 -4.026655
v -0.016701 -8.753839 -4.084835
v -0.223202 -9.565144 -4.054591
v -0.362412 -8.707497 -4.181092
v 0.154956 -5.707079 -4.341730
v 0.097699 -5.512859 -4.052097
v -0.131216 -5.831303 -3.843405
v -0.029209 -5.880152 -3.903923
v -0.102581 -5.851568 -3.927675
v -0.016927 -6.665230 -3.961153
v 0.125817 -5.540880 -4.148613
v 0.155878 -5.573259 -4.332821
v 0.131237 -4.555546 -4.077727
v -0.536572 -5.539946 -4.108084
v -0.581064 -5.576008 -4.296035
v -0.580218 -5.708601 -4.304210
v -0.218304 -5.522474 -3.870006
v -0.391193 -5.554989 -3.898464
v -0.498277 -4.559203 -3.959951
v -0.538451 -4.544662 -4.055096
v -0.367942 -5.492270 -3.870807
v -0.407343 -5.825069 -3.929002
v -0.259414 -5.853024 -3.899903
v -0.155189 -5.558462 -3.829439
v -0.364024 -5.851923 -4.011283
v -0.078884 -5.521275 -3.933074
v -0.118417 -5.494278 -3.834944
v -0.039622 -4.624032 -3.816283
v -0.328643 -4.624795 -3.786644
v -0.258795 -4.595146 -3.817949
v -0.361416 -4.576006 -3.921089
v -0.268608 -4.563140 -3.771403
v -0.014830 -4.558515 -3.828105
v -0.313434 -4.030058 -3.748636
v -0.035414 -4.028006 -3.789152
v -0.102761 -4.590280 -3.845508
v 0.114742 -4.026754 -4.002724
v 0.142017 -4.152440 -4.137648
v -0.518169 -4.029832 -3.969670
v 0.149376 -4.307211 -4.173152
v -0.557621 -4.152099 -4.102059
v -0.567289 -4.309231 -4.136748
v -0.579738 -4.359109 -4.214906
v -0.581968 -4.498343 -4.224194
v 0.154808 -4.356361 -4.251512
v 0.156871 -4.496755 -4.261780
v -0.244387 -5.882734 -3.852861
v -0.075959 -6.700182 -4.010574
v 0.156771 -8.466770 -4.505450
v 0.158907 -8.592012 -4.512783
v -0.584780 -9.677402 -4.537249
v 0.132853 -7.697037 -4.515799
v 0.085395 -7.678268 -4.482205
v 0.130800 -7.625410 -4.483103
v 0.133256 -7.631018 -4.654621
v 0.085253 -7.670160 -4.679130
v 0.082772 -6.530893 -4.613361
v 0.110555 -7.627670 -4.679426
v 0.133306 -7.569553 -4.678984
v 0.131323 -6.628811 -4.622498
v 0.130276 -6.734528 -4.424795
v 0.102562 -6.544525 -4.418139
v 0.130485 -6.541752 -4.455945
v 0.131031 -6.574049 -4.591232
v 0.082932 -6.544870 -4.416624
v 0.108243 -6.572010 -4.617256
v -0.487601 -7.679094 -4.462973
v -0.490028 -6.545687 -4.397404
v -0.484187 -7.670959 -4.660178
v -0.512876 -7.679188 -4.463050
v -0.540885 -7.624166 -4.459090
v -0.539945 -7.675264 -4.490191
v -0.536932 -7.653900 -4.607621
v -0.499319 -7.652756 -4.649869
v -0.537048 -7.566912 -4.643887
v -0.539011 -6.590712 -4.592974
v -0.511940 -6.533661 -4.591828
v -0.539718 -6.535841 -4.562147
v -0.543277 -6.544054 -4.410544
v -0.543558 -6.579882 -4.395555
v -0.524480 -6.545300 -4.394644
v -0.486631 -6.531698 -4.594421
v -0.605049 -9.786007 -4.469224
v -0.605024 -9.791058 -4.469073
v -0.613788 -9.788868 -4.492388
v -0.605210 -9.776495 -4.472107
v -0.600495 -9.776653 -4.468295
v -0.605004 -9.782997 -4.459645
v -0.605177 -9.805111 -4.473751
v -0.605089 -9.800802 -4.471381
v -0.605037 -9.796062 -4.469801
v -0.605297 -9.808830 -4.476821
v -0.606121 -9.825399 -4.483667
v -0.606198 -9.814518 -4.497869
v -0.607487 -9.808868 -4.517980
v -0.210154 -9.801346 -4.478813
v -0.606376 -9.811943 -4.501713
v -0.606002 -9.814386 -4.493380
v -0.605805 -9.815105 -4.488941
v -0.605447 -9.811806 -4.480472
v -0.605618 -9.813925 -4.484564
v -0.212825 -9.798229 -4.544730
v -0.607904 -9.772469 -4.521061
v 0.181836 -9.763195 -4.559639
v 0.182038 -9.806000 -4.559529
v 0.183737 -9.823582 -4.525630
v -0.212547 -9.755110 -4.525708
v 0.183900 -9.758286 -4.517215
v -0.606522 -9.755810 -4.485980
v -0.605340 -9.772404 -4.474729
v -0.605496 -9.768970 -4.478013
v -0.605869 -9.765480 -4.486253
v -0.606059 -9.764723 -4.490529
v -0.606429 -9.766052 -4.499079
v -0.606594 -9.768093 -4.503024
v -0.606737 -9.770969 -4.506544
v -0.602493 -9.778244 -4.513961
v -0.606852 -9.802608 -4.511801
v -0.606917 -9.797709 -4.512880
v -0.606977 -9.792965 -4.513867
v -0.607038 -9.788040 -4.514836
v -0.606988 -9.783278 -4.513311
v -0.606854 -9.774542 -4.509503
v -0.601655 -9.819033 -4.497833
v -0.606546 -9.809385 -4.505395
v -0.606697 -9.806086 -4.508560
v 0.184381 -9.787443 -4.501306
v 0.182641 -9.762730 -4.531848
v 0.183028 -9.764347 -4.523152
v 0.183204 -9.766987 -4.519332
v 0.183360 -9.770420 -4.516049
v 0.183490 -9.774509 -4.513427
v 0.182452 -9.762928 -4.536179
v 0.182271 -9.764069 -4.540399
v 0.190346 -9.786949 -4.534767
v 0.181698 -9.786114 -4.555333
v 0.183651 -9.784023 -4.510544
v 0.183402 -9.806845 -4.518140
v 0.181963 -9.768982 -4.547864
v 0.182135 -9.808146 -4.547216
v 0.182106 -9.766109 -4.544344
v 0.183555 -9.779404 -4.512349
v 0.181878 -9.800152 -4.552407
v 0.182003 -9.804094 -4.549880
v 0.181762 -9.776716 -4.553108
v 0.183523 -9.803137 -4.515070
v 0.182699 -9.813322 -4.534753
v 0.183254 -9.809822 -4.521791
v 0.182895 -9.813122 -4.530261
v 0.177359 -9.806305 -4.553393
v 0.179183 -9.795309 -4.510180
v 0.183676 -9.789072 -4.510393
v 0.178371 -9.758085 -4.526154
v 0.183611 -9.798813 -4.512701
v 0.183663 -9.794069 -4.511121
v 0.181712 -9.781296 -4.554631
v 0.181783 -9.795732 -4.554199
v 0.181723 -9.790981 -4.555187
v -0.552470 -2.936172 -3.968077
v -0.552457 -2.941278 -3.968085
v -0.552523 -2.931203 -3.968943
v -0.548480 -2.930265 -3.968280
v -0.553075 -2.916290 -3.980024
v -0.552485 -2.946321 -3.968967
v -0.549169 -2.970713 -3.986316
v -0.550391 -2.923624 -4.012684
v -0.552895 -2.918962 -3.976299
v -0.552614 -2.926566 -3.970651
v -0.552768 -2.923053 -3.973771
v -0.560433 -2.939355 -3.991849
v -0.554541 -2.938249 -4.012827
v -0.552795 -2.959216 -3.976365
v -0.554214 -2.920950 -4.004827
v -0.554390 -2.952431 -4.010347
v -0.554478 -2.947958 -4.011998
v -0.554268 -2.956413 -4.007947
v -0.554117 -2.959758 -4.004891
v -0.553944 -2.962331 -4.001295
v -0.555586 -2.948514 -4.024319
v -0.553724 -2.974081 -3.983982
v -0.552501 -2.946069 -3.960123
v -0.201084 -2.953184 -3.976737
v -0.203304 -2.965417 -4.031358
v 0.147006 -2.943552 -4.058520
v 0.148835 -2.970666 -4.037826
v 0.150228 -2.957168 -3.998558
v 0.147700 -2.950294 -4.045401
v 0.147612 -2.945819 -4.047049
v 0.148741 -2.963411 -4.023707
v 0.148533 -2.963606 -4.028195
v 0.148942 -2.962219 -4.019304
v 0.149129 -2.960079 -4.015156
v 0.145550 -2.950553 -4.004944
v 0.143507 -2.950220 -4.049335
v 0.149632 -2.939140 -4.003135
v 0.149432 -2.953331 -4.008244
v 0.145120 -2.910474 -4.012156
v 0.149294 -2.957080 -4.011422
v 0.149604 -2.944185 -4.004019
v 0.155441 -2.937124 -4.027113
v 0.147876 -2.918813 -4.039868
v 0.149567 -2.929065 -4.003989
v 0.147510 -2.936059 -4.048694
v 0.147949 -2.958369 -4.040470
v 0.147821 -2.954277 -4.043002
v 0.148145 -2.960195 -4.036351
v 0.148335 -2.961902 -4.032356
v 0.147575 -2.931248 -4.047019
v 0.147641 -2.926626 -4.045352
v 0.149476 -2.924427 -4.005695
v 0.149582 -2.934164 -4.003943
v 0.149350 -2.920293 -4.008177
v 0.149194 -2.916824 -4.011341
v 0.148999 -2.914993 -4.015453
v 0.148818 -2.912382 -4.019204
v 0.148653 -2.901353 -4.033024
v 0.150235 -2.918069 -3.999621
v -0.202881 -2.895679 -4.015666
v -0.552832 -2.912097 -3.968236
v -0.554586 -2.908031 -4.002316
v 0.148410 -2.912707 -4.028013
v 0.148216 -2.913856 -4.032259
v 0.148036 -2.915918 -4.036263
v -0.553754 -2.964035 -3.997298
v -0.553556 -2.965740 -3.993137
v -0.553349 -2.965545 -3.988649
v -0.552961 -2.962213 -3.980098
v -0.554529 -2.943170 -4.012835
v -0.554054 -2.918056 -4.001223
v -0.554448 -2.928762 -4.010309
v -0.554514 -2.933387 -4.011974
v -0.553874 -2.915994 -3.997220
v -0.553680 -2.914846 -3.992973
v -0.552657 -2.955466 -3.973188
v -0.552553 -2.951112 -3.970690
v -0.557549 -3.986772 -4.169028
v -0.553019 -3.997049 -4.165013
v -0.557558 -3.991853 -4.168939
v -0.557644 -3.982630 -4.171545
v -0.557535 -3.996815 -4.168073
v -0.557045 -3.983138 -4.159950
v -0.558663 -3.962056 -4.179770
v -0.176708 -3.962455 -4.196148
v -0.176139 -4.017068 -4.181450
v -0.557635 -4.013798 -4.164741
v -0.559575 -4.032091 -4.203220
v -0.557584 -4.001856 -4.168934
v -0.557668 -4.006643 -4.170654
v -0.558092 -4.017774 -4.180162
v -0.557783 -4.011001 -4.173168
v -0.557927 -4.014760 -4.176378
v -0.566130 -3.994653 -4.191793
v -0.559293 -4.012765 -4.209247
v -0.559055 -3.976747 -4.205718
v -0.559467 -3.993997 -4.214564
v -0.557708 -3.978042 -4.173375
v -0.559358 -4.008178 -4.211081
v -0.559443 -3.998956 -4.213695
v -0.558654 -4.021364 -4.193429
v -0.559141 -4.015460 -4.205459
v -0.558828 -4.019687 -4.197684
v -0.558994 -4.018007 -4.201772
v -0.558537 -3.970588 -4.193679
v -0.558720 -3.971759 -4.198001
v -0.558161 -3.970214 -4.184695
v -0.558352 -3.970375 -4.189266
v -0.559193 -3.980370 -4.208817
v -0.559305 -3.984573 -4.211242
v -0.559386 -3.989189 -4.212900
v -0.554699 -3.974376 -4.206238
v -0.559790 -3.992646 -4.223356
v -0.555028 -4.010271 -4.212477
v -0.559452 -4.004039 -4.213603
v -0.559440 -3.967189 -4.209057
v -0.179671 -4.000823 -4.246497
v 0.203396 -3.965563 -4.245247
v 0.201703 -4.011045 -4.265262
v 0.203825 -4.029423 -4.243526
v 0.204769 -4.023952 -4.207483
v 0.202413 -3.991935 -4.253610
v 0.202366 -3.996795 -4.254440
v 0.202355 -4.001704 -4.254407
v 0.202409 -4.011404 -4.252532
v 0.210898 -3.997591 -4.233638
v 0.202786 -4.021596 -4.242877
v 0.197765 -4.011028 -4.254702
v 0.199442 -3.970486 -4.221426
v 0.199834 -4.009922 -4.209570
v 0.203336 -4.023892 -4.229568
v 0.203150 -4.023180 -4.234067
v 0.202494 -3.987320 -4.251950
v 0.202904 -3.976583 -4.242772
v 0.203079 -3.974504 -4.238706
v 0.203262 -3.973336 -4.234383
v 0.203447 -3.973120 -4.229970
v 0.203811 -3.974700 -4.221157
v 0.203963 -3.977345 -4.217335
v 0.204522 -3.976341 -4.204506
v 0.204275 -3.994469 -4.208810
v 0.204155 -3.985374 -4.212248
v 0.204090 -3.980787 -4.214077
v 0.204229 -3.999511 -4.209614
v 0.204215 -4.004602 -4.209641
v 0.204015 -4.013747 -4.213877
v 0.203872 -4.017508 -4.217089
v 0.203707 -4.020519 -4.220874
v 0.203525 -4.022678 -4.225088
v -0.577325 -4.413263 -4.118572
v -0.577303 -4.418333 -4.118440
v -0.585701 -4.421495 -4.141390
v -0.577451 -4.409118 -4.121083
v -0.573002 -4.405384 -4.117482
v -0.577723 -4.402353 -4.114322
v -0.578831 -4.385864 -4.141215
v -0.201441 -4.408273 -4.124987
v -0.577328 -4.441217 -4.112615
v -0.577548 -4.404539 -4.122922
v -0.577248 -4.423284 -4.117546
v -0.577705 -4.401088 -4.126154
v -0.577884 -4.398437 -4.129933
v -0.578078 -4.396676 -4.134116
v -0.578475 -4.397012 -4.142943
v -0.578836 -4.400209 -4.151159
v -0.575123 -4.417765 -4.164870
v -0.578993 -4.438383 -4.157266
v -0.579148 -4.434886 -4.160457
v -0.579265 -4.425207 -4.162382
v -0.579284 -4.420309 -4.162455
v -0.579264 -4.415468 -4.161680
v -0.579206 -4.410872 -4.160088
v -0.579113 -4.406695 -4.157740
v -0.578988 -4.403091 -4.154724
v -0.573672 -4.449564 -4.135314
v -0.578842 -4.441703 -4.154148
v -0.578670 -4.444261 -4.150502
v -0.579477 -4.434921 -4.170601
v -0.579075 -4.455762 -4.146312
v -0.204083 -4.457752 -4.164450
v -0.578085 -4.447444 -4.137773
v -0.578287 -4.446716 -4.142202
v -0.578482 -4.445955 -4.146469
v -0.577891 -4.446258 -4.133378
v -0.577711 -4.444124 -4.129253
v -0.577554 -4.441135 -4.125557
v -0.577424 -4.437404 -4.122433
v -0.577268 -4.428302 -4.118348
v 0.172253 -4.447719 -4.161349
v 0.170813 -4.451599 -4.195320
v -0.205269 -4.407482 -4.190457
v -0.580049 -4.404418 -4.166839
v 0.171006 -4.384991 -4.188566
v 0.169579 -4.416868 -4.210218
v 0.170004 -4.427917 -4.199926
v 0.169948 -4.423158 -4.200844
v 0.169929 -4.418258 -4.200916
v 0.169949 -4.413419 -4.200141
v 0.170007 -4.408821 -4.198548
v 0.170100 -4.404643 -4.196199
v 0.178189 -4.418842 -4.180402
v 0.170225 -4.401044 -4.193184
v 0.166097 -4.394924 -4.188978
v 0.165699 -4.434212 -4.200590
v 0.171315 -4.397223 -4.168769
v 0.171128 -4.395527 -4.172801
v 0.170933 -4.394768 -4.177067
v 0.170738 -4.394958 -4.181402
v 0.167854 -4.427612 -4.153452
v 0.170926 -4.445597 -4.180734
v 0.171665 -4.402484 -4.161381
v 0.171793 -4.406597 -4.158822
v 0.171888 -4.411214 -4.157033
v 0.171910 -4.416280 -4.156902
v 0.171966 -4.421228 -4.156007
v 0.171885 -4.431017 -4.158462
v 0.171789 -4.435356 -4.160896
v 0.171660 -4.439088 -4.164021
v 0.171502 -4.442077 -4.167717
v 0.171128 -4.445394 -4.176237
v 0.171945 -4.426250 -4.156811
v 0.172043 -4.422431 -4.147270
v 0.172466 -4.397171 -4.154925
v 0.171508 -4.399038 -4.164613
v 0.170723 -4.444805 -4.185159
v 0.170543 -4.442213 -4.188967
v 0.170350 -4.440396 -4.193125
v 0.170096 -4.432368 -4.198200
v -0.573141 -4.383316 -4.529526
v -0.573201 -4.378377 -4.530494
v -0.573122 -4.388389 -4.529438
v -0.569084 -4.374095 -4.530826
v -0.573331 -4.374243 -4.533028
v -0.573169 -4.381298 -4.519954
v -0.574718 -4.352933 -4.546358
v -0.573720 -4.414806 -4.534073
v -0.210437 -4.388470 -4.536521
v -0.573431 -4.369668 -4.534888
v -0.573144 -4.393409 -4.530231
v -0.573207 -4.398176 -4.531878
v -0.569348 -4.413806 -4.539978
v -0.571256 -4.374927 -4.576695
v -0.573994 -4.412567 -4.549704
v -0.574203 -4.411846 -4.554158
v -0.574405 -4.411094 -4.558446
v -0.574599 -4.409405 -4.562504
v -0.573442 -4.406245 -4.537445
v -0.573307 -4.402507 -4.534314
v -0.581324 -4.386635 -4.553733
v -0.575054 -4.371883 -4.569875
v -0.575192 -4.395452 -4.574344
v -0.574766 -4.365392 -4.563280
v -0.574924 -4.368281 -4.566854
v -0.573593 -4.366231 -4.538145
v -0.574586 -4.363338 -4.559287
v -0.573778 -4.363586 -4.541951
v -0.573987 -4.362739 -4.546385
v -0.574189 -4.361053 -4.550609
v -0.574391 -4.362186 -4.555031
v -0.575214 -4.390386 -4.574491
v -0.575062 -4.399586 -4.571809
v -0.574934 -4.403541 -4.569316
v -0.574996 -4.420847 -4.558901
v -0.576539 -4.380983 -4.586284
v -0.212287 -4.420469 -4.581418
v -0.213599 -4.356718 -4.596184
v -0.575232 -4.385494 -4.574577
v -0.575211 -4.380659 -4.573812
v 0.148923 -4.377541 -4.621057
v 0.150484 -4.349166 -4.588993
v 0.151726 -4.365141 -4.562917
v 0.150523 -4.361477 -4.578435
v 0.150314 -4.360631 -4.582869
v 0.150112 -4.358943 -4.587093
v 0.149377 -4.366171 -4.603340
v 0.149535 -4.363286 -4.599765
v 0.149910 -4.360076 -4.591515
v 0.147053 -4.369878 -4.565517
v 0.157118 -4.384065 -4.589840
v 0.144815 -4.381586 -4.613039
v 0.149145 -4.393039 -4.610044
v 0.149367 -4.401437 -4.605805
v 0.149247 -4.369775 -4.606361
v 0.145993 -4.413681 -4.590092
v 0.149239 -4.397481 -4.608297
v 0.149049 -4.388412 -4.611802
v 0.149150 -4.373958 -4.608711
v 0.149090 -4.378551 -4.610299
v 0.149068 -4.383386 -4.611064
v 0.149501 -4.405498 -4.603176
v 0.149702 -4.407299 -4.598993
v 0.150180 -4.417888 -4.601999
v 0.151908 -4.402191 -4.560266
v 0.150509 -4.409269 -4.581779
v 0.149888 -4.409889 -4.595160
v 0.150695 -4.407135 -4.577640
v 0.150859 -4.404136 -4.573933
v 0.150994 -4.400400 -4.570801
v 0.151157 -4.391300 -4.566718
v 0.151100 -4.376275 -4.566979
v 0.150970 -4.372136 -4.569512
v 0.150870 -4.367561 -4.571373
v 0.150686 -4.364866 -4.575143
v -0.572837 -9.759144 -4.816901
v -0.572920 -9.754175 -4.817608
v -0.572775 -9.764200 -4.817075
v -0.568437 -9.760231 -4.814391
v -0.573034 -9.749899 -4.819911
v -0.572859 -9.778112 -4.810612
v -0.573661 -9.738995 -4.815984
v -0.199589 -9.732706 -4.821939
v -0.574450 -9.727718 -4.835260
v -0.573391 -9.738701 -4.828225
v -0.573266 -9.742296 -4.825129
v -0.573136 -9.745226 -4.821524
v -0.580668 -9.760622 -4.841002
v -0.572735 -9.777925 -4.822648
v -0.574019 -9.745129 -4.856380
v -0.574018 -9.753603 -4.860742
v -0.573757 -9.772982 -4.860476
v -0.572834 -9.784174 -4.829788
v -0.573632 -9.776659 -4.857464
v -0.573386 -9.782934 -4.851003
v -0.573256 -9.785755 -4.847331
v -0.573141 -9.785908 -4.842841
v -0.573017 -9.786917 -4.838455
v -0.572916 -9.786026 -4.834010
v -0.573924 -9.739107 -4.849496
v -0.573983 -9.741745 -4.853195
v -0.573646 -9.735620 -4.836691
v -0.573844 -9.737320 -4.845426
v -0.573748 -9.736458 -4.841141
v -0.569814 -9.748339 -4.861063
v -0.573921 -9.763233 -4.861920
v -0.573981 -9.758360 -4.861753
v -0.569119 -9.784702 -4.853108
v -0.574361 -9.737255 -4.863228
v -0.574505 -9.777357 -4.869503
v -0.199833 -9.754114 -4.885433
v -0.573697 -9.794807 -4.840730
v -0.198957 -9.788755 -4.836262
v 0.175100 -9.783438 -4.874666
v 0.175560 -9.771145 -4.834417
v 0.174643 -9.776278 -4.855959
v 0.175020 -9.734669 -4.834522
v 0.174726 -9.774437 -4.851738
v 0.174824 -9.768185 -4.844598
v 0.174837 -9.764032 -4.841954
v 0.174823 -9.759392 -4.840072
v 0.174785 -9.754459 -4.839025
v 0.170568 -9.774233 -4.846637
v 0.170071 -9.730656 -4.842453
v 0.174723 -9.749405 -4.838851
v 0.181343 -9.750486 -4.862869
v 0.174640 -9.744436 -4.839558
v 0.174538 -9.739727 -4.841118
v 0.174298 -9.731850 -4.846531
v 0.174043 -9.727833 -4.854533
v 0.174211 -9.715115 -4.867473
v 0.173403 -9.755297 -4.894481
v 0.173540 -9.735382 -4.878330
v 0.173528 -9.739386 -4.880878
v 0.173576 -9.732004 -4.875145
v 0.173715 -9.727579 -4.867376
v 0.173812 -9.726719 -4.863091
v 0.173923 -9.726803 -4.858754
v 0.169268 -9.752954 -4.887037
v 0.173541 -9.743864 -4.882692
v 0.173556 -9.748514 -4.884521
v 0.173918 -9.767492 -4.880071
v 0.174048 -9.770422 -4.876466
v 0.174173 -9.773195 -4.872953
v 0.173816 -9.762817 -4.881683
v 0.173701 -9.758533 -4.883986
v 0.174303 -9.776014 -4.869280
v 0.174428 -9.777086 -4.864902
v 0.174543 -9.777178 -4.860404
v 0.173638 -9.753492 -4.883870
v -0.572723 -9.773779 -4.820004
v -0.572736 -9.769138 -4.818122
v -0.118972 -4.274750 -4.288419
v -0.119539 -4.292648 -4.288279
v -0.119265 -4.302301 -4.371370
v -0.118876 -4.259956 -4.297015
v -0.120312 -4.246969 -4.282967
v -0.120816 -4.215717 -4.373394
v -0.128981 -4.287347 -4.451016
v -0.119976 -4.310179 -4.285438
v -0.128155 -4.401596 -4.348732
v -0.120680 -4.327828 -4.288592
v -0.118627 -4.243669 -4.303212
v -0.118992 -4.221651 -4.327569
v -0.118722 -4.231272 -4.314399
v -0.119428 -4.215145 -4.342218
v -0.122359 -4.359653 -4.303591
v -0.123269 -4.372602 -4.314858
v -0.124180 -4.382887 -4.328093
v -0.125058 -4.390127 -4.342788
v -0.121097 -4.373796 -4.269278
v -0.125867 -4.394008 -4.358375
v -0.126460 -4.391127 -4.373963
v -0.127024 -4.388145 -4.388973
v -0.127445 -4.381889 -4.403101
v -0.127706 -4.372608 -4.415805
v -0.127798 -4.360676 -4.426597
v -0.129509 -4.347530 -4.473405
v -0.127881 -4.348120 -4.437635
v -0.127054 -4.313829 -4.443807
v -0.126498 -4.296547 -4.443751
v -0.125819 -4.279521 -4.440708
v -0.125043 -4.263418 -4.434793
v -0.124200 -4.248846 -4.426237
v -0.123322 -4.236341 -4.415363
v -0.122443 -4.226419 -4.402597
v -0.125036 -4.240187 -4.458340
v -0.127782 -4.422766 -4.389210
v -0.342326 -4.423450 -4.357074
v -0.340562 -4.244272 -4.445609
v -0.549464 -4.159979 -4.341098
v -0.556158 -4.270940 -4.419701
v -0.119037 -4.176510 -4.366682
v -0.116746 -4.236565 -4.272864
v -0.331133 -4.251627 -4.214362
v -0.545677 -4.205303 -4.223168
v -0.546956 -4.294970 -4.197988
v -0.552469 -4.383196 -4.249102
v -0.558158 -4.394506 -4.369226
v -0.554936 -4.374359 -4.317496
v -0.555521 -4.371257 -4.333065
v -0.554225 -4.373960 -4.301614
v -0.546291 -4.312866 -4.221144
v -0.554236 -4.332865 -4.387949
v -0.555412 -4.293787 -4.387035
v -0.556074 -4.326466 -4.378294
v -0.547908 -4.195061 -4.344450
v -0.554176 -4.259480 -4.383932
v -0.556228 -4.355145 -4.360896
v -0.555803 -4.361841 -4.346337
v -0.554855 -4.276495 -4.386978
v -0.555913 -4.279887 -4.312732
v -0.552557 -4.228788 -4.369457
v -0.550716 -4.339611 -4.246825
v -0.548333 -4.290112 -4.228665
v -0.547078 -4.211220 -4.257617
v -0.546983 -4.223606 -4.246432
v -0.547503 -4.204526 -4.272169
v -0.547924 -4.198262 -4.286291
v -0.548488 -4.195286 -4.301298
v -0.549173 -4.195652 -4.316611
v -0.551679 -4.216301 -4.358584
v -0.547068 -4.238294 -4.237662
v -0.547329 -4.254711 -4.231643
v -0.547896 -4.272593 -4.231505
v -0.549037 -4.307774 -4.231822
v -0.549842 -4.324476 -4.237954
v -0.551627 -4.352566 -4.258094
v -0.552538 -4.362849 -4.271330
v -0.553400 -4.243365 -4.378016
v -0.555823 -4.310644 -4.384103
vn -0.9990 -0.0076 0.0443
vn -0.0072 -0.0369 0.9993
vn 0.0457 -0.0442 0.9980
vn -0.1177 -0.9914 0.0575
vn -0.9998 -0.0103 0.0194
vn -0.0159 0.1677 0.9857
vn 0.9996 0.0080 0.0269
vn 0.9995 0.0045 0.0308
vn 0.9997 0.0056 0.0239
vn 0.1333 -0.9549 -0.2654
vn -0.1274 -0.0025 -0.9918
vn -0.0148 0.0166 -0.9998
vn 0.0578 -0.5185 -0.8531
vn 0.9984 0.0195 -0.0534
vn 0.2026 -0.2103 -0.9564
vn -0.9911 0.0113 0.1328
vn -0.0019 -0.2898 -0.9571
vn -0.9989 -0.0103 0.0449
vn -0.9990 -0.0116 0.0432
vn -0.9999 -0.0032 0.0146
vn 0.0149 0.1302 -0.9914
vn 0.0080 0.8283 -0.5602
vn 0.0196 0.1370 -0.9904
vn 0.0161 -0.2667 -0.9637
vn 0.9990 -0.0215 -0.0398
vn 0.0037 0.8259 -0.5638
vn 0.9991 -0.0154 0.0407
vn -0.0119 0.1668 0.9859
vn 0.2322 -0.3277 -0.9158
vn -0.2086 0.5255 0.8248
vn 0.0038 1.0000 0.0049
vn 0.1478 0.7166 0.6817
vn -0.1921 0.4348 0.8798
vn -0.0601 0.9982 0.0085
vn -0.0059 1.0000 0.0003
vn -0.2075 -0.2885 -0.9347
vn -0.7919 -0.3353 0.5104
vn -0.7694 0.3439 -0.5383
vn -0.0011 0.9999 0.0101
vn -0.0031 1.0000 0.0078
vn 0.3953 -0.1471 0.9067
vn -0.6103 0.1329 0.7809
vn 0.0128 0.9994 0.0332
vn 0.0045 0.9994 0.0338
vn -0.0112 0.9999 0.0097
vn -0.0016 1.0000 0.0087
vn 0.0109 0.9999 0.0126
vn -0.0105 0.9999 0.0034
vn -0.0082 0.9997 0.0246
vn 0.0108 0.9999 0.0122
vn 0.8015 -0.2450 0.5456
vn 0.6063 0.2662 0.7494
vn 0.0029 1.0000 0.0061
vn -0.5492 -0.3129 0.7749
vn 0.0030 1.0000 0.0075
vn 0.0084 0.9999 0.0148
vn 0.7685 0.6131 0.1832
vn 0.0045 0.9999 0.0105
vn 0.6173 0.6940 0.3705
vn 0.8902 0.3288 0.3152
vn 0.8818 -0.3586 0.3063
vn 0.8579 0.5060 -0.0894
vn 0.8639 -0.4945 -0.0957
vn 0.6919 -0.7100 0.1313
vn -0.0099 -0.9999 -0.0095
vn 0.6375 -0.6771 0.3676
vn -0.0173 -0.9995 -0.0265
vn -0.0103 -0.9999 -0.0132
vn -0.0200 -0.9995 -0.0249
vn 0.2189 0.3554 -0.9087
vn -0.8996 0.3149 -0.3026
vn -0.5774 -0.2859 -0.7647
vn -0.6729 -0.3769 0.6366
vn -0.3080 0.2497 0.9180
vn 0.6644 -0.2838 0.6914
vn 0.0117 -0.9999 0.0090
vn 0.8701 0.2545 0.4222
vn -0.0139 -0.9998 -0.0125
vn 0.0112 -0.9999 -0.0039
vn 0.0107 -0.9999 -0.0037
vn -0.0078 -1.0000 -0.0055
vn 0.0116 -0.9976 -0.0688
vn 0.4765 0.3264 -0.8164
vn -0.0033 -1.0000 0.0041
vn -0.6234 0.2303 -0.7472
vn -0.1135 -0.2083 -0.9715
vn -0.0031 -0.9999 -0.0099
vn 0.8120 -0.5734 -0.1091
vn 0.7040 -0.6158 -0.3538
vn -0.0024 -1.0000 0.0019
vn -0.0099 -0.9999 -0.0032
vn 0.5036 -0.6409 -0.5794
vn 0.0066 -0.9998 0.0176
vn 0.7221 -0.5817 -0.3745
vn -0.0147 -0.9999 -0.0007
vn 0.2997 0.2658 0.9163
vn -0.7796 0.2394 0.5787
vn -0.3173 -0.4472 0.8362
vn 0.8952 -0.4457 -0.0046
vn 0.9685 -0.1152 0.2209
vn -0.9044 -0.2171 -0.3674
vn 0.7030 0.6130 -0.3606
vn 0.5036 0.6333 -0.5876
vn 0.5097 -0.6187 -0.5979
vn 0.3802 0.8764 -0.2957
vn 0.2056 0.6377 -0.7423
vn 0.2538 -0.2887 -0.9231
vn 0.0091 0.9999 -0.0102
vn 0.0183 0.9998 0.0028
vn 0.0058 0.9999 -0.0101
vn 0.0093 0.9999 -0.0103
vn -0.0031 1.0000 -0.0033
vn -0.6189 -0.2651 0.7394
vn -0.9612 0.2756 0.0067
vn 0.0003 1.0000 -0.0044
vn -0.9190 -0.1574 -0.3615
vn -0.1154 0.2554 -0.9599
vn 0.0791 -0.0514 -0.9955
vn 0.9545 0.2831 -0.0940
vn 0.9459 -0.0666 -0.3175
vn 0.0083 1.0000 0.0054
vn 0.3739 -0.2007 0.9055
vn -0.0116 0.9998 -0.0165
vn -0.0068 1.0000 0.0028
vn -0.0112 0.9999 -0.0028
vn -0.0021 0.9999 -0.0123
vn -0.4638 0.6532 -0.5985
vn 0.0068 1.0000 -0.0006
vn -0.4682 0.6341 -0.6155
vn -0.1550 0.6828 -0.7140
vn -0.4733 -0.6198 -0.6260
vn -0.6909 -0.5927 -0.4138
vn -0.6910 0.5957 -0.4095
vn -0.4678 -0.6443 -0.6050
vn 0.0049 -1.0000 -0.0003
vn -0.1512 -0.6675 -0.7291
vn 0.0026 -1.0000 -0.0064
vn 0.0136 -0.8951 -0.4456
vn 0.0032 -1.0000 -0.0005
vn -0.0040 -1.0000 0.0081
vn 0.4976 -0.2445 0.8322
vn 0.1699 0.2091 0.9630
vn -0.0031 -1.0000 -0.0079
vn 0.9762 0.1871 -0.1099
vn 0.7501 -0.3923 -0.5323
vn -0.7529 -0.2577 -0.6055
vn 0.2089 0.3318 -0.9199
vn -0.0724 -0.9973 -0.0133
vn -0.7831 -0.2033 -0.5878
vn 0.0331 -0.9994 0.0027
vn -0.0149 -0.9995 -0.0274
vn -0.0156 -0.9999 -0.0036
vn -0.0015 -1.0000 -0.0031
vn -0.0017 -1.0000 -0.0014
vn -0.0010 -1.0000 -0.0027
vn -0.0002 -1.0000 -0.0038
vn -0.0124 0.1450 -0.9894
vn -0.9881 -0.0312 -0.1508
vn -0.0882 0.0216 -0.9959
vn 0.9141 -0.1980 -0.3538
vn 0.1753 -0.4661 0.8672
vn 0.9156 0.3989 0.0513
vn 0.0087 -1.0000 0.0016
vn -0.0012 -1.0000 0.0063
vn -0.2614 0.3021 0.9167
vn 0.0080 -1.0000 0.0004
vn -0.6787 -0.6172 -0.3981
vn -0.7988 -0.5792 -0.1628
vn 0.0077 -0.9999 -0.0083
vn -0.5277 -0.8491 -0.0244
vn -0.8035 0.5741 -0.1575
vn -0.8230 0.5559 0.1167
vn -0.8151 -0.5694 0.1068
vn -0.7930 0.5903 -0.1508
vn -0.8037 0.5855 0.1062
vn -0.0001 1.0000 0.0082
vn -0.0003 1.0000 0.0040
vn -0.0021 1.0000 0.0057
vn 0.0002 0.9978 -0.0665
vn 0.2433 -0.4289 -0.8700
vn -0.0239 0.9997 -0.0099
vn -0.9336 -0.3176 -0.1659
vn -0.4759 0.3697 -0.7980
vn -0.0253 0.9997 0.0026
vn -0.7318 0.4077 0.5460
vn 0.7023 -0.2378 0.6710
vn -0.3340 -0.3137 0.8889
vn 0.8216 0.2302 0.5215
vn 0.0117 0.9999 -0.0061
vn -0.0191 0.9997 0.0155
vn 0.6942 0.3094 -0.6499
vn 0.0151 0.9998 0.0110
vn -0.0004 1.0000 0.0078
vn -0.7154 0.5918 0.3714
vn -0.0004 1.0000 0.0079
vn 0.0012 1.0000 0.0082
vn 0.5286 -0.2159 -0.8210
vn 0.7259 0.1882 -0.6616
vn 0.7636 -0.1202 0.6344
vn 0.7860 -0.2112 0.5810
vn -0.3906 0.2440 0.8876
vn -0.6140 -0.2263 0.7562
vn -0.7727 0.1248 -0.6224
vn -0.6897 0.2884 -0.6642
vn -0.0055 0.9998 0.0214
vn 0.0346 0.9984 0.0446
vn -0.0108 0.9993 0.0365
vn -0.0363 0.9989 -0.0292
vn 0.6459 0.1488 -0.7488
vn -0.5399 0.5619 0.6268
vn -0.7307 0.5610 0.3891
vn -0.7228 -0.5814 0.3737
vn -0.5497 0.5078 0.6634
vn -0.5136 -0.6054 0.6080
vn -0.5065 -0.6355 0.5828
vn -0.2003 -0.6518 0.7315
vn 0.0171 -0.9993 -0.0328
vn 0.0046 -0.9994 -0.0333
vn 0.0218 -0.9998 0.0015
vn -0.0056 -0.9997 -0.0234
vn 0.8869 0.2309 -0.4002
vn -0.0181 -0.9997 -0.0189
vn 0.0013 -0.9990 -0.0457
vn 0.0393 -0.9992 0.0061
vn 0.2446 0.2790 0.9286
vn 0.5731 -0.3545 0.7388
vn -0.8087 -0.2589 0.5281
vn -0.5635 -0.2687 -0.7812
vn -0.9434 0.2304 0.2384
vn 0.0174 -0.9998 -0.0089
vn -0.8244 -0.5357 0.1826
vn -0.0071 -0.9995 -0.0313
vn -0.1600 0.2959 -0.9417
vn -0.0010 -0.9996 -0.0290
vn -0.0004 -0.9996 -0.0298
vn -0.0151 -0.9994 -0.0313
vn 0.4197 -0.7255 0.5455
vn 0.1414 -0.7504 0.6457
vn 0.3417 -0.4375 0.8318
vn 0.3449 0.3959 0.8511
vn 0.6700 -0.4402 0.5978
vn 0.6634 0.4446 0.6019
vn 0.4275 0.7046 0.5663
vn 0.6568 -0.2449 -0.7132
vn -0.3334 0.3726 -0.8661
vn -0.9150 -0.3896 0.1046
vn -0.0113 -0.9998 0.0133
vn -0.8675 0.1783 0.4643
vn 0.2977 -0.1450 0.9436
vn 0.9558 0.0547 -0.2889
vn 0.3289 -0.0868 0.9404
vn 0.0129 -0.9998 -0.0164
vn 0.0449 -0.9989 -0.0121
vn 0.9304 0.1393 -0.3390
vn 0.0137 -0.9997 -0.0194
vn 0.0150 -0.2068 -0.9783
vn 0.0124 -0.9999 -0.0066
vn 0.0019 -1.0000 -0.0056
vn -0.0084 -0.9999 -0.0150
vn -0.1818 -0.5396 0.8220
vn -0.7051 -0.6154 0.3523
vn -0.6815 0.6149 -0.3968
vn -0.9730 -0.2301 -0.0162
vn -0.0280 -0.9996 -0.0103
vn 0.0091 -0.9999 -0.0122
vn 0.0039 -1.0000 -0.0039
vn -0.8421 0.1733 0.5107
vn 0.0035 -1.0000 -0.0043
vn -0.5437 -0.2512 0.8008
vn -0.1522 0.6669 -0.7294
vn 0.2030 0.6194 -0.7583
vn 0.1921 -0.6670 -0.7199
vn -0.0156 0.9996 -0.0236
vn -0.0007 0.9998 -0.0204
vn 0.0427 0.2641 0.9635
vn 0.0117 0.9999 -0.0119
vn 0.0030 0.9999 -0.0105
vn 0.0092 1.0000 0.0028
vn 0.0111 0.9999 0.0029
vn 0.0092 1.0000 0.0015
vn 0.0050 0.9999 -0.0121
vn -0.3644 -0.2619 -0.8937
vn 0.3439 0.4374 -0.8309
vn 0.0050 1.0000 0.0063
vn 0.8085 -0.3972 -0.4343
vn 0.0090 1.0000 0.0027
vn 0.7277 0.3739 0.5750
vn -0.4528 0.3269 0.8295
vn 0.2486 -0.4037 0.8805
vn -0.9334 -0.3057 0.1880
vn -0.8675 0.3055 -0.3927
vn 0.0026 1.0000 -0.0004
vn 0.8155 0.5704 -0.0978
vn 0.0336 -0.9989 0.0338
vn 0.6062 -0.2779 -0.7452
vn 0.0023 1.0000 0.0087
vn -0.0020 0.9999 0.0115
vn 0.0066 0.9999 0.0108
vn 0.3229 -0.2525 -0.9121
vn -0.8176 -0.2777 -0.5044
vn -0.2984 0.2832 -0.9115
vn 0.6791 0.2378 -0.6944
vn -0.8250 0.4225 0.3754
vn 0.9757 0.0491 -0.2133
vn 0.4901 0.0031 0.8717
vn 0.0092 0.9999 0.0108
vn 0.9521 -0.0706 -0.2976
vn 0.0755 0.1013 -0.9920
vn 0.0408 0.9971 0.0648
vn -0.9964 -0.0039 0.0846
vn 0.9930 -0.0022 0.1180
vn -0.9885 0.0012 0.1511
vn 0.0015 -0.9689 0.2476
vn 0.9806 0.0120 0.1955
vn -0.9962 0.0115 0.0860
vn -0.9964 -0.0013 0.0848
vn -0.9964 -0.0022 0.0848
vn -0.9970 -0.0021 0.0780
vn -0.9969 0.0007 0.0784
vn -0.9986 0.0022 -0.0532
vn -0.9980 0.0020 0.0626
vn -0.9981 -0.0021 0.0611
vn -0.9981 0.0007 0.0621
vn -0.9981 -0.0026 0.0609
vn -0.9986 -0.0020 0.0533
vn 0.9961 0.0013 0.0882
vn -0.9985 -0.0006 0.0538
vn 0.9955 0.0001 0.0950
vn 0.9961 0.0008 0.0880
vn 0.9955 0.0007 0.0952
vn 0.9954 0.0029 0.0960
vn 0.9954 0.0018 0.0956
vn 0.9940 0.0018 0.1096
vn 0.9940 -0.0013 0.1091
vn 0.9960 0.0049 -0.0897
vn 0.9930 -0.0003 0.1182
vn 0.9959 0.0032 -0.0900
vn 0.9971 0.0003 0.0760
vn 0.9971 0.0022 0.0763
vn 0.9973 0.0025 -0.0733
vn 0.9951 0.0045 -0.0986
vn 0.9961 0.0274 0.0842
vn 0.9966 0.0006 0.0818
vn 0.9949 0.0283 -0.0965
vn 0.9708 -0.0017 0.2400
vn 0.9707 -0.0005 0.2401
vn 0.9751 -0.0026 0.2217
vn 0.9987 0.0257 0.0438
vn -0.0005 0.0023 -1.0000
vn 0.9812 0.0047 0.1931
vn 0.0006 0.0204 -0.9998
vn 0.0008 0.0024 -1.0000
vn 0.9750 0.0022 0.2224
vn 0.9816 -0.0008 0.1910
vn 0.9978 0.0009 0.0670
vn 0.9977 0.0026 0.0676
vn 0.9981 0.0012 0.0623
vn 0.9980 0.0019 0.0626
vn 0.9986 0.0027 -0.0531
vn 0.9986 0.0028 -0.0531
vn 0.9992 0.0021 -0.0394
vn 0.9967 0.0029 0.0812
vn 0.9967 0.0026 0.0811
vn 0.9992 0.0012 -0.0399
vn 0.9975 0.0035 0.0704
vn 0.9975 0.0037 0.0705
vn 0.9975 0.0027 0.0701
vn 0.9975 0.0027 0.0700
vn 0.9981 0.0034 0.0611
vn 0.9982 0.0021 0.0606
vn -0.9998 -0.0000 0.0201
vn -0.9996 0.0006 0.0297
vn -0.9998 0.0012 0.0206
vn -0.9995 0.0022 0.0305
vn -0.9995 0.0015 0.0301
vn -0.9996 0.0010 0.0299
vn -0.9989 0.0013 0.0463
vn -0.9989 0.0008 0.0461
vn -0.9985 0.0004 -0.0553
vn -0.9985 0.0009 -0.0542
vn -0.9985 0.0009 -0.0550
vn -0.9996 -0.0006 0.0297
vn -0.9995 0.0007 0.0302
vn -0.9985 0.0005 -0.0544
vn -0.9994 -0.0008 0.0347
vn -0.9915 0.0043 0.1300
vn -0.9918 -0.0020 0.1276
vn -0.9994 0.0021 0.0358
vn -0.9873 0.0018 0.1590
vn -0.9874 -0.0027 0.1583
vn -0.9990 -0.0004 0.0455
vn -0.9989 0.0017 0.0459
vn -0.9988 -0.0002 0.0500
vn -0.9985 0.0186 0.0516
vn -0.9984 0.0020 -0.0568
vn -0.9983 0.0192 -0.0552
vn -0.9853 -0.0022 0.1710
vn -0.9853 -0.0013 0.1711
vn -0.9995 0.0176 0.0269
vn -0.0026 -0.8451 -0.5346
vn 0.0013 -0.8443 -0.5359
vn 0.0020 0.0259 -0.9997
vn 0.0025 0.0258 -0.9997
vn 0.0026 0.0206 -0.9998
vn -0.9990 0.0018 -0.0455
vn -0.9989 0.0001 -0.0461
vn -0.9929 -0.0013 0.1191
vn -0.9928 0.0006 0.1199
vn -0.9997 0.0010 0.0249
vn -0.9942 0.0018 0.1072
vn -0.9941 0.0044 0.1087
vn -0.9997 0.0021 0.0256
vn -0.9999 0.0023 0.0150
vn -0.9999 0.0019 0.0148
vn -0.9987 0.0004 -0.0517
vn -0.9986 -0.0006 -0.0522
vn -0.9987 -0.0006 -0.0512
vn -0.9998 0.0021 0.0210
vn -0.9998 0.0007 0.0204
vn -0.9999 0.0012 0.0111
vn -0.9987 -0.0005 -0.0512
vn -0.9999 0.0013 0.0112
vn -0.9999 0.0005 0.0108
vn -0.9999 0.0002 0.0107
vn -1.0000 0.0008 0.0003
vn 0.9989 0.0023 0.0463
vn 0.9992 0.0023 0.0396
vn -1.0000 -0.0001 -0.0002
vn 0.9992 0.0027 0.0399
vn 0.9989 0.0030 0.0466
vn 0.9989 0.0039 0.0470
vn 0.9989 0.0028 0.0465
vn 0.9981 0.0032 0.0611
vn 0.9981 0.0043 0.0615
vn 0.9997 0.0011 -0.0230
vn 1.0000 0.0024 -0.0094
vn 0.9999 0.0009 -0.0100
vn 0.9987 0.0033 0.0512
vn 0.9987 0.0028 0.0510
vn 0.9997 0.0009 -0.0231
vn 0.9983 0.0027 0.0582
vn 0.9882 0.0052 0.1530
vn 0.9884 0.0033 0.1520
vn 0.9983 0.0021 0.0578
vn 0.9853 0.0016 0.1705
vn 0.0063 0.0067 -1.0000
vn 0.0046 0.0148 -0.9999
vn 0.9854 0.0010 0.1703
vn 0.0049 0.0067 -1.0000
vn 0.0076 -0.0257 -0.9996
vn 0.0043 -0.0258 -0.9997
vn 0.9919 0.0066 0.1271
vn -0.9979 0.0059 0.0640
vn 0.0050 -0.0426 -0.9991
vn -0.9968 0.0060 0.0803
vn -0.9968 0.0049 0.0798
vn -0.9980 0.0030 0.0629
vn -1.0000 0.0020 0.0087
vn -1.0000 0.0012 0.0084
vn -1.0000 0.0012 0.0023
vn -1.0000 0.0019 0.0026
vn -0.9986 -0.0005 -0.0521
vn -0.9986 -0.0004 -0.0520
vn -0.9987 -0.0004 -0.0501
vn -1.0000 0.0019 0.0008
vn -1.0000 0.0012 0.0005
vn -1.0000 0.0018 -0.0079
vn -0.9987 -0.0005 -0.0502
vn -1.0000 0.0001 -0.0094
vn -1.0000 0.0007 -0.0089
vn -0.9999 -0.0006 -0.0100
vn -0.9999 -0.0001 -0.0140
vn 0.9994 0.0019 0.0338
vn -0.9999 -0.0004 -0.0142
vn 0.9995 0.0028 0.0302
vn 0.9995 0.0024 0.0300
vn 0.9994 0.0027 0.0344
vn 0.9994 0.0034 0.0351
vn 0.9994 0.0027 0.0345
vn 0.9992 0.0030 0.0400
vn 0.9992 0.0034 0.0402
vn 0.9998 0.0027 0.0218
vn 0.9999 0.0021 0.0099
vn 0.9998 0.0020 0.0215
vn 0.9994 0.0026 0.0355
vn 0.9994 0.0032 0.0358
vn 0.9999 0.0022 0.0099
vn 0.9990 0.0031 0.0451
vn 0.9945 0.0052 0.1046
vn 0.9944 0.0081 0.1058
vn 0.9990 0.0034 0.0452
vn 0.9919 0.0067 0.1271
vn -0.0094 -0.0298 -0.9995
vn 0.9974 0.0068 0.0718
vn -0.0037 -0.0430 -0.9991
vn -0.0043 -0.0297 -0.9996
vn -0.9989 0.0037 0.0478
vn -0.0089 -0.0433 -0.9990
vn -0.9988 0.0042 0.0480
vn -0.9995 0.0053 0.0299
vn -0.9996 0.0042 0.0294
vn -1.0000 0.0020 -0.0042
vn -1.0000 0.0019 -0.0043
vn -1.0000 0.0019 -0.0097
vn -0.9999 0.0009 -0.0105
vn -0.9989 -0.0006 -0.0471
vn -0.9989 -0.0011 -0.0475
vn -0.9988 -0.0011 -0.0481
vn -0.9999 0.0004 -0.0137
vn -0.9999 0.0007 -0.0136
vn -0.9988 -0.0023 -0.0488
vn -0.9999 0.0009 -0.0152
vn -0.9999 -0.0026 -0.0171
vn -0.9999 -0.0015 -0.0129
vn -0.9999 0.0001 -0.0156
vn -0.9999 -0.0006 -0.0160
vn 0.9998 0.0008 0.0187
vn -0.9999 0.0018 -0.0118
vn 0.9998 0.0050 0.0200
vn 0.9996 0.0026 0.0289
vn 0.9996 0.0031 0.0291
vn 0.9995 0.0033 0.0304
vn 0.9995 0.0083 0.0318
vn 0.9996 0.0037 0.0294
vn 0.9992 0.0046 0.0388
vn 0.9995 0.0032 0.0304
vn 0.9995 0.0033 0.0319
vn 0.9993 0.0031 0.0380
vn 0.9996 0.0025 0.0281
vn 0.9996 0.0026 0.0281
vn 0.9995 0.0026 0.0313
vn 0.9985 0.0041 0.0538
vn 0.9985 0.0053 0.0544
vn 0.9975 0.0044 0.0707
vn -0.0032 -0.0586 -0.9983
vn 0.9991 0.0050 0.0410
vn -0.0032 -0.0432 -0.9991
vn -0.0025 -0.0586 -0.9983
vn -0.9999 0.0052 0.0143
vn -0.0037 -0.0524 -0.9986
vn -0.9999 0.0024 0.0120
vn -1.0000 0.0036 0.0049
vn -1.0000 0.0024 0.0043
vn -0.9999 0.0011 -0.0135
vn -0.9999 0.0010 -0.0136
vn -0.9999 0.0011 -0.0147
vn -0.9987 -0.0020 -0.0507
vn -0.9987 -0.0025 -0.0509
vn -0.9999 0.0009 -0.0148
vn -0.9986 -0.0022 -0.0531
vn -0.9995 0.0001 -0.0310
vn -0.9995 -0.0006 -0.0316
vn -0.9985 -0.0045 -0.0542
vn -0.9996 0.0004 -0.0265
vn 0.9996 0.0014 0.0289
vn -0.9997 0.0011 -0.0255
vn 0.9995 0.0042 0.0327
vn 0.9987 0.0052 0.0501
vn 0.9987 0.0057 0.0505
vn 0.9988 0.0070 0.0488
vn 0.9991 0.0050 0.0431
vn 0.9989 0.0044 0.0476
vn 0.9991 0.0040 0.0426
vn 0.9997 0.0026 0.0242
vn 0.9997 0.0027 0.0243
vn 0.9997 0.0026 0.0251
vn 0.9996 0.0030 0.0290
vn 0.9995 0.0051 0.0301
vn 0.9997 0.0027 0.0251
vn 0.9992 0.0034 0.0398
vn -0.0058 -0.0525 -0.9986
vn -0.0068 -0.0317 -0.9995
vn -0.0069 -0.0317 -0.9995
vn 0.9997 0.0047 0.0258
vn -1.0000 0.0031 0.0003
vn -1.0000 0.0032 0.0027
vn -1.0000 0.0022 0.0022
vn -1.0000 0.0035 0.0004
vn -0.9999 0.0017 -0.0158
vn -0.9999 0.0011 -0.0161
vn -0.9998 0.0015 -0.0205
vn 0.9969 0.0093 0.0778
vn -0.9973 -0.0060 -0.0734
vn 0.9997 0.0021 0.0254
vn 0.9997 0.0020 0.0230
vn 0.9998 0.0046 0.0208
vn 0.9998 0.0015 0.0194
vn 0.9997 0.0027 0.0233
vn 0.9997 0.0028 0.0248
vn 0.9999 0.0021 0.0131
vn -0.0075 -0.0220 -0.9997
vn -0.0071 -0.0317 -0.9995
vn -1.0000 0.0040 -0.0047
vn -0.0010 0.0146 -0.9999
vn -0.9986 -0.0014 0.0535
vn -0.9985 0.0001 0.0541
vn -0.9990 0.0001 0.0457
vn -0.9990 0.0001 0.0456
vn 0.9967 0.0020 0.0807
vn 0.9967 0.0019 0.0807
vn 0.9961 0.0019 0.0884
vn 0.9973 0.0038 -0.0728
vn 0.9940 -0.0026 0.1089
vn 0.9940 0.0006 0.1094
vn 0.9930 -0.0016 0.1180
vn -0.9969 -0.0007 0.0782
vn -0.9970 -0.0030 0.0778
vn 0.8751 0.0026 -0.4840
vn 0.6887 0.0102 -0.7250
vn 0.1558 -0.0374 -0.9871
vn 0.1029 0.0594 -0.9929
vn 0.5744 0.0510 -0.8170
vn -0.0091 0.9880 0.1542
vn 0.7937 0.0372 -0.6072
vn 0.0028 0.9985 -0.0556
vn 0.7317 0.0402 -0.6804
vn 0.0032 0.9924 0.1229
vn -0.7860 0.0346 -0.6172
vn -0.5815 0.7408 -0.3363
vn 0.0022 0.9986 -0.0525
vn -0.8923 -0.0069 -0.4513
vn -0.5973 0.0483 -0.8006
vn -0.0241 -0.9983 -0.0523
vn 0.0143 -0.8566 -0.5158
vn -0.7352 0.0402 -0.6767
vn -0.4414 0.0518 -0.8958
vn 0.1494 0.0606 -0.9869
vn 0.1032 -0.7260 -0.6799
vn -0.5287 -0.8382 -0.1340
vn 0.0052 -0.9989 -0.0461
vn -0.9415 0.0185 -0.3364
vn -0.0085 -1.0000 -0.0000
vn 0.4240 -0.8554 -0.2975
vn 0.9931 0.0054 -0.1171
vn 0.0106 -0.9995 -0.0293
vn 0.9532 0.0173 -0.3019
vn 0.9383 0.0211 -0.3452
vn 0.0140 0.9999 0.0066
vn 0.1403 0.9889 0.0495
vn -0.0201 0.9998 0.0013
vn 0.9970 0.0039 -0.0772
vn 0.6005 0.7973 0.0613
vn 0.0113 0.9995 0.0300
vn -0.6119 -0.0491 0.7894
vn -0.3279 0.6425 0.6925
vn -0.0206 0.9963 0.0831
vn -0.7626 -0.0408 0.6456
vn -0.7599 0.4908 0.4262
vn -0.1248 0.9908 0.0522
vn -0.6740 -0.0471 0.7372
vn -0.2513 -0.8485 0.4658
vn -0.1088 -0.0619 0.9921
vn 0.2452 -0.8456 0.4742
vn 0.1062 -0.0619 0.9924
vn -0.0031 -1.0000 0.0036
vn 0.1337 -0.0620 0.9891
vn -0.1779 -0.0621 0.9821
vn 0.4836 0.5182 0.7053
vn 0.5896 -0.0502 0.8061
vn 0.2556 0.7431 0.6184
vn 0.6797 0.5986 0.4238
vn 0.7877 -0.0394 0.6147
vn 0.5896 0.7106 0.3838
vn 0.6743 -0.0476 0.7369
vn 0.9339 -0.0214 0.3568
vn 0.8296 -0.0366 0.5572
vn 0.9802 -0.0125 0.1977
vn 0.5504 -0.8164 0.1747
vn 0.9870 -0.0112 0.1602
vn 0.0106 -0.9994 -0.0343
vn -0.0030 -0.9999 -0.0142
vn -0.9339 -0.0214 0.3568
vn -0.9802 -0.0125 0.1977
vn -0.4751 0.8794 0.0300
vn -0.8331 -0.0362 0.5519
vn -0.8060 -0.5805 0.1156
vn -0.9872 -0.0111 0.1593
vn -0.5125 -0.8472 0.1400
vn -0.6794 0.7332 -0.0276
vn -0.9977 0.0056 -0.0671
vn -0.8836 0.3446 -0.3170
vn -0.9387 0.0187 -0.3442
vn 0.5913 -0.5704 -0.5701
vn -0.5986 0.0163 -0.8009
vn -0.0321 0.9739 -0.2246
vn -0.1449 0.0158 -0.9893
vn -0.0442 0.0252 -0.9987
vn 0.0418 0.8580 -0.5119
vn 0.5495 0.0234 -0.8352
vn 0.0012 0.9958 0.0913
vn 0.9999 -0.0002 0.0129
vn -0.0026 0.9921 0.1256
vn 0.9658 -0.0040 0.2593
vn 0.8736 -0.4855 -0.0332
vn -0.0010 -0.0454 -0.9990
vn -0.0010 0.0152 -0.9999
vn -0.0012 0.9958 0.0913
vn -0.9999 -0.0002 0.0149
vn 0.0001 0.9949 0.1012
vn 0.0089 0.9958 0.0912
vn -0.9998 0.0111 0.0159
vn -0.9646 0.0135 0.2632
vn 0.0908 0.9908 0.1006
vn 0.0028 0.9921 0.1256
vn 0.9652 0.0135 0.2613
vn -0.0906 0.9908 0.1008
vn -0.9636 0.0083 0.2672
vn 0.9641 0.0083 0.2653
vn -0.0001 -0.9954 -0.0962
vn 0.9998 0.0111 0.0139
vn -0.0001 -0.9934 -0.1146
vn 0.9998 0.0111 0.0140
vn -0.0010 0.0371 -0.9993
vn -0.0087 0.9958 0.0912
vn -0.9653 -0.0040 0.2612
vn -0.8737 -0.4855 -0.0315
vn -0.8428 -0.5129 0.1632
vn -0.9286 -0.3707 -0.0173
vn -0.9998 -0.0003 0.0195
vn -0.0010 0.0171 -0.9999
vn 0.9996 0.0151 0.0241
vn 0.0001 0.9955 0.0953
vn 0.9998 -0.0003 0.0175
vn 0.9285 -0.3707 -0.0191
vn 0.8203 -0.5522 0.1493
vn 0.9648 0.0088 0.2627
vn 0.8431 -0.5129 0.1615
vn 0.9650 0.0107 0.2622
vn 0.0001 0.9910 0.1337
vn -0.9644 0.0107 0.2641
vn -0.9643 0.0088 0.2646
vn -0.9995 0.0151 0.0260
vn -0.8200 -0.5522 0.1509
vn -0.0052 0.8887 -0.4584
vn -0.7841 0.5652 -0.2564
vn 0.9756 0.0445 -0.2148
vn 0.7276 0.6727 0.1343
vn 0.0178 0.9629 0.2692
vn -0.0353 0.8451 -0.5334
vn 0.4153 0.8989 0.1399
vn -0.5904 0.7855 -0.1856
vn -0.5003 0.8657 -0.0164
vn 0.9751 0.1079 0.1938
vn 0.9940 -0.0121 -0.1085
vn -0.9756 -0.0445 0.2148
vn 0.7841 -0.5652 0.2565
vn 0.9788 -0.2044 -0.0130
vn -0.0659 0.0687 -0.9955
vn 0.6732 -0.7275 -0.1322
vn -0.9751 -0.1079 -0.1938
vn -0.8803 -0.4322 -0.1959
vn -0.0234 -0.9350 -0.3539
vn 0.8803 0.4322 0.1959
vn 0.3110 0.8822 0.3534
vn -0.9989 -0.0029 0.0465
vn -0.9189 0.3788 0.1104
vn 0.6143 0.7814 0.1097
vn -0.0055 -0.9965 -0.0830
vn -0.7487 -0.6597 0.0651
vn 0.9189 -0.3788 -0.1104
vn -0.9159 -0.3750 0.1433
vn 0.9987 -0.0224 0.0460
vn 0.0439 -0.7473 0.6630
vn -0.7917 -0.5277 0.3078
vn -0.9987 0.0224 -0.0460
vn 0.9778 0.1581 -0.1374
vn 0.9973 -0.0176 -0.0712
vn 0.9999 0.0092 0.0051
vn 0.0661 -0.0146 0.9977
vn -0.3734 -0.8623 -0.3420
vn 0.9981 -0.0235 -0.0575
vn 0.2145 -0.6892 -0.6921
vn 0.6961 -0.4611 -0.5502
vn 0.0521 0.6154 0.7865
vn 0.0535 0.5875 0.8074
vn 0.0535 0.5875 0.8075
vn -0.6961 0.4611 0.5502
vn -0.2145 0.6892 0.6921
vn 0.3734 0.8623 0.3420
vn -0.9981 0.0235 0.0575
vn -0.9999 -0.0092 -0.0051
vn -0.9973 0.0176 0.0712
vn -0.7276 -0.6727 -0.1343
vn -0.4153 -0.8989 -0.1399
vn 0.9983 -0.0255 -0.0515
vn 0.7917 0.5277 -0.3078
vn 0.9736 0.1819 -0.1377
vn 0.9469 0.2967 -0.1236
vn 0.9159 0.3750 -0.1433
vn 0.7487 0.6597 -0.0651
vn 0.8628 0.5016 -0.0631
vn -0.9469 -0.2967 0.1236
vn -0.9736 -0.1819 0.1377
vn -0.9778 -0.1581 0.1374
vn -0.8628 -0.5016 0.0631
vn -0.6143 -0.7814 -0.1097
vn -0.6732 0.7275 0.1322
vn 0.3697 0.7698 0.5203
vn -0.3697 -0.7698 -0.5203
vn 0.9989 0.0029 -0.0465
vn -0.3110 -0.8822 -0.3534
vn -0.9940 0.0121 0.1085
vn -0.9983 0.0255 0.0515
vn 0.0052 -0.8887 0.4584
vn 0.5904 -0.7855 0.1856
vn 0.9989 0.0030 -0.0465
vn 0.5003 -0.8657 0.0164
vn -0.9989 -0.0030 0.0465
vn -0.9788 0.2044 0.0130
vn -0.8063 -0.2420 -0.5397
vn -0.8417 0.1493 -0.5189
vn -0.2600 -0.5889 -0.7652
vn -0.7670 0.1068 -0.6327
vn -0.3827 -0.7068 -0.5950
vn -0.8442 0.1493 -0.5148
vn -0.6348 0.7451 -0.2047
vn -0.3122 0.9474 0.0708
vn -0.0800 0.7861 -0.6129
vn -0.1509 0.9876 0.0434
vn -0.6532 0.3320 0.6806
vn -0.9443 0.3098 0.1105
vn -0.6491 0.3374 0.6818
vn -0.9443 0.3098 0.1106
vn 0.8410 -0.1148 0.5286
vn 0.9335 -0.1319 0.3334
vn 0.8201 -0.0640 0.5686
vn -0.1139 0.9855 0.1259
vn 0.8389 -0.1645 0.5189
vn -0.0760 0.9654 0.2493
vn 0.8746 -0.0993 0.4746
vn 0.8553 -0.2004 0.4777
vn -0.5186 0.2615 0.8141
vn -0.8412 0.0746 -0.5356
vn -0.8250 0.1383 -0.5479
vn -0.9694 -0.1324 -0.2066
vn -0.8171 0.1794 -0.5479
vn -0.9694 -0.1324 -0.2065
vn -0.8283 0.2908 -0.4789
vn -0.1001 -0.9568 -0.2730
vn -0.1353 -0.9132 -0.3845
vn -0.5789 -0.6186 0.5312
vn 0.8166 -0.3041 0.4905
vn -0.6250 -0.5884 0.5131
vn 0.0736 -0.4661 -0.8816
vn 0.0657 -0.0525 -0.9965
vn 0.7625 -0.4313 0.4823
vn 0.0366 -0.1211 -0.9920
vn 0.5035 -0.4087 0.7612
vn 0.0975 0.5097 -0.8548
vn 0.0557 0.6830 -0.7283
vn 0.0535 0.6529 -0.7556
vn -0.8831 0.0629 -0.4649
vn -0.7188 -0.4113 0.5605
vn 0.8412 -0.1559 0.5178
vn -0.3008 -0.9080 -0.2918
vn -0.6409 0.1101 -0.7597
vn -0.1879 0.9660 0.1778
vn -0.4012 0.1122 -0.9091
vn 0.0274 0.9977 0.0620
vn -0.0467 0.9183 -0.3931
vn 0.0487 0.9182 -0.3931
vn -0.0273 0.9977 0.0620
vn 0.1968 0.9633 0.1826
vn 0.6682 0.1092 -0.7359
vn 0.4012 0.1122 -0.9091
vn 0.5894 0.1310 -0.7971
vn 0.5945 -0.0000 -0.8041
vn 0.3491 0.1055 -0.9311
vn 0.3511 -0.0000 -0.9363
vn -0.2111 -0.2627 -0.9415
vn -0.3468 -0.1568 -0.9248
vn 0.2111 -0.2627 -0.9415
vn 0.3468 -0.1568 -0.9248
vn -0.3511 -0.0000 -0.9363
vn -0.1960 -0.9805 -0.0144
vn 0.1960 -0.9805 -0.0144
vn -0.0384 -0.9892 -0.1412
vn -0.0000 1.0000 -0.0000
vn 0.0384 -0.9892 -0.1412
vn -0.0000 -1.0000 -0.0000
vn -0.0853 -0.9882 -0.1268
vn -0.2092 -0.9728 0.0993
vn 0.1742 -0.9780 -0.1147
vn -0.0584 -0.9882 -0.1418
vn -0.0894 -0.9918 -0.0916
vn -0.0932 -0.9876 -0.1261
vn 0.0023 -0.9864 -0.1641
vn 0.0055 -1.0000 0.0046
vn -0.1541 -0.9800 0.1259
vn -0.1116 -0.9921 -0.0580
vn -0.1528 -0.9880 -0.0241
vn 0.0011 -0.9767 -0.2144
vn -0.0337 -0.9710 0.2366
vn -0.1543 -0.9880 -0.0044
vn -0.1274 -0.9916 0.0220
vn -0.1278 -0.9829 -0.1322
vn 0.0088 -1.0000 -0.0000
vn -0.0837 -0.9675 0.2388
vn -0.1345 -0.9901 -0.0391
vn -0.1171 -0.9925 0.0345
vn -0.1377 -0.9806 -0.1395
vn 0.0065 -1.0000 -0.0025
vn -0.0197 -0.9813 0.1913
vn -0.1106 -0.9925 0.0514
vn -0.4482 -0.8789 0.1633
vn -0.2933 -0.9235 0.2472
vn -0.2762 -0.9363 -0.2169
vn -0.4126 -0.8974 0.1566
vn 0.1540 -0.8748 0.4593
vn -0.3855 -0.3426 0.8567
vn -0.3209 -0.3399 0.8840
vn 0.1710 -0.8532 0.4927
vn -0.0000 0.2658 0.9640
vn -0.7154 0.4813 0.5064
vn -0.7646 -0.0000 0.6445
vn -0.7551 -0.1568 0.6365
vn -0.0000 -0.0000 1.0000
vn -0.9998 -0.0193 -0.0000
vn -1.0000 -0.0000 -0.0000
vn -0.7643 0.0278 0.6443
vn -0.6838 -0.0234 0.7293
vn -0.9558 0.0066 0.2941
vn -0.9860 -0.0696 0.1513
vn -0.0000 0.6550 -0.7556
vn -0.0000 0.9950 0.0999
vn -0.9917 -0.0100 -0.1281
vn -0.0000 0.9907 0.1361
vn 0.9950 -0.0223 0.0974
vn 0.9558 0.0066 0.2941
vn 0.9998 -0.0193 -0.0000
vn 0.9919 -0.0280 0.1241
vn 1.0000 -0.0000 -0.0000
vn 0.7643 0.0278 0.6443
vn 0.7646 -0.0000 0.6445
vn 0.6838 -0.0234 0.7293
vn 0.9906 -0.1358 -0.0157
vn 0.9876 -0.1568 -0.0000
vn 0.9897 -0.1398 0.0298
vn 0.1171 -0.9925 0.0345
vn 0.1568 -0.9876 -0.0000
vn 0.9729 -0.2237 0.0590
vn 0.1377 -0.9806 -0.1395
vn -0.0065 -1.0000 -0.0025
vn 0.1345 -0.9901 -0.0391
vn 0.0837 -0.9675 0.2388
vn -0.0088 -1.0000 -0.0000
vn 0.1274 -0.9916 0.0220
vn 0.1278 -0.9829 -0.1322
vn 0.1528 -0.9880 -0.0241
vn -0.0011 -0.9767 -0.2144
vn 0.0337 -0.9710 0.2366
vn 0.1543 -0.9880 -0.0044
vn 0.1116 -0.9921 -0.0580
vn 0.1541 -0.9800 0.1259
vn -0.0055 -1.0000 0.0046
vn 0.0894 -0.9918 -0.0916
vn -0.0023 -0.9864 -0.1641
vn 0.0932 -0.9876 -0.1261
vn 0.6065 -0.2113 -0.7665
vn 0.5872 -0.1568 -0.7941
vn 0.0853 -0.9882 -0.1268
vn 0.2092 -0.9728 0.0993
vn 0.5130 -0.2056 -0.8334
vn -0.1742 -0.9780 -0.1147
vn 0.0584 -0.9882 -0.1418
vn 0.0769 -0.0000 -0.9970
vn 0.4052 -0.2033 -0.8914
vn 0.3467 -0.1568 -0.9248
vn 0.0550 -0.9876 -0.1468
vn -0.1977 -0.9802 -0.0100
vn 0.2762 -0.9363 -0.2169
vn 0.4126 -0.8974 0.1566
vn 0.2933 -0.9235 0.2472
vn 0.4482 -0.8789 0.1633
vn 0.3855 -0.3426 0.8567
vn -0.1540 -0.8748 0.4593
vn -0.1710 -0.8532 0.4927
vn 0.3209 -0.3399 0.8840
vn 0.1191 -0.9366 0.3296
vn -0.2988 -0.9400 0.1647
vn -0.0000 -0.9876 0.1568
vn -0.1422 -0.2350 0.9615
vn 0.1108 -0.9895 0.0929
vn -0.0918 -0.2077 0.9739
vn -0.1109 -0.9895 0.0929
vn 0.1977 -0.9802 -0.0100
vn 0.2988 -0.9400 0.1647
vn 0.1422 -0.2350 0.9615
vn 0.0918 -0.2077 0.9739
vn -0.1191 -0.9366 0.3296
vn 0.7154 0.4813 0.5064
vn 0.7551 -0.1568 0.6365
vn 0.7784 -0.2193 0.5882
vn 0.0197 -0.9813 0.1913
vn 0.1106 -0.9925 0.0514
vn 0.1322 -0.9767 0.1693
vn -0.2336 -0.5666 0.7901
vn 0.2337 -0.5667 0.7901
vn -0.0000 -0.2969 0.9549
vn -0.2337 -0.5663 0.7903
vn 0.2337 -0.5663 0.7903
vn -0.0000 0.1695 0.9855
vn -0.2374 0.1111 0.9650
vn 0.2374 0.1111 0.9650
vn -0.2378 -0.0940 0.9667
vn -0.0000 -0.0621 0.9981
vn 0.2378 -0.0940 0.9667
vn 0.9824 -0.0181 0.1859
vn -0.0000 0.9997 0.0229
vn -0.0000 0.9960 0.0889
vn -0.7572 -0.0463 0.6515
vn -0.9824 -0.0181 0.1859
vn 0.7572 -0.0463 0.6515
vn 0.9269 -0.2579 -0.2728
vn 0.9722 -0.1568 -0.1738
vn 0.9844 -0.0000 -0.1759
vn 0.9816 0.0754 -0.1754
vn 0.9995 -0.0304 -0.0000
vn 0.9533 0.0604 -0.2959
vn -0.0000 0.7450 -0.6671
vn -0.0000 0.9042 -0.4270
vn 0.7811 0.1788 -0.5983
vn -0.0000 -0.4753 -0.8798
vn 0.9658 -0.0112 -0.2590
vn -0.0000 0.6187 -0.7856
vn -0.9747 -0.0448 -0.2189
vn -0.9670 0.0667 -0.2458
vn -0.7974 0.1739 -0.5779
vn -0.9816 0.0753 -0.1754
vn -0.5899 0.1245 -0.7978
vn -0.5945 -0.0000 -0.8041
vn -0.9844 -0.0000 -0.1759
vn -0.9788 -0.1939 -0.0666
vn -0.9876 -0.1568 -0.0000
vn -0.9722 -0.1568 -0.1738
vn -0.9740 -0.1930 -0.1191
vn -0.9897 -0.1398 0.0298
vn -0.9906 -0.1358 -0.0157
vn -0.9269 -0.2579 -0.2728
vn -0.5872 -0.1568 -0.7941
vn -0.6065 -0.2113 -0.7665
vn -1.0000 -0.0078 -0.0000
vn 0.1543 -0.9876 -0.0276
vn 0.9788 -0.1939 -0.0665
vn 0.9740 -0.1930 -0.1191
vn 0.9832 0.0024 -0.1823
vn -0.9814 -0.0396 -0.1877
vn -0.7784 -0.2193 0.5882
vn -0.9729 -0.2237 0.0590
vn -0.1322 -0.9767 0.1693
vn -0.1568 -0.9876 -0.0000
vn -0.1543 -0.9876 -0.0276
vn -0.4052 -0.2033 -0.8914
vn 0.0043 -0.9984 -0.0558
vn -0.0550 -0.9876 -0.1468
vn -0.5130 -0.2055 -0.8334
vn -0.3491 0.1055 -0.9311
vn -0.5382 -0.0909 0.8379
vn 0.0004 0.9978 0.0660
vn -0.5192 -0.0998 0.8488
vn 0.1653 -0.0894 0.9822
vn -0.8314 -0.0823 0.5495
vn -0.0138 -0.0814 -0.9966
vn -0.4480 -0.0226 0.8938
vn 0.0431 -0.7738 -0.6319
vn -0.1062 -0.2432 -0.9641
vn 0.7616 -0.0483 0.6462
vn 0.3649 -0.1220 0.9230
vn 0.0091 -0.9963 -0.0859
vn -0.0220 -0.6888 0.7246
vn 0.9412 -0.0409 0.3354
vn 0.6607 -0.1243 0.7403
vn 0.9413 -0.0411 0.3349
vn 0.9737 -0.0530 0.2218
vn 0.9981 -0.0444 0.0429
vn 0.0005 0.9978 0.0658
vn 0.9948 -0.0074 -0.1014
vn 0.9989 -0.0316 -0.0350
vn 0.0452 -0.3270 0.9439
vn 0.9848 -0.0236 -0.1720
vn 0.0650 -0.3706 0.9265
vn -0.0409 -0.9239 -0.3805
vn -0.9807 0.0201 -0.1947
vn -0.0094 -0.9997 -0.0228
vn 0.0230 -0.9814 0.1908
vn -0.0515 -0.1706 -0.9840
vn 0.9581 0.0089 -0.2861
vn -0.0609 -0.1906 -0.9798
vn -0.8923 -0.0267 -0.4507
vn 0.0315 -0.9930 -0.1135
vn -0.9262 -0.0340 -0.3755
vn 0.0004 0.9978 0.0659
vn -0.8154 0.0162 -0.5786
vn -0.9929 -0.0296 -0.1148
vn -0.9989 -0.0033 -0.0458
vn 0.0004 0.9978 0.0657
vn 0.0004 0.9978 0.0658
vn 0.8521 0.0085 -0.5233
vn 0.4653 0.0065 -0.8851
vn 0.8134 -0.0088 -0.5817
vn 0.0005 0.9979 0.0653
vn -0.3412 0.0287 -0.9395
vn 0.1350 -0.0207 -0.9906
vn 0.5424 0.0383 -0.8392
vn 0.1211 -0.3251 0.9379
vn -0.0120 -0.9999 -0.0002
vn 0.0927 -0.2757 0.9568
vn -0.7551 -0.0046 -0.6556
vn -0.5096 -0.0025 -0.8604
vn -0.0392 -0.8238 0.5655
vn 0.9290 -0.0289 -0.3689
vn -0.9957 -0.0450 0.0807
vn -0.0064 -0.6981 -0.7160
vn -0.0279 -0.0774 -0.9966
vn -0.9914 -0.0500 0.1205
vn -0.0570 -0.1627 -0.9850
vn -0.0077 -0.9969 -0.0781
vn -0.9632 -0.0283 0.2672
vn -0.9431 -0.0630 0.3266
vn 0.1358 -0.4368 0.8893
vn 0.0818 -0.2634 0.9612
vn -0.9033 -0.0379 0.4274
vn 0.0005 0.9978 0.0657
vn 0.9674 -0.0123 0.2529
vn 0.0148 -0.9494 -0.3137
vn 0.0498 0.0603 -0.9969
vn 0.0518 0.0615 -0.9968
vn 0.0131 0.9725 -0.2327
vn -0.0037 0.9784 -0.2066
vn 0.0648 0.0544 -0.9964
vn 0.7603 0.0008 0.6495
vn 0.9300 -0.0292 0.3663
vn 0.3226 0.9147 0.2435
vn 0.8123 -0.0278 0.5826
vn 0.1836 -0.9304 0.3172
vn 0.8154 -0.0506 0.5767
vn 0.8866 -0.0325 0.4613
vn 0.0478 0.0489 -0.9977
vn 0.9749 -0.0186 0.2221
vn 0.1304 -0.0678 0.9891
vn 0.1185 -0.5002 0.8577
vn -0.1553 -0.9701 0.1865
vn 0.2855 -0.9524 0.1067
vn 0.3131 0.8108 0.4945
vn 0.3610 0.7774 0.5150
vn -0.2179 -0.0262 0.9756
vn -0.1173 0.8153 0.5671
vn 0.1531 -0.0945 0.9837
vn 0.6131 -0.0038 0.7900
vn 0.1280 -0.6016 0.7885
vn 0.1354 -0.9721 0.1916
vn 0.7923 -0.0516 0.6079
vn 0.1922 -0.9650 0.1783
vn 0.1316 0.9411 0.3114
vn 0.1962 0.9311 0.3076
vn 0.0166 -0.0980 0.9951
vn 0.0170 0.3118 0.9500
vn 0.7711 -0.0052 0.6367
vn 0.7492 -0.0234 0.6620
vn 0.9348 -0.0148 0.3548
vn 0.6363 -0.0757 0.7678
vn 0.6007 -0.0643 0.7969
vn 0.4346 0.6245 0.6490
vn 0.2801 0.8832 0.3761
vn -0.3107 -0.9498 0.0356
vn 0.9209 -0.0322 0.3886
vn 0.9181 -0.0249 0.3955
vn -0.0571 -0.8761 0.4788
vn 0.0730 -0.1016 0.9921
vn -0.1731 0.5134 0.8405
vn 0.0744 -0.9944 0.0756
vn 0.7123 0.3671 0.5982
vn -0.1835 0.5242 0.8316
vn 0.0729 -0.1016 0.9921
vn -0.2224 0.0278 0.9746
vn -0.0314 -0.1004 0.9944
vn -0.0152 -0.9986 -0.0510
vn -0.0051 -0.9986 -0.0529
vn 0.8018 -0.1895 0.5667
vn 0.6900 -0.0153 0.7236
vn 0.0463 -0.6092 -0.7916
vn 0.0395 -0.5832 -0.8114
vn 0.0495 0.0712 -0.9962
vn 0.9873 0.0594 0.1472
vn 0.0500 0.0701 -0.9963
vn 0.0101 0.9913 -0.1315
vn 0.9746 0.0717 0.2121
vn 0.0158 0.9898 -0.1414
vn 0.0512 0.0711 -0.9962
vn 0.0497 0.0715 -0.9962
vn 0.0169 -0.9543 -0.2984
vn 0.0126 -0.9565 -0.2915
vn 0.0500 0.0643 -0.9967
vn 0.0510 0.0670 -0.9964
vn 0.0110 0.9898 -0.1421
vn 0.0151 0.9887 -0.1493
vn 0.0484 0.0696 -0.9964
vn 0.9354 -0.0223 0.3530
vn 0.9707 -0.0283 0.2387
vn 0.9735 -0.0163 0.2281
vn 0.9367 -0.0183 0.3496
vn 0.0502 0.0690 -0.9964
vn 0.0175 -0.9479 -0.3180
vn 0.9368 0.0025 0.3497
vn -0.2116 -0.0391 0.9766
vn 0.0674 0.7720 0.6320
vn 0.0711 -0.0769 0.9945
vn 0.0675 0.7720 0.6320
vn 0.1661 0.9119 0.3754
vn 0.2821 -0.9481 0.1467
vn 0.0629 -0.0780 0.9950
vn 0.0169 0.3118 0.9500
vn -0.0703 -0.0005 -0.9975
vn -0.0500 0.7472 -0.6627
vn 0.1281 -0.6016 0.7885
vn 0.9277 -0.0217 0.3728
vn -0.0795 0.8038 0.5895
vn -0.0975 -0.9149 0.3917
vn 0.1185 -0.5002 0.8578
vn 0.1346 -0.0685 0.9885
vn 0.0663 0.8323 0.5504
vn 0.0679 0.8311 0.5520
vn 0.0878 -0.8725 0.4807
vn 0.1389 -0.0854 0.9866
vn 0.0751 -0.8813 0.4665
vn -0.1232 -0.0145 0.9923
vn 0.2134 0.8701 0.4443
vn -0.3033 -0.5003 0.8110
vn -0.0719 0.7894 0.6097
vn 0.7468 -0.0240 0.6647
vn 0.1458 -0.9805 0.1315
vn 0.1458 -0.9805 0.1316
vn 0.0687 -0.0982 0.9928
vn 0.0524 -0.7055 0.7067
vn 0.7299 -0.0624 0.6807
vn -0.1181 0.0380 0.9923
vn -0.1165 0.3727 0.9206
vn -0.1092 0.3695 0.9228
vn 0.1243 -0.4561 0.8812
vn -0.0594 -0.8246 0.5626
vn 0.3271 0.8959 0.3008
vn 0.2562 -0.8825 0.3943
vn 0.1342 -0.0755 0.9881
vn 0.2612 0.3228 0.9097
vn 0.2810 -0.0469 0.9586
vn -0.0666 -0.8778 0.4743
vn 0.6825 -0.3383 0.6479
vn -0.0326 0.8314 0.5548
vn 0.2646 0.8707 0.4146
vn 0.2170 -0.9419 0.2565
vn 0.0445 0.8836 0.4660
vn 0.5973 -0.0542 0.8002
vn 0.7678 -0.0507 0.6387
vn 0.9272 0.0071 0.3746
vn 0.8085 -0.0635 0.5850
vn 0.9330 -0.0229 0.3591
vn 0.0513 0.0402 -0.9979
vn 0.0134 -0.9636 -0.2670
vn 0.0111 -0.9647 -0.2630
vn 0.9743 0.0154 0.2249
vn 0.9526 0.0628 0.2977
vn -0.0015 0.9977 0.0680
vn 0.0502 0.0538 -0.9973
vn 0.0510 0.0524 -0.9973
vn -0.0025 0.9976 0.0688
vn 0.5394 0.0258 0.8416
vn 0.0627 0.0438 -0.9971
vn 0.0091 0.9772 -0.2119
vn 0.0499 0.0735 -0.9961
vn 0.0156 0.9749 -0.2223
vn 0.0517 0.0786 -0.9956
vn 0.0121 -0.9521 -0.3056
vn 0.9862 -0.0363 0.1617
vn 0.9751 0.0176 0.2210
vn 0.0176 -0.9491 -0.3146
vn 0.7859 0.0149 0.6181
vn 0.8735 -0.0125 0.4867
vn 0.0148 0.9494 0.3137
vn 0.9674 0.0123 -0.2529
vn 0.0498 -0.0603 0.9969
vn 0.0518 -0.0615 0.9968
vn 0.0131 -0.9725 0.2327
vn -0.0037 -0.9784 0.2066
vn 0.7603 -0.0008 -0.6495
vn 0.9300 0.0292 -0.3663
vn 0.8154 0.0506 -0.5767
vn 0.1836 0.9304 -0.3172
vn 0.9369 0.0156 -0.3494
vn 0.3226 -0.9147 -0.2435
vn 0.8123 0.0278 -0.5826
vn 0.9749 0.0186 -0.2221
vn 0.0648 -0.0544 0.9964
vn 0.0497 -0.0495 0.9975
vn 0.0183 0.9490 0.3146
vn 0.0499 -0.0735 0.9961
vn 0.0121 0.9523 0.3048
vn 0.0156 -0.9749 0.2223
vn 0.0517 -0.0786 0.9956
vn 0.0091 -0.9772 0.2119
vn 0.9716 0.0397 -0.2334
vn 0.9330 0.0229 -0.3591
vn 0.0513 -0.0402 0.9979
vn 0.8085 0.0635 -0.5850
vn 0.2562 0.8825 -0.3943
vn 0.3270 -0.8959 -0.3008
vn 0.7859 -0.0149 -0.6181
vn 0.9514 0.0463 -0.3046
vn 0.0627 -0.0438 0.9971
vn 0.0134 0.9636 0.2670
vn 0.0510 -0.0524 0.9973
vn 0.0111 0.9647 0.2630
vn 0.0502 -0.0538 0.9973
vn 0.9743 -0.0154 -0.2249
vn -0.0015 -0.9977 -0.0680
vn 0.9526 -0.0628 -0.2977
vn 0.5973 0.0542 -0.8002
vn 0.9272 -0.0071 -0.3746
vn -0.0025 -0.9976 -0.0688
vn 0.5394 -0.0258 -0.8416
vn 0.6825 0.3383 -0.6479
vn -0.0666 0.8778 -0.4743
vn 0.2170 0.9419 -0.2565
vn -0.0326 -0.8314 -0.5548
vn 0.2612 -0.3228 -0.9097
vn 0.2810 0.0469 -0.9586
vn 0.1342 0.0755 -0.9881
vn 0.1243 0.4561 -0.8812
vn -0.0594 0.8246 -0.5626
vn -0.1165 -0.3727 -0.9206
vn -0.1181 -0.0381 -0.9923
vn -0.1092 -0.3695 -0.9228
vn 0.0687 0.0982 -0.9928
vn 0.7299 0.0624 -0.6807
vn 0.1458 0.9805 -0.1316
vn 0.0524 0.7055 -0.7067
vn 0.1458 0.9805 -0.1315
vn 0.2134 -0.8701 -0.4443
vn -0.0719 -0.7894 -0.6097
vn -0.3033 0.5003 -0.8110
vn -0.1232 0.0145 -0.9923
vn 0.1389 0.0854 -0.9866
vn 0.7468 0.0240 -0.6647
vn 0.0751 0.8813 -0.4665
vn 0.0878 0.8725 -0.4807
vn 0.0663 -0.8323 -0.5504
vn 0.0678 -0.8311 -0.5520
vn 0.1346 0.0685 -0.9885
vn 0.1304 0.0678 -0.9891
vn 0.1185 0.5002 -0.8577
vn 0.1185 0.5002 -0.8578
vn -0.0975 0.9149 -0.3917
vn -0.0795 -0.8038 -0.5895
vn 0.2855 0.9524 -0.1067
vn 0.3610 -0.7774 -0.5150
vn -0.1173 -0.8153 -0.5671
vn -0.2179 0.0262 -0.9756
vn 0.1531 0.0945 -0.9837
vn 0.1280 0.6016 -0.7885
vn 0.1922 0.9650 -0.1783
vn 0.6131 0.0038 -0.7900
vn 0.1354 0.9721 -0.1916
vn 0.7923 0.0516 -0.6079
vn 0.1962 -0.9311 -0.3076
vn 0.1316 -0.9411 -0.3114
vn 0.0166 0.0980 -0.9951
vn 0.7492 0.0234 -0.6620
vn 0.0170 -0.3118 -0.9500
vn 0.7711 0.0052 -0.6367
vn 0.6007 0.0643 -0.7969
vn 0.4346 -0.6245 -0.6490
vn 0.2801 -0.8832 -0.3761
vn -0.3107 0.9498 -0.0356
vn 0.9209 0.0322 -0.3886
vn 0.9348 0.0148 -0.3548
vn 0.6363 0.0757 -0.7678
vn 0.9181 0.0249 -0.3955
vn -0.1731 -0.5134 -0.8405
vn -0.0572 0.8761 -0.4788
vn 0.0730 0.1016 -0.9921
vn 0.0729 0.1016 -0.9921
vn 0.0744 0.9944 -0.0756
vn 0.7123 -0.3671 -0.5982
vn -0.1835 -0.5242 -0.8316
vn -0.2116 0.0391 -0.9766
vn 0.0674 -0.7720 -0.6320
vn 0.0711 0.0769 -0.9945
vn 0.0675 -0.7720 -0.6320
vn -0.2224 -0.0278 -0.9746
vn -0.0314 0.1004 -0.9944
vn 0.6900 0.0153 -0.7236
vn 0.8018 0.1895 -0.5667
vn -0.0051 0.9986 0.0529
vn -0.0152 0.9986 0.0510
vn 0.0466 0.6043 0.7954
vn 0.0409 0.5831 0.8113
vn 0.9894 -0.0023 0.1450
vn 0.0500 -0.0674 0.9965
vn 0.0512 -0.0701 0.9962
vn 0.0101 -0.9913 0.1315
vn 0.0158 -0.9898 0.1414
vn 0.0512 -0.0711 0.9962
vn 0.0497 -0.0715 0.9962
vn 0.0169 0.9543 0.2984
vn 0.0126 0.9565 0.2915
vn 0.0500 -0.0643 0.9967
vn 0.0110 -0.9898 0.1421
vn 0.0510 -0.0670 0.9964
vn 0.0151 -0.9887 0.1493
vn 0.0484 -0.0696 0.9964
vn 0.9354 0.0223 -0.3530
vn 0.9707 0.0283 -0.2387
vn 0.9735 0.0163 -0.2281
vn 0.9367 0.0183 -0.3496
vn 0.0502 -0.0690 0.9964
vn 0.0175 0.9479 0.3180
vn 0.9746 -0.0717 -0.2121
vn 0.9368 -0.0025 -0.3497
vn 0.1661 -0.9119 -0.3754
vn 0.2821 0.9481 -0.1467
vn 0.0629 0.0780 -0.9950
vn 0.0169 -0.3118 -0.9500
vn -0.1166 -0.9050 -0.4092
vn -0.1207 0.9449 -0.3042
vn 0.1281 0.6016 -0.7885
vn 0.9277 0.0217 -0.3728
vn 0.3131 -0.8108 -0.4945
vn -0.1553 0.9701 -0.1865
vn 0.0445 -0.8836 -0.4660
vn 0.7678 0.0507 -0.6387
vn 0.2646 -0.8707 -0.4146
vn 0.9720 0.0416 -0.2314
vn 0.0255 0.9837 0.1782
vn -0.5831 -0.0598 0.8102
vn -0.6504 0.3915 0.6509
vn 0.0649 0.8256 0.5606
vn 0.3755 -0.0097 0.9268
vn -0.5399 -0.1225 0.8327
vn 0.3103 0.5228 0.7940
vn -0.9515 -0.0886 0.2946
vn -0.0017 -0.9977 -0.0679
vn -0.0013 -0.9982 -0.0600
vn -0.9219 -0.0453 0.3847
vn 0.9745 -0.0906 0.2055
vn 0.0003 -0.9973 -0.0732
vn 0.8760 0.0200 0.4818
vn 0.6118 -0.2224 0.7591
vn 0.8720 -0.0360 0.4882
vn 0.9558 -0.0048 0.2940
vn -0.0335 0.0654 -0.9973
vn -0.0385 0.9747 -0.2202
vn 0.9912 -0.0256 0.1302
vn -0.0495 0.0544 -0.9973
vn -0.1136 -0.9635 0.2424
vn 0.4959 0.8378 0.2285
vn -0.0170 -0.9566 -0.2908
vn -0.9657 -0.0078 0.2597
vn -0.9162 -0.0172 0.4003
vn -0.9160 -0.0167 0.4007
vn -0.9176 -0.0289 0.3965
vn -0.0499 0.0639 -0.9967
vn -0.0159 0.9859 -0.1665
vn -0.9679 0.0028 0.2514
vn -0.9204 -0.0200 0.3904
vn -0.5132 0.0866 0.8539
vn -0.3771 0.6217 0.6865
vn -0.7406 -0.0509 0.6700
vn -0.1012 -0.9433 0.3161
vn -0.7079 -0.0548 0.7042
vn -0.8319 -0.0146 0.5548
vn -0.2351 0.7965 0.5571
vn -0.2308 0.4175 0.8789
vn -0.2583 -0.0232 0.9658
vn 0.1226 0.8952 0.4286
vn 0.6735 -0.0396 0.7381
vn 0.4070 0.7499 0.5215
vn -0.1238 -0.0636 0.9903
vn 0.1294 -0.9345 0.3315
vn 0.1428 -0.9362 0.3212
vn 0.0103 -0.2977 0.9546
vn 0.7808 0.0056 0.6247
vn 0.2300 -0.0468 0.9721
vn 0.8611 -0.0481 0.5062
vn 0.0122 -0.1060 0.9943
vn 0.2022 0.4505 0.8696
vn -0.2359 0.8063 0.5425
vn -0.5833 -0.0032 0.8123
vn -0.7941 -0.0641 0.6044
vn -0.9188 -0.0168 0.3944
vn -0.1773 -0.9222 0.3437
vn -0.6225 -0.0372 0.7817
vn -0.9158 -0.0304 0.4006
vn -0.0378 0.0598 -0.9975
vn -0.0303 0.9755 -0.2181
vn -0.0111 0.9873 -0.1585
vn -0.9698 -0.0148 0.2436
vn -0.9368 -0.0217 0.3491
vn -0.0275 0.0527 -0.9982
vn -0.9742 -0.0085 0.2257
vn 0.9903 -0.0125 0.1383
vn -0.0525 0.0568 -0.9970
vn -0.0501 0.0540 -0.9973
vn 0.9837 -0.0033 0.1798
vn -0.0067 -0.9456 -0.3252
vn -0.0612 0.0562 -0.9965
vn -0.0091 -0.9492 -0.3144
vn 0.9690 -0.0147 0.2468
vn 0.9573 -0.0229 0.2882
vn 0.9550 -0.0129 0.2964
vn 0.8442 -0.0277 0.5354
vn 0.9666 -0.0206 0.2556
vn 0.0587 0.9294 0.3644
vn 0.2792 -0.9277 0.2480
vn 0.7077 -0.0565 0.7042
vn 0.1982 0.9432 0.2665
vn 0.3180 -0.9092 0.2689
vn -0.0820 0.8997 0.4288
vn -0.0878 -0.9402 0.3292
vn 0.2751 0.7116 0.6465
vn -0.0671 -0.8712 0.4863
vn 0.6916 -0.1504 0.7064
vn 0.4136 0.0061 0.9104
vn 0.4620 -0.7602 0.4567
vn -0.1510 -0.1204 0.9812
vn -0.1285 -0.5841 0.8015
vn 0.0978 -0.9182 0.3838
vn 0.2484 0.8246 0.5084
vn 0.0760 0.8076 0.5848
vn 0.1606 0.6876 0.7081
vn 0.2332 -0.0231 0.9722
vn 0.8162 -0.0195 0.5774
vn 0.3757 -0.0612 0.9247
vn 0.3206 -0.5806 0.7484
vn 0.0306 -0.9025 0.4297
vn -0.5808 -0.0369 0.8132
vn -0.3542 -0.7484 0.5607
vn -0.6192 -0.0550 0.7833
vn -0.4240 0.7415 0.5201
vn -0.2847 0.8414 0.4594
vn 0.1807 -0.9727 0.1458
vn -0.3030 -0.9428 0.1386
vn 0.8625 -0.0314 0.5052
vn -0.0501 -0.9248 -0.3771
vn 0.9903 0.0128 0.1384
vn 0.7716 -0.1494 0.6184
vn 0.9606 0.0072 0.2778
vn 0.5858 -0.7199 0.3722
vn 0.8507 -0.0250 0.5251
vn 0.1895 0.8680 0.4590
vn 0.9863 -0.0177 0.1641
vn -0.0124 0.9845 -0.1751
vn 0.9577 -0.0259 0.2865
vn -0.0608 0.0720 -0.9956
vn -0.0100 0.9825 -0.1861
vn -0.9704 -0.0210 0.2408
vn -0.0500 0.0611 -0.9969
vn -0.9716 -0.0265 0.2351
vn -0.0109 -0.9672 -0.2537
vn -0.0510 0.0667 -0.9965
vn -0.1891 -0.9281 0.3208
vn -0.2148 0.9522 0.2173
vn -0.8221 -0.0152 0.5691
vn -0.9222 -0.0223 0.3860
vn -0.8084 -0.0569 0.5859
vn -0.7926 0.0234 0.6093
vn -0.9436 -0.0396 0.3287
vn -0.0329 0.0531 -0.9980
vn -0.2597 -0.5434 0.7983
vn -0.2968 -0.0748 0.9520
vn -0.2192 -0.9557 0.1965
vn -0.0205 -0.9536 0.3004
vn -0.2808 -0.0912 0.9554
vn -0.1047 0.9886 0.1081
vn 0.6587 0.0194 0.7521
vn 0.3085 0.8002 0.5143
vn -0.2330 0.5187 0.8226
vn 0.1997 0.8663 0.4579
vn 0.2844 -0.8889 0.3591
vn 0.1522 -0.9356 0.3187
vn -0.1424 -0.0892 0.9858
vn -0.1208 -0.5768 0.8079
vn 0.1020 -0.0306 0.9943
vn 0.7032 -0.0788 0.7066
vn -0.7207 -0.0345 0.6924
vn 0.0774 0.6319 0.7712
vn 0.0200 0.9414 0.3368
vn -0.2126 0.9008 0.3787
vn -0.5382 -0.7432 0.3976
vn -0.1726 -0.9665 0.1901
vn 0.2187 -0.0630 0.9738
vn 0.1534 -0.7663 0.6239
vn 0.1275 -0.8045 0.5801
vn -0.6330 -0.0861 0.7693
vn 0.1444 -0.0301 0.9891
vn 0.3054 -0.9373 0.1676
vn 0.2761 0.8701 0.4083
vn 0.0933 0.7457 0.6597
vn 0.8180 -0.0105 0.5751
vn -0.0073 1.0000 0.0007
vn -0.0345 0.7278 -0.6849
vn 0.9804 0.0015 0.1968
vn -0.0046 1.0000 0.0053
vn -0.0387 0.7398 -0.6717
vn 0.9809 0.0030 0.1944
vn 0.8625 -0.0446 0.5041
vn -0.0495 0.2182 -0.9746
vn -0.9570 -0.0051 0.2899
vn -0.0295 0.8447 -0.5344
vn -0.9802 -0.0540 0.1906
vn -0.0501 0.2210 -0.9740
vn -0.9197 0.0233 0.3919
vn -0.9446 -0.0295 0.3270
vn -0.0508 0.0673 -0.9964
vn -0.9685 -0.0011 0.2489
vn -0.0499 0.0721 -0.9961
vn -0.0297 0.8458 -0.5326
vn -0.0112 -0.9651 -0.2615
vn 0.9980 0.0101 0.0629
vn -0.0258 -0.9512 -0.3074
vn 0.9911 -0.0221 0.1310
vn -0.7336 -0.0151 0.6795
vn 0.8388 -0.0148 0.5443
vn 0.0533 -0.9666 0.2506
vn -0.3890 0.7177 0.5776
vn 0.0829 0.8543 0.5131
vn -0.6125 -0.0329 0.7898
vn 0.2115 -0.0734 0.9746
vn 0.1273 0.8065 0.5773
vn 0.2311 -0.0671 0.9706
vn 0.2138 -0.8996 0.3809
vn 0.1971 -0.4353 0.8784
vn 0.2256 -0.9019 0.3684
vn 0.3932 0.8901 0.2303
vn 0.2534 0.8920 0.3743
vn -0.2353 -0.9717 0.0213
vn -0.0501 0.0525 -0.9974
vn -0.0125 0.9832 -0.1823
vn 0.9868 0.0074 0.1616
vn -0.0510 0.0575 -0.9970
vn 0.9856 -0.0023 0.1693
vn -0.0134 -0.9516 -0.3069
vn 0.9564 -0.0098 0.2919
vn -0.9307 -0.0105 0.3656
vn 0.2644 -0.9615 0.0747
vn 0.2808 0.8908 0.3571
vn -0.0097 0.9921 -0.1247
vn -0.0509 0.0512 -0.9974
vn -0.0496 0.0459 -0.9977
vn -0.9711 -0.0356 0.2361
vn -0.1171 -0.9821 0.1478
vn 0.4386 -0.3628 0.8222
vn -0.3904 -0.9199 -0.0376
vn 0.9997 0.0225 0.0136
vn 0.6908 -0.6538 -0.3089
vn -0.1163 0.0570 -0.9916
vn -1.0000 -0.0022 0.0006
vn 0.6515 -0.3925 -0.6492
vn -0.0713 0.0355 -0.9968
vn 0.6929 -0.2662 -0.6701
vn 0.9999 0.0048 0.0142
vn 1.0000 0.0017 0.0062
vn -0.0671 0.0597 -0.9960
vn 0.9999 -0.0002 0.0127
vn 0.7974 0.0954 0.5959
vn 0.0773 -0.0236 0.9967
vn 1.0000 -0.0004 0.0041
vn 0.0953 -0.0650 0.9933
vn 1.0000 0.0018 0.0062
vn -0.0595 -0.0578 0.9966
vn -1.0000 -0.0022 0.0007
vn -0.0068 0.9975 0.0709
vn -0.0126 0.9979 0.0639
vn 0.7187 0.3476 -0.6021
vn 0.6804 0.4744 -0.5586
vn 0.6982 0.6969 -0.1636
vn -0.0114 0.0873 -0.9961
vn 0.9998 0.0011 0.0173
vn 0.0419 -0.0593 0.9974
vn -0.2451 -0.9602 -0.1337
vn -0.6794 -0.3906 0.6212
vn -0.9997 0.0003 -0.0235
vn -0.7156 -0.2696 -0.6444
vn -0.1488 0.0515 -0.9875
vn -0.6981 0.3439 -0.6281
vn -0.0135 0.9980 0.0611
vn -0.6014 0.3124 0.7354
vn -1.0000 -0.0048 0.0062
vn -0.9990 -0.0037 0.0437
vn 0.2541 -0.0277 -0.9668
vn -0.9294 -0.0792 0.3604
vn -0.9355 0.0879 0.3421
vn -0.9999 -0.0141 0.0092
vn -0.6087 0.2207 0.7621
vn -0.9990 -0.0036 0.0437
vn -0.9990 -0.0037 0.0439
vn -0.2787 0.1390 -0.9503
vn -0.7347 0.2217 -0.6411
vn -0.9997 0.0173 -0.0190
vn -1.0000 0.0027 -0.0002
vn -0.9053 0.2188 -0.3641
vn -0.9852 0.0976 -0.1408
vn -0.9599 0.1963 -0.2002
vn -0.9969 0.0669 -0.0419
vn -0.9439 -0.1916 0.2691
vn -0.9546 0.1655 -0.2478
vn -0.8809 0.3733 0.2909
vn -0.9980 0.0480 0.0421
vn -0.0051 -0.9010 -0.4339
vn -0.9916 0.0966 0.0860
vn 0.0193 -0.4932 0.8697
vn 0.0612 -0.9969 -0.0496
vn -0.9969 0.0581 0.0537
vn -0.9985 0.0462 0.0302
vn -0.9988 0.0495 0.0005
vn -0.9988 0.0453 0.0184
vn -0.0285 0.4036 -0.9145
vn -0.0651 -0.0849 -0.9943
vn -0.0375 -0.0028 -0.9993
vn -0.0702 0.4030 -0.9125
vn -0.0347 -0.8879 -0.4588
vn -0.0616 -0.9971 -0.0446
vn -0.0093 0.7118 0.7023
vn 0.0104 0.9933 -0.1155
vn -0.0447 0.9031 -0.4271
vn 0.0692 0.7121 0.6986
vn -0.9844 -0.1409 0.1057
vn -0.9929 -0.1064 -0.0526
vn 0.0670 0.6961 0.7148
vn -0.9870 -0.1322 -0.0914
vn -0.9976 -0.0678 0.0165
vn -0.9971 -0.0682 0.0323
vn -0.9953 -0.0799 0.0554
vn -0.9745 -0.1802 0.1339
vn 0.2017 0.7544 -0.6246
vn -0.9551 0.2473 -0.1631
vn -0.9948 -0.0551 0.0856
vn 0.6522 0.6618 -0.3697
vn -0.9551 0.2776 -0.1037
vn 0.9391 0.3394 -0.0529
vn -0.8223 0.1945 0.5347
vn -0.5566 0.1716 0.8129
vn 0.5291 -0.1665 -0.8321
vn -0.5082 0.1602 0.8462
vn 0.4355 -0.2785 0.8560
vn -0.5068 0.3510 -0.7874
vn -0.2313 0.6251 -0.7455
vn 0.9024 0.4182 -0.1040
vn -0.9408 0.2108 -0.2654
vn -0.7756 0.5045 -0.3795
vn -0.3289 0.8442 -0.4233
vn 0.3083 0.9150 -0.2601
vn -0.7612 -0.6447 -0.0706
vn 0.7042 0.7082 -0.0515
vn 0.6427 0.6499 0.4056
vn -0.6301 -0.6511 -0.4231
vn -0.2626 -0.6742 -0.6903
vn 0.2131 0.6712 0.7100
vn -0.9968 0.0270 0.0757
vn -0.9577 -0.2209 -0.1847
vn -0.9968 0.0264 0.0758
vn -0.9577 -0.2178 -0.1880
vn -0.9961 0.0434 0.0762
vn -0.9580 -0.2543 -0.1323
vn -0.9960 -0.0224 0.0865
vn -0.9958 -0.0370 0.0839
vn -0.9547 0.2076 -0.2130
vn -0.9515 0.1242 -0.2815
vn -0.9956 -0.0189 0.0913
vn -0.9953 0.0069 0.0969
vn -0.9547 -0.0686 -0.2896
vn -0.9903 0.0004 0.1389
vn -0.9546 -0.0723 -0.2889
vn -0.9954 0.0072 0.0957
vn -0.9955 0.0076 0.0947
vn -0.9548 -0.0760 -0.2874
vn -0.9522 0.3053 -0.0063
vn -0.8667 -0.4964 -0.0493
vn -0.9502 0.2968 0.0948
vn -0.5891 -0.7533 -0.2924
vn -0.9469 0.2784 0.1609
vn 0.3490 -0.6394 -0.6851
vn -0.9436 0.2056 0.2597
vn 0.5570 -0.4355 -0.7072
vn -0.9404 0.1618 0.2991
vn -0.9995 -0.0317 -0.0000
vn 0.0331 0.4791 0.8771
vn 0.9896 -0.0559 -0.1324
vn 0.9775 -0.2098 -0.0234
vn 0.9861 -0.1620 -0.0356
vn 0.9946 -0.0844 -0.0599
vn 0.9945 -0.0585 -0.0864
vn 0.9931 -0.0541 -0.1038
vn 0.9887 -0.0572 -0.1382
vn 0.9495 0.3088 -0.0556
vn 0.9976 -0.0637 -0.0255
vn 0.9450 0.3033 -0.1225
vn 0.9533 0.3016 0.0137
vn 0.9609 0.2465 0.1259
vn 0.9186 -0.0693 -0.3891
vn 0.9197 0.0846 -0.3833
vn 0.9592 -0.0713 0.2737
vn 0.9607 0.1181 0.2512
vn 0.9657 -0.1835 0.1837
vn 0.9654 -0.2199 0.1400
vn 0.9346 0.2560 -0.2470
vn 0.9256 0.1956 -0.3241
vn 0.9327 -0.1765 -0.3146
vn 0.9485 -0.2751 -0.1572
vn 0.9399 0.2856 -0.1871
vn 0.9605 0.1235 0.2494
vn 0.9622 0.2099 0.1737
vn 0.9322 -0.1739 -0.3174
vn 0.9600 -0.2784 -0.0295
vn 0.9627 -0.2634 0.0618
vn -0.8647 -0.4986 0.0599
vn 0.9339 0.3352 -0.1247
vn 0.9971 0.0598 -0.0461
vn 0.8919 0.4073 -0.1965
vn 0.9967 0.0525 -0.0627
vn 0.6439 0.5799 -0.4991
vn -0.2405 0.1405 -0.9604
vn -0.0060 -0.0299 -0.9995
vn 0.2591 0.6110 -0.7481
vn -0.6276 0.2720 0.7294
vn -0.1160 0.4792 -0.8700
vn -0.6745 0.2787 0.6837
vn -0.2762 0.3064 -0.9110
vn 0.9963 0.0174 -0.0846
vn 0.9990 0.0036 -0.0435
vn 0.9968 0.0088 -0.0789
vn 0.9990 0.0036 -0.0439
vn 0.9939 0.0366 -0.1037
vn 0.9990 0.0037 -0.0439
vn 0.6323 0.7608 -0.1465
vn -0.7809 -0.6194 -0.0805
vn -0.9597 0.1533 -0.2357
vn -0.7723 0.5072 -0.3824
vn -0.2656 0.8608 -0.4342
vn -0.8768 0.0923 0.4719
vn 0.3755 -0.4917 -0.7856
vn -0.2643 -0.6729 -0.6910
vn -0.6139 -0.6624 -0.4294
vn 0.9970 0.0026 -0.0778
vn -0.1468 0.9111 0.3851
vn -0.6665 0.3944 0.6326
vn 0.6663 -0.3873 -0.6372
vn -0.5721 0.2976 0.7643
vn -0.9107 0.1393 -0.3889
vn -0.7480 0.0977 -0.6565
vn -0.2880 -0.0300 -0.9572
vn -0.2867 0.1915 0.9387
vn -0.9729 0.1465 -0.1787
vn 0.9997 0.0162 0.0166
vn 0.9991 0.0037 -0.0432
vn 0.9987 0.0065 0.0500
vn 0.9997 0.0229 0.0037
vn 0.9990 0.0037 -0.0438
vn 0.9990 0.0037 -0.0437
vn 0.9999 -0.0087 -0.0067
vn 0.9999 -0.0041 0.0098
vn 0.9942 0.0598 -0.0893
vn 0.9954 0.0961 -0.0051
vn 0.9874 0.0807 -0.1363
vn 0.9790 0.1016 -0.1769
vn 0.9997 -0.0140 -0.0177
vn 0.9995 0.0309 -0.0025
vn 0.9995 0.0302 -0.0024
vn 0.9965 -0.0118 -0.0831
vn 0.9970 -0.0038 -0.0773
vn 0.9995 -0.0229 -0.0220
vn 0.9991 -0.0341 -0.0242
vn 0.9925 0.1218 0.0134
vn 0.9983 0.0049 0.0576
vn 0.0668 -0.5579 0.8272
vn -0.9511 -0.2562 0.1725
vn -0.9545 -0.2753 0.1151
vn -0.9475 -0.2279 0.2244
vn -0.9565 -0.2916 -0.0048
vn -0.9547 -0.2932 0.0502
vn -0.9582 -0.2563 -0.1274
vn -0.9990 -0.0066 0.0446
vn -0.0530 0.0015 -0.9986
vn -0.9501 0.0438 0.3090
vn 0.1969 -0.1663 -0.9662
vn -0.9454 -0.3260 -0.0045
vn -0.7559 -0.5487 -0.3572
vn -0.2272 0.3327 0.9153
vn -0.4708 0.1546 -0.8686
vn -0.8523 0.2213 -0.4740
vn 0.2127 -0.5088 -0.8342
vn -0.1690 -0.6587 -0.7332
vn -0.9695 0.2305 0.0833
vn -0.9648 -0.0553 -0.2572
vn -0.9635 0.1272 -0.2357
vn -0.9516 -0.1138 0.2855
vn -0.9738 -0.2273 0.0003
vn -0.8649 0.1587 0.4762
vn 0.9336 -0.1569 -0.3222
vn 0.8288 -0.3566 -0.4311
vn 0.4199 -0.7284 -0.5415
vn 0.6543 0.6296 0.4190
vn -0.8351 0.4463 0.3214
vn -0.0512 -0.8446 -0.5330
vn 0.0228 -0.6488 0.7606
vn 0.0182 -0.9689 0.2469
vn -0.0490 0.2195 -0.9744
vn -0.0236 -0.6076 -0.7939
vn 0.9994 -0.0104 -0.0315
vn 0.9641 0.2388 -0.1163
vn -0.0897 0.3426 0.9352
vn 0.9968 0.0798 0.0004
vn 0.9513 0.3041 -0.0498
vn 0.9707 -0.2378 -0.0344
vn 0.8455 0.5045 -0.1751
vn 0.6764 0.6417 -0.3615
vn 0.9944 -0.0213 -0.1032
vn 0.2468 0.7503 -0.6133
vn -0.6764 0.1221 0.7263
vn -0.0469 0.1727 -0.9839
vn -0.4207 0.3869 -0.8205
vn -0.1775 0.6401 -0.7475
vn 0.9740 -0.0669 0.2166
vn 0.9753 0.2203 0.0170
vn 0.9372 0.1430 -0.3182
vn 0.9419 -0.0997 -0.3208
vn -0.6181 0.3996 0.6770
vn 0.6985 0.6659 0.2621
vn -0.7178 -0.6519 -0.2444
vn 0.7425 0.6315 0.2234
vn 0.6461 -0.3163 -0.6946
vn 0.7265 -0.2346 0.6459
vn -0.5844 0.1290 0.8011
vn -0.7445 0.2359 -0.6245
vn -0.9683 0.1888 -0.1638
vn 0.2931 -0.3249 -0.8992
vn -0.8766 0.0017 0.4812
vn -0.3837 -0.4840 -0.7865
vn -0.7866 -0.5190 -0.3345
vn 0.9078 -0.3224 -0.2682
vn 0.0365 0.8944 0.4458
vn -0.0339 0.5178 -0.8548
vn -0.0303 0.9923 0.1200
vn 0.0417 0.5610 0.8268
vn -0.0501 0.4779 -0.8770
vn 0.0506 0.2325 0.9713
vn 0.0623 0.0271 0.9977
vn -0.3783 -0.9243 0.0516
vn -0.4456 0.8691 -0.2148
vn -0.8475 0.4864 -0.2123
vn -0.4150 -0.8439 -0.3399
vn 0.4476 0.8347 0.3208
vn -0.7897 -0.6102 0.0630
vn 0.8049 0.5396 -0.2468
vn 0.5509 0.6387 -0.5372
vn -0.6295 0.1273 0.7665
vn 0.0287 0.0016 -0.9996
vn -0.5692 0.6533 -0.4993
vn -0.7568 0.3393 -0.5587
vn -0.5058 0.1518 -0.8492
vn -0.0717 0.8880 -0.4542
vn 0.6183 0.7511 -0.2313
vn -0.0398 0.6467 -0.7617
vn -0.6977 0.3691 -0.6140
vn 0.4036 0.4818 0.7778
vn -0.5564 0.0779 0.8272
vn -0.9991 0.0025 0.0417
vn -0.9985 0.0027 0.0544
vn -0.9991 0.0025 0.0413
vn -0.9986 0.0088 0.0519
vn 0.0319 0.6859 0.7270
vn -0.9983 -0.0294 0.0503
vn 0.0775 0.2599 0.9625
vn 0.0419 -0.1550 0.9870
vn -0.9992 0.0133 0.0378
vn -0.9986 0.0045 0.0526
vn 0.0110 -0.9033 0.4289
vn -0.9955 0.0951 0.0049
vn -0.9999 0.0079 0.0101
vn -0.9998 0.0109 0.0186
vn -0.9997 0.0138 0.0221
vn -0.9994 0.0261 0.0229
vn -0.9996 0.0180 0.0235
vn -0.9472 -0.1865 0.2607
vn -0.9507 -0.2211 0.2176
vn -0.5534 0.5530 -0.6229
vn -0.8480 0.4320 -0.3070
vn -0.9598 -0.1159 -0.2557
vn -0.9626 -0.2376 -0.1305
vn -0.9529 0.2719 -0.1345
vn -0.9541 0.2148 -0.2085
vn -0.9371 0.0558 0.3446
vn -0.9382 -0.1023 0.3306
vn -0.9546 0.1118 -0.2761
vn -0.9579 -0.0540 -0.2818
vn -0.9388 0.1162 0.3244
vn -0.9460 0.2477 0.2091
vn -0.9362 0.0875 0.3404
vn -0.9574 -0.0869 -0.2752
vn -0.9548 -0.2742 0.1147
vn -0.9620 -0.2652 -0.0653
vn -0.9625 -0.2397 -0.1272
vn -0.9620 -0.2642 -0.0695
vn -0.9528 0.3026 0.0252
vn -0.9538 0.2978 -0.0402
vn -0.9528 0.3022 0.0292
vn -0.9541 0.1682 -0.2476
vn -0.9545 0.1156 -0.2750
vn -0.8419 -0.1637 0.5142
vn -0.9993 0.0040 0.0373
vn -0.9993 0.0042 0.0373
vn 0.2747 0.3208 -0.9065
vn -0.6632 -0.1223 0.7384
vn -0.0365 0.8137 0.5802
vn 0.4334 0.3399 0.8346
vn 0.1704 0.1709 0.9704
vn -0.2224 0.0181 0.9748
vn -0.9649 0.2608 -0.0318
vn -0.5999 0.7358 0.3143
vn 0.5697 -0.7517 -0.3322
vn 0.0633 -0.8199 -0.5690
vn 0.4679 0.4676 0.7500
vn -0.9925 0.0463 0.1133
vn -0.9991 0.0025 0.0418
vn -0.9993 0.0025 0.0375
vn -0.9971 0.0302 0.0698
vn -0.0639 -0.4540 -0.8887
vn -0.0425 0.4897 -0.8708
vn -0.9987 -0.0139 0.0493
vn -0.9993 0.0017 0.0369
vn -0.0342 0.4036 -0.9143
vn -0.0712 0.7954 -0.6019
vn 0.0518 -0.9682 -0.2446
vn -0.0378 -0.9700 -0.2402
vn 0.0106 0.7950 -0.6065
vn 0.9993 -0.0374 0.0005
vn -0.9968 -0.0714 0.0369
vn 0.9972 0.0515 -0.0539
vn -0.0324 -0.9758 -0.2163
vn 0.9980 0.0011 -0.0626
vn 0.9983 -0.0026 -0.0577
vn 0.9984 -0.0052 -0.0555
vn 0.9179 -0.0221 -0.3962
vn 0.9399 -0.2158 -0.2645
vn 0.9881 0.1236 0.0919
vn -0.2753 0.6558 0.7030
vn -0.4055 0.1713 0.8979
vn 0.9991 -0.0025 -0.0417
vn -0.7809 0.2235 -0.5833
vn -0.4315 0.1559 -0.8886
vn -0.9519 0.2170 -0.2163
vn 0.9490 0.3111 -0.0511
vn -0.8902 -0.4542 -0.0351
vn 0.8800 0.4725 0.0486
vn -0.0779 0.0069 0.9969
vn -0.9542 0.2145 -0.2083
vn 0.9987 -0.0487 -0.0181
vn 0.9426 0.2790 -0.1832
vn -0.7063 0.6421 -0.2979
vn 0.9274 0.2220 -0.3011
vn 0.9990 -0.0433 0.0060
vn 0.9981 -0.0554 -0.0273
vn 0.9480 0.2948 -0.1199
vn -0.1428 0.9570 -0.2526
vn 0.4522 0.8897 -0.0624
vn 0.9968 -0.0706 -0.0382
vn 0.9529 0.2983 -0.0544
vn 0.9571 0.2896 0.0124
vn -0.6875 -0.7192 -0.1005
vn 0.9909 -0.1193 -0.0623
vn 0.9650 0.2321 0.1222
vn 0.9991 -0.0047 -0.0432
vn -0.6116 -0.6618 -0.4337
vn 0.9946 -0.0905 -0.0514
vn 0.0408 0.9662 0.2545
vn 0.0306 0.2601 0.9651
vn 0.0669 -0.0619 0.9958
vn 0.9942 0.0118 -0.1069
vn 0.9990 -0.0033 -0.0436
vn 0.9990 -0.0032 -0.0436
vn 0.9991 -0.0040 -0.0432
vn 0.5571 -0.3008 -0.7741
vn -0.3748 -0.6445 -0.6664
vn 0.9991 -0.0024 -0.0415
vn -0.7033 0.1983 0.6827
vn -0.8009 0.2024 0.5636
vn 0.9641 0.1050 0.2440
vn 0.9640 0.1583 0.2135
vn 0.9634 -0.0509 0.2633
vn 0.3644 -0.1500 0.9191
vn 0.9991 -0.0025 -0.0414
vn 0.9844 0.0086 -0.1759
vn 0.0225 -0.0053 0.9997
vn -0.4729 0.3789 -0.7955
vn 0.9960 0.0188 -0.0874
vn 0.9991 -0.0025 -0.0416
vn 0.9613 -0.0921 0.2595
vn 0.9650 -0.1907 0.1802
vn -0.1791 0.6428 -0.7448
vn 0.9968 0.0264 -0.0754
vn 0.2746 0.7466 -0.6059
vn 0.9969 0.0338 -0.0705
vn 0.9644 -0.2259 0.1375
vn 0.6933 0.6288 -0.3520
vn 0.9966 0.0471 -0.0670
vn 0.9634 -0.2530 0.0882
vn 0.8801 0.4476 -0.1586
vn 0.9794 0.1942 -0.0551
vn 0.8374 0.5176 -0.1757
vn 0.9619 -0.2715 0.0328
vn 0.8947 -0.1650 0.4151
vn 0.9256 0.1136 -0.3611
vn 0.9540 -0.2874 -0.0849
vn 0.9905 0.1364 -0.0193
vn 0.9910 0.1330 -0.0170
vn 0.9535 -0.2872 -0.0910
vn 0.9991 -0.0025 -0.0418
vn -0.0064 0.9850 -0.1725
vn -0.9959 -0.0809 0.0406
vn -0.9981 -0.0331 0.0513
vn -0.9982 -0.0205 0.0565
vn -0.9970 -0.0173 0.0758
vn -0.9977 -0.0175 0.0650
vn 0.0853 0.9608 -0.2637
vn 0.5878 0.8065 -0.0636
vn -0.6142 -0.7874 0.0534
vn -0.9599 -0.2602 -0.1040
vn -0.4652 0.7525 -0.4663
vn -0.1728 0.4957 -0.8511
vn -0.4095 0.6020 -0.6856
vn -0.9951 -0.0883 0.0448
vn -0.9949 -0.0896 0.0459
vn -0.9982 -0.0604 -0.0018
vn -0.9350 -0.3080 -0.1756
vn -0.9978 0.0355 0.0552
vn -0.9974 0.0346 0.0637
vn -0.9979 0.0357 0.0547
vn -0.9973 0.0347 0.0646
vn -0.9977 0.0624 0.0254
vn -0.9659 0.2574 -0.0287
vn -0.9448 0.1101 0.3088
vn 0.0210 -0.3702 -0.9287
vn 0.1616 -0.3638 -0.9174
vn 0.0211 0.4991 -0.8663
vn 0.4194 0.3005 -0.8566
vn -0.9991 0.0024 0.0419
vn 0.5606 0.1342 -0.8172
vn -0.9393 0.0049 0.3430
vn -0.9970 -0.0063 -0.0773
vn -0.2849 0.0237 0.9583
vn -0.9445 0.1488 0.2930
vn -0.9994 -0.0341 -0.0061
vn -0.7453 0.3287 0.5800
vn -0.9963 -0.0850 -0.0111
vn 0.0282 0.8527 0.5217
vn 0.0290 0.0442 0.9986
vn -0.9979 -0.0129 -0.0634
vn -0.9996 -0.0267 -0.0136
vn -0.9986 -0.0519 -0.0071
vn -0.9993 -0.0174 -0.0342
vn -0.9966 -0.0820 -0.0103
vn -0.3447 -0.8708 -0.3507
vn 0.3201 -0.7684 -0.5542
vn -0.9983 -0.0540 0.0236
vn -0.9566 0.2499 0.1497
vn -0.9537 0.2231 0.2017
vn -0.9060 -0.4195 0.0568
vn -0.9982 -0.0390 0.0464
vn -0.9580 0.2848 0.0323
vn 0.9545 0.2753 -0.1147
vn -0.9974 -0.0410 0.0598
vn -0.9581 0.2786 -0.0663
vn 0.9295 0.3282 -0.1685
vn -0.8767 0.3025 0.3739
vn 0.8832 -0.2990 -0.3614
vn 0.2275 0.1925 0.9546
vn -0.4952 -0.0148 -0.8687
vn -0.5573 0.1334 -0.8195
vn -0.4759 0.2933 -0.8291
vn -0.1833 0.4848 -0.8552
vn 0.3528 0.5932 -0.7236
vn 0.7503 0.4981 -0.4347
vn 0.8800 -0.3012 -0.3673
vn -0.9609 -0.2459 -0.1271
vn -0.9929 0.0700 0.0960
vn 0.7055 -0.5640 -0.4291
vn -0.9994 -0.0152 0.0323
vn -0.9605 -0.2125 -0.1797
vn -0.9971 0.0493 0.0588
vn -0.0355 -0.7587 -0.6505
vn 0.0143 -0.9183 0.3956
vn -0.9931 0.1174 0.0008
vn -0.9966 0.0615 0.0556
vn -0.9965 0.0611 0.0565
vn -0.9955 0.0613 0.0720
vn -0.9594 -0.2818 -0.0064
vn 0.3484 0.9254 0.1492
vn -0.2242 0.8948 0.3861
vn -0.9606 -0.2693 -0.0684
vn -0.9594 -0.2819 -0.0026
vn -0.3670 -0.9204 -0.1346
vn -0.8399 0.5322 -0.1065
vn -0.9575 -0.2651 0.1139
vn 0.5267 0.8145 -0.2432
vn -0.9543 -0.2463 0.1690
vn 0.4261 0.7958 -0.4303
vn -0.9981 0.0598 0.0125
vn 0.0967 0.7719 -0.6283
vn -0.9994 0.0309 0.0176
vn -0.9511 -0.2191 0.2176
vn -0.9996 0.0200 0.0175
vn -0.9481 -0.1842 0.2593
vn -0.4402 0.5854 -0.6808
vn -0.9998 0.0109 0.0140
vn -0.9990 -0.0031 0.0450
vn -0.9092 0.1834 -0.3739
vn -0.8806 0.1888 -0.4347
vn -0.9339 -0.0676 0.3510
vn -0.5522 0.1339 -0.8229
vn -1.0000 0.0043 -0.0008
vn -0.9990 -0.0031 0.0452
vn -0.0134 -0.4597 -0.8880
vn 0.0256 -0.9933 0.1124
vn 0.0102 -0.6238 0.7815
vn -0.0654 -0.4597 -0.8856
vn 0.0803 -0.6241 0.7772
vn -0.0614 0.1210 -0.9907
vn -0.0303 0.8103 -0.5853
vn -0.0295 0.5625 -0.8262
vn -0.0597 0.9981 0.0156
vn -0.0582 -0.3953 -0.9167
vn 0.0589 0.9982 0.0086
vn 0.9994 0.0330 -0.0059
vn 0.9988 -0.0479 0.0046
vn 0.9993 0.0048 -0.0361
vn 0.9993 0.0032 -0.0372
vn 0.9993 0.0019 -0.0374
vn 0.9993 0.0002 -0.0368
vn 0.9994 -0.0026 -0.0349
vn 0.9301 0.1641 -0.3287
vn 0.9339 0.2101 -0.2894
vn 0.1616 0.6306 -0.7591
vn 0.9981 -0.0558 0.0252
vn -0.3401 0.4666 -0.8165
vn -0.7900 0.1811 -0.5858
vn -0.7931 0.5475 0.2671
vn -0.9326 0.2414 0.2683
vn -0.4612 0.8697 0.1758
vn 0.0847 0.9953 -0.0474
vn 0.6248 0.6822 -0.3796
vn -0.9672 -0.2482 0.0547
vn 0.9531 0.2906 -0.0843
vn 0.9594 -0.2062 -0.1923
vn 0.8246 -0.2802 -0.4914
vn 0.5106 -0.3014 -0.8052
vn 0.6094 0.0231 0.7925
vn 0.3127 0.1724 0.9341
vn -0.6537 0.1222 -0.7468
vn -0.6627 0.2524 -0.7050
vn -0.5468 0.4190 -0.7249
vn -0.1719 0.6359 -0.7524
vn 0.4664 0.6780 -0.5682
vn 0.8828 0.4234 -0.2036
vn 0.9990 0.0031 -0.0451
vn 1.0000 -0.0026 -0.0093
vn 0.9999 -0.0104 -0.0062
vn 0.0679 0.2883 0.9551
vn 0.0337 -0.4860 0.8733
vn 0.9992 -0.0259 -0.0304
vn 0.9990 0.0282 -0.0357
vn 0.9999 0.0099 -0.0075
vn -0.0007 0.9403 0.3404
vn 0.9683 -0.0023 -0.2499
vn 0.9897 -0.1153 -0.0847
vn 0.9932 -0.0238 -0.1141
vn 0.9947 -0.0303 -0.0985
vn 0.9951 -0.0398 -0.0907
vn 0.9932 -0.0827 -0.0823
vn 0.9929 -0.0859 -0.0822
vn 0.9610 0.2669 0.0719
vn 0.9669 0.1965 0.1627
vn 0.9990 0.0032 -0.0450
vn 0.9937 0.1011 -0.0492
vn 0.9647 -0.2615 -0.0316
vn 0.9961 0.0579 -0.0662
vn 0.9671 -0.2487 0.0544
vn 0.9910 0.1217 -0.0559
vn 0.9959 0.0443 -0.0783
vn 0.9695 -0.2092 0.1278
vn 0.9951 0.0407 -0.0897
vn 0.9698 -0.1756 0.1696
vn 0.9668 -0.0943 0.2374
vn 0.9927 0.0414 -0.1132
vn 0.9990 0.0031 -0.0452
vn 0.9661 0.0565 0.2520
vn 0.9641 0.0973 0.2470
vn 0.9990 0.0031 -0.0450
vn 0.9974 0.0642 -0.0341
vn 0.9614 -0.2599 -0.0905
vn 0.8747 0.4825 0.0464
vn 0.0168 0.8269 0.5622
vn 0.9990 0.0415 -0.0189
vn 0.9499 -0.2356 -0.2052
vn 0.5325 0.7844 0.3180
vn 0.9986 0.0464 -0.0261
vn 0.9543 -0.2551 -0.1558
vn -0.5636 0.4286 0.7062
vn 0.9389 -0.1622 -0.3036
vn 0.9992 0.0390 0.0117
vn 0.5485 -0.2925 -0.7833
vn 0.9964 0.0476 0.0696
vn 0.9990 0.0031 -0.0453
vn 0.9253 -0.0611 -0.3743
vn 0.9975 -0.0573 -0.0424
vn 0.9538 0.2952 -0.0558
vn 0.9989 -0.0424 -0.0216
vn 0.9398 0.2853 -0.1883
vn 0.9953 -0.0771 -0.0592
vn 0.9577 0.2876 0.0074
vn 0.9608 0.2687 0.0684
vn -0.0210 -0.0149 -0.9997
vn 0.3882 -0.1700 -0.9057
vn -0.5638 0.1329 -0.8151
vn -0.8463 0.1838 -0.4999
vn 0.9251 0.0852 -0.3700
vn 0.9990 0.0031 -0.0449
vn -0.9969 -0.0278 0.0734
vn -0.9934 -0.0650 0.0943
vn -0.9928 -0.0150 0.1191
vn -0.9945 -0.0229 0.1022
vn -0.9950 -0.0310 0.0946
vn -0.9949 -0.0423 0.0918
vn -0.9935 -0.0639 0.0940
vn -0.9994 -0.0146 0.0324
vn -0.9995 -0.0056 0.0324
vn -0.9996 -0.0034 0.0297
vn -0.9581 0.2027 -0.2025
vn -0.9589 0.2392 -0.1525
vn -0.9572 0.1578 -0.2428
vn -0.9990 -0.0031 0.0453
vn -0.9548 0.0797 -0.2864
vn -0.9547 -0.0491 -0.2936
vn -0.9605 -0.2095 -0.1830
vn 0.6102 -0.5267 -0.5918
vn -0.9990 -0.0032 0.0450
vn -0.9446 0.1534 0.2902
vn -0.5900 0.1371 0.7957
vn 0.7254 -0.2432 -0.6440
vn -0.9989 -0.0030 0.0464
vn -0.9999 -0.0122 -0.0003
vn 0.1185 -0.1896 -0.9747
vn -1.0000 -0.0038 -0.0021
vn -0.2683 -0.0178 -0.9632
vn -0.9865 -0.1371 -0.0894
vn 0.0468 0.6820 0.7299
vn 0.0344 -0.3886 0.9208
vn -0.9985 0.0346 -0.0432
vn -0.9998 -0.0216 0.0008
vn -0.9993 -0.0356 -0.0068
vn -0.9999 0.0059 -0.0093
vn -0.9957 0.0417 -0.0829
vn -0.5308 0.2829 -0.7989
vn -0.6715 0.1186 -0.7314
vn -0.7804 0.1453 -0.6082
vn 0.9453 -0.1983 -0.2591
vn 0.7891 0.5308 -0.3092
vn 0.0786 -0.9835 -0.1629
vn -0.1221 0.9766 0.1769
vn -0.7329 0.6150 0.2910
vn 0.5610 0.5196 -0.6444
vn 0.1412 0.4828 -0.8643
vn -0.9994 0.0336 0.0029
vn -0.9523 -0.1751 0.2500
vn -0.9993 0.0332 -0.0179
vn -0.9989 -0.0029 0.0464
vn -0.9452 -0.0954 0.3122
vn -0.9612 0.1969 -0.1934
vn -0.9520 0.0818 -0.2950
vn -0.9551 -0.2437 0.1687
vn -0.9623 -0.2718 0.0012
vn -0.9598 -0.0123 -0.2803
vn -0.9625 -0.1631 -0.2166
vn -0.9438 0.0682 0.3235
vn -0.9471 0.1029 0.3040
vn -0.9545 0.1802 0.2375
vn -0.9619 0.2318 -0.1449
vn -0.9623 0.2571 -0.0889
vn -0.9572 0.2137 0.1950
vn -0.9621 0.2712 -0.0294
vn -0.9594 0.2651 0.0959
vn -0.9575 0.2493 0.1452
vn -0.9621 0.2714 -0.0255
vn -0.9624 -0.2718 -0.0023
vn -0.9625 -0.1662 -0.2143
vn -0.9625 -0.2271 -0.1483
vn -0.9635 -0.2605 -0.0624
vn 0.9644 -0.1750 -0.1980
vn -0.9919 0.0682 0.1075
vn -0.9408 0.1584 0.2996
vn 0.8965 -0.2151 -0.3873
vn -0.8642 0.2617 0.4298
vn -0.0505 -0.5668 -0.8223
vn -0.0115 -0.2259 -0.9741
vn -0.0703 0.8177 -0.5713
vn -0.5356 -0.6793 0.5017
vn -0.9426 -0.2381 0.2340
vn -0.9888 -0.0735 0.1303
vn -0.9938 -0.0011 0.1109
vn -0.9509 0.1395 0.2764
vn -0.9938 -0.0301 0.1066
vn -0.9939 -0.0018 0.1102
vn -0.9943 -0.0124 0.1062
vn -0.7879 0.2637 -0.5564
vn -0.6895 0.1161 -0.7149
vn -0.9989 -0.0030 0.0466
vn -0.4334 -0.0175 -0.9010
vn -0.0024 0.7489 -0.6626
vn -0.0796 -0.2265 -0.9708
vn 0.0735 0.8820 0.4655
vn -0.0276 0.8818 0.4708
vn 0.9949 -0.0944 0.0351
vn 0.9923 -0.0788 -0.0955
vn -0.0168 0.8522 0.5229
vn 0.9975 -0.0444 -0.0555
vn 0.9964 -0.0511 -0.0680
vn 0.9984 -0.0446 -0.0343
vn 0.9959 -0.0868 0.0260
vn 0.9986 -0.0463 -0.0273
vn 0.9709 -0.2387 0.0167
vn -0.9696 0.2441 -0.0145
vn -0.9517 0.2983 -0.0728
vn 0.9497 0.2749 -0.1500
vn 0.9535 0.2785 -0.1150
vn -0.8295 0.4520 -0.3282
vn -0.5191 0.5600 -0.6457
vn -0.3243 -0.3522 -0.8779
vn 0.2953 0.3446 0.8911
vn -0.7453 -0.3724 -0.5530
vn 0.7640 0.3682 0.5298
vn 0.0092 0.4896 -0.8719
vn 0.8311 0.3433 0.4376
vn -0.4615 -0.1271 0.8780
vn 0.3535 0.3016 -0.8855
vn 0.4642 0.1365 -0.8752
vn 0.9574 -0.2458 -0.1517
vn 0.9983 0.0523 -0.0253
vn -0.4888 0.7925 0.3646
vn 0.9446 -0.1558 -0.2890
vn 0.9975 0.0584 0.0392
vn -0.0482 -0.4278 -0.9026
vn 0.0266 -0.9360 0.3510
vn 0.9954 0.0643 0.0705
vn 0.8755 0.4392 -0.2015
vn 0.9956 0.0790 -0.0499
vn 0.9515 0.1300 0.2790
vn 0.9973 0.0592 0.0429
vn 0.9987 0.0494 -0.0151
vn -0.6981 0.7160 -0.0008
vn 0.9642 -0.2632 -0.0326
vn -0.0730 0.8247 0.5609
vn 0.9536 -0.2260 -0.1990
vn 0.9894 0.1062 -0.0993
vn -0.0270 0.8890 -0.4571
vn 0.9702 -0.2304 0.0751
vn 0.9953 0.0487 -0.0834
vn 0.9709 -0.2052 0.1231
vn 0.5440 0.6405 -0.5421
vn 0.9712 -0.1727 0.1642
vn 0.9573 0.1647 -0.2377
vn 0.9962 0.0320 -0.0811
vn 0.9014 0.1951 -0.3866
vn 0.9619 -0.0469 0.2692
vn 0.9963 0.0195 -0.0832
vn 0.8659 0.1918 -0.4620
vn 0.9672 0.1541 0.2021
vn 0.3642 0.0176 0.9312
vn 0.9936 0.0018 -0.1127
vn 0.7599 0.3565 0.5435
vn 0.9957 -0.0234 -0.0894
vn 0.9903 -0.0050 -0.1387
vn -0.7588 -0.2595 -0.5973
vn 0.9989 0.0029 -0.0466
vn 0.9952 -0.0172 -0.0958
vn 0.9657 0.1814 0.1856
vn -0.6497 -0.5456 -0.5293
vn -0.3506 -0.7699 -0.5333
vn 0.9949 -0.0522 -0.0858
vn 0.9957 -0.0350 -0.0855
vn 0.9664 0.2016 0.1595
vn 0.0679 0.0715 0.9951
vn 0.0072 -0.8145 0.5802
vn 0.9999 -0.0019 -0.0157
vn 0.9989 0.0029 -0.0462
vn 0.9344 0.0482 -0.3528
vn 0.9999 -0.0016 -0.0155
vn 0.9989 0.0030 -0.0467
vn 0.9306 0.1085 -0.3495
vn 0.9998 -0.0075 -0.0162
vn 0.9998 -0.0154 -0.0139
vn 0.9400 -0.1040 -0.3248
vn 0.9994 0.0280 0.0193
vn 0.9402 -0.1072 -0.3234
vn 0.9442 -0.1532 -0.2917
vn 0.9403 0.1980 -0.2767
vn 0.9995 -0.0315 -0.0054
vn 0.9443 0.2343 -0.2309
vn 0.9632 0.2622 0.0587
vn 0.9609 0.2767 0.0076
vn 0.8154 -0.5603 -0.1454
vn 0.4623 -0.8157 -0.3478
vn 0.0156 -0.9717 0.2356
vn 0.0629 -0.8140 0.5775
vn -0.9957 0.0873 0.0299
vn -0.9958 0.0570 0.0713
vn -0.9967 0.0577 0.0571
vn -0.9967 0.0581 0.0563
vn -0.8911 0.2166 0.3989
vn 0.3998 0.0283 0.9161
vn -0.8554 -0.4910 0.1650
vn 0.8442 0.5065 -0.1757
vn -0.9919 -0.1038 0.0734
vn -0.9922 -0.1021 0.0716
vn -0.9853 -0.1695 -0.0206
vn -0.9971 -0.0743 0.0180
vn -0.9403 -0.3366 0.0506
vn -0.8946 -0.4449 -0.0428
vn -0.9967 -0.0743 0.0328
vn -0.4868 -0.7282 -0.4825
vn -0.9953 -0.0951 -0.0178
vn 0.4901 0.7659 -0.4162
vn -0.9728 -0.1852 0.1392
vn -0.0234 -0.6883 -0.7251
vn -0.9821 -0.1518 -0.1114
vn -0.2420 0.7599 -0.6033
vn -0.6344 0.5101 -0.5809
vn -0.9989 0.0417 0.0235
vn 0.4436 -0.3292 -0.8336
vn -0.4202 0.4645 0.7795
vn -0.9996 -0.0131 0.0253
vn -0.9912 -0.0347 -0.1276
vn -0.4702 0.1167 0.8748
vn -0.9993 -0.0110 -0.0368
vn -0.5018 -0.0359 0.8642
vn -0.9932 -0.0356 -0.1109
vn 0.0135 0.1363 0.9906
vn -0.0065 0.8630 0.5051
vn -0.9935 -0.1114 -0.0245
vn -0.9982 -0.0549 -0.0233
vn -0.9976 -0.0673 -0.0188
vn -0.9980 -0.0392 -0.0504
vn -0.9984 -0.0451 -0.0341
vn -0.8577 -0.4137 -0.3053
vn 0.3907 -0.2926 -0.8728
vn -0.9498 0.0833 0.3015
vn -0.9563 0.2092 0.2044
vn -0.9478 -0.1223 0.2944
vn -0.9538 -0.2195 0.2053
vn -0.9523 0.1395 -0.2712
vn -0.9566 0.2051 -0.2070
vn -0.9457 -0.0172 -0.3247
vn -0.9466 0.0461 0.3192
vn -0.9562 -0.2042 -0.2097
vn -0.9577 -0.2562 0.1311
vn -0.9556 -0.2287 -0.1857
vn -0.9576 -0.2438 -0.1533
vn -0.9580 -0.2863 0.0149
vn -0.9585 -0.2826 -0.0379
vn -0.9593 -0.2718 0.0762
vn -0.9585 0.2391 -0.1553
vn -0.9600 0.2628 -0.0966
vn -0.9542 0.1754 0.2424
vn -0.9610 0.2493 0.1196
vn -0.9610 0.2750 -0.0298
vn -0.9609 0.2750 -0.0336
vn 0.8677 0.4832 -0.1168
vn -0.9930 -0.1097 0.0445
vn -0.8747 -0.4722 0.1089
vn -0.9931 -0.1088 0.0431
vn -0.9718 -0.2337 -0.0309
vn -0.5713 0.1108 0.8133
vn -0.0801 -0.0352 0.9962
vn 0.3150 -0.1949 0.9289
vn -0.5396 0.3853 -0.7486
vn -0.2741 0.6607 -0.6988
vn 0.1829 0.7991 -0.5727
vn 0.6569 0.6855 -0.3138
vn -0.7299 0.1327 0.6706
vn -0.9421 0.2907 -0.1672
vn 0.3744 0.5952 0.7111
vn -0.5389 -0.6144 -0.5763
vn 0.5308 0.6810 0.5044
vn -0.1962 0.9798 0.0383
vn -0.2538 -0.9442 -0.2101
vn -0.7683 0.6307 -0.1090
vn -0.9942 -0.0158 0.1060
vn -0.9996 -0.0131 0.0252
vn -0.9992 -0.0155 0.0362
vn -0.9954 -0.0113 0.0950
vn -0.9970 0.0333 0.0703
vn -0.9902 0.1051 0.0915
vn -0.0515 0.1546 -0.9866
vn 0.0309 -0.8542 -0.5190
vn -0.9972 0.0243 0.0709
vn -0.9964 -0.0043 0.0847
vn 0.0083 -0.8747 0.4846
vn -0.9918 0.1213 -0.0397
vn 0.0201 -0.8172 -0.5761
vn -0.9731 0.1647 0.1609
vn -0.9972 0.0689 0.0279
vn -0.9934 0.1105 -0.0290
vn -0.9964 0.0842 0.0057
vn -0.9963 0.0729 0.0450
vn 0.0435 -0.9556 0.2914
vn -0.0474 -0.8170 -0.5747
vn 0.0593 -0.2465 0.9673
vn 0.0069 -0.2475 0.9689
vn 0.8988 0.4164 -0.1374
vn 0.9909 0.1155 -0.0697
vn 0.0336 0.0034 0.9994
vn 0.9933 0.0144 -0.1150
vn 0.9971 0.0500 -0.0575
vn 0.9974 0.0362 -0.0616
vn 0.9973 0.0301 -0.0673
vn 0.9966 0.0245 -0.0789
vn 0.7877 0.0678 -0.6123
vn 0.6065 0.1697 -0.7768
vn -0.6921 -0.0332 0.7210
vn 0.9996 0.0131 -0.0251
vn 0.9922 0.0164 -0.1238
vn 0.9603 -0.0769 0.2681
vn 0.9619 0.0796 0.2615
vn -0.2089 0.1343 0.9687
vn 0.9964 0.0047 -0.0844
vn 0.9996 0.0132 -0.0249
vn 0.9996 0.0131 -0.0254
vn 0.9996 0.0131 -0.0252
vn -0.3475 -0.3017 -0.8878
vn -0.6878 -0.4252 -0.5883
vn 0.9975 -0.0021 -0.0711
vn 0.9979 -0.0128 -0.0630
vn 0.9609 0.1761 0.2135
vn 0.9572 0.2698 0.1049
vn -0.5575 -0.7489 -0.3582
vn 0.9926 -0.0926 -0.0780
vn 0.9917 -0.0983 -0.0827
vn 0.0216 0.8600 0.5098
vn -0.0832 0.9444 -0.3181
vn -0.0183 0.5580 -0.8296
vn 0.9957 -0.0648 0.0666
vn 0.9421 -0.1820 0.2816
vn 0.9965 -0.0624 0.0548
vn 0.9992 -0.0398 0.0048
vn 0.9991 -0.0399 -0.0146
vn 0.9987 -0.0443 -0.0264
vn 0.9975 -0.0560 -0.0421
vn 0.0280 0.9713 0.2362
vn -0.6376 0.7697 0.0312
vn 0.9532 0.3019 -0.0185
vn 0.9555 0.2917 0.0439
vn -0.8846 0.4607 -0.0724
vn 0.9503 0.3004 -0.0818
vn -0.9612 0.2531 -0.1093
vn 0.9438 0.2796 -0.1761
vn -0.9513 0.2749 -0.1396
vn -0.4436 0.4822 -0.7555
vn 0.1413 0.3721 -0.9174
vn -0.1643 -0.3614 0.9178
vn -0.5342 0.0373 0.8445
vn -0.3928 0.2921 0.8720
vn 0.8512 0.4219 0.3122
vn -0.8599 -0.4151 -0.2971
vn 0.8694 0.4064 0.2811
vn 0.9426 0.3069 0.1313
vn -0.8109 0.4060 -0.4214
vn -0.0105 0.4733 0.8808
vn 0.9959 0.0851 0.0301
vn 0.9565 -0.2140 -0.1981
vn 0.9657 -0.2444 -0.0874
vn 0.9941 0.1081 -0.0019
vn 0.8539 0.5106 0.1007
vn -0.5977 -0.8017 -0.0010
vn 0.9680 -0.2494 -0.0298
vn 0.9900 0.1394 -0.0225
vn 0.0361 0.9793 -0.1991
vn 0.9650 0.2519 -0.0728
vn 0.9693 -0.2444 0.0276
vn 0.9996 0.0137 -0.0242
vn 0.9996 0.0132 -0.0252
vn 0.9996 0.0132 -0.0244
vn -0.9996 -0.0132 0.0248
vn 0.9397 -0.0291 -0.3407
vn 0.9399 -0.0609 -0.3361
vn 0.1077 0.3261 0.9392
vn 0.9436 -0.0894 -0.3189
vn 0.9979 0.0640 0.0054
vn 0.9561 -0.2123 -0.2017
vn 0.9959 0.0849 0.0315
vn 0.9560 -0.2100 -0.2050
vn 0.9958 0.0851 0.0334
vn 0.9996 0.0126 -0.0240
vn 0.9367 0.1308 -0.3249
vn 0.9366 0.1339 -0.3239
vn 0.9405 0.2277 -0.2522
vn 0.9381 0.1841 -0.2936
vn -0.0216 -0.5765 -0.8168
vn 0.9682 -0.1946 0.1570
vn 0.9698 -0.2301 0.0814
vn 0.1171 0.3736 -0.9202
vn -0.3390 0.5059 -0.7932
vn -0.3999 0.8430 -0.3597
vn -0.6070 0.6020 -0.5188
vn 0.0237 0.9473 -0.3195
vn -0.9971 -0.0733 0.0219
vn 0.0241 0.9462 -0.3226
vn -0.9994 -0.0162 0.0313
vn -0.9994 -0.0174 0.0299
vn -0.9994 -0.0188 0.0293
vn -0.9843 -0.1539 0.0868
vn -0.9950 -0.1000 -0.0065
vn -0.9620 -0.2646 -0.0673
vn -0.9695 0.2310 -0.0824
vn -0.8865 0.3542 -0.2978
vn -0.9996 0.0271 -0.0099
vn -0.5144 0.4621 -0.7224
vn -0.9999 0.0094 -0.0102
vn -0.9996 -0.0131 0.0251
vn 0.0255 0.3758 -0.9264
vn -0.9996 -0.0132 0.0257
vn -0.9999 0.0026 -0.0134
vn -0.3811 -0.1947 0.9038
vn -0.9998 -0.0034 -0.0205
vn -0.6393 -0.5144 -0.5715
vn 0.0094 0.4744 0.8803
vn -0.9983 0.0363 0.0463
vn -0.9992 0.0405 -0.0038
vn -0.9308 0.0266 -0.3645
vn -0.9995 -0.0066 0.0323
vn -0.9969 -0.0343 -0.0702
vn -0.9889 0.0006 -0.1486
vn -0.9934 0.1064 0.0423
vn 0.9963 -0.0795 -0.0314
vn -0.9512 -0.0171 0.3080
vn -0.9914 -0.0059 0.1304
vn 0.9962 0.0174 0.0858
vn 0.9905 0.0961 0.0981
vn -0.8806 0.4228 0.2140
vn 0.9380 0.2888 0.1917
vn -0.9304 -0.2013 0.3065
vn -0.9963 0.0723 0.0473
vn 0.6498 -0.6212 0.4380
vn 0.9571 -0.2851 0.0514
vn -0.9949 -0.0723 0.0697
vn -0.9988 0.0201 0.0441
vn -0.9039 0.4132 0.1107
vn 0.8936 -0.4327 -0.1195
vn -0.8682 -0.4627 -0.1791
vn 0.9948 0.0908 0.0459
vn 0.9996 0.0215 0.0159
vn -0.9996 -0.0219 -0.0174
vn -0.9942 0.0386 0.1008
vn 0.6824 -0.1454 -0.7164
vn -0.9341 0.0289 0.3558
vn -0.9955 0.0081 0.0943
vn -0.9523 -0.0165 0.3046
vn -0.9332 -0.0834 0.3495
vn -0.6000 -0.3790 0.7045
vn 0.9390 -0.2608 0.2240
vn 0.9900 -0.1362 0.0377
vn 0.0610 -0.1412 0.9881
vn 0.0968 0.7432 0.6621
vn 0.1419 0.4214 0.8957
vn 0.0491 -0.8218 0.5677
vn 0.1674 -0.5766 0.7997
vn -0.0755 -0.9822 -0.1722
vn -0.2621 -0.0169 -0.9649
vn -0.0188 -0.2701 -0.9627
vn -0.0716 0.6161 -0.7844
vn 0.9983 -0.0368 -0.0442
vn 0.1377 0.9855 -0.0993
vn 0.9986 -0.0278 -0.0456
vn 0.9908 -0.1208 -0.0613
vn 0.9987 0.0086 -0.0494
vn -0.9964 0.0731 0.0428
vn 0.9960 -0.0809 -0.0377
vn 0.3070 -0.0130 0.9516
vn 0.9784 0.0346 0.2036
vn -0.9876 -0.0776 -0.1366
vn -0.9849 -0.0100 0.1726
vn -0.9538 -0.0157 0.3001
vn -0.1786 -0.8043 -0.5668
vn 0.9511 -0.2691 -0.1516
vn 0.9986 -0.0514 0.0088
vn 0.9999 -0.0153 0.0064
vn 0.9963 -0.0781 -0.0365
vn 0.9959 -0.0152 -0.0893
vn 0.9948 -0.0485 -0.0890
vn 0.9998 0.0007 -0.0197
vn -0.9970 -0.0771 -0.0045
vn -0.9999 -0.0091 0.0044
vn -0.9667 -0.2555 -0.0143
vn 0.4478 -0.8941 0.0014
vn 0.9789 -0.2006 0.0402
vn 0.8034 -0.4221 0.4199
vn 0.9989 0.0200 0.0431
vn 0.9827 0.0498 0.1784
vn 0.9607 -0.0326 -0.2755
vn 0.8216 -0.1111 -0.5592
vn -0.9707 -0.0220 0.2392
vn -0.9556 -0.1060 0.2751
vn -0.5945 -0.5036 0.6269
vn 0.9618 -0.2444 0.1237
vn 0.9940 -0.1087 -0.0155
vn -0.8672 -0.2139 0.4497
vn -0.0591 0.9253 -0.3745
vn -0.9997 -0.0018 -0.0229
vn -0.9997 -0.0008 -0.0230
vn -0.9995 -0.0130 -0.0280
vn -0.9997 -0.0048 -0.0223
vn -0.9998 -0.0013 -0.0212
vt 0.792463 0.436983
vt 0.779281 0.411065
vt 0.797703 0.411665
vt 0.829116 0.682767
vt 0.810346 0.682624
vt 0.809238 0.659211
vt 0.827926 0.658874
vt 0.684168 0.632146
vt 0.691056 0.631461
vt 0.691056 0.639777
vt 0.808084 0.437012
vt 0.829294 0.698533
vt 0.328412 0.405865
vt 0.299105 0.410538
vt 0.309256 0.399870
vt 0.251038 0.402716
vt 0.252896 0.394659
vt 0.683928 0.639183
vt 0.504924 0.410236
vt 0.498840 0.390010
vt 0.527148 0.391838
vt 0.527824 0.411334
vt 0.497073 0.410935
vt 0.495964 0.390943
vt 0.313908 0.396177
vt 0.805666 0.396997
vt 0.808381 0.399782
vt 0.803814 0.403752
vt 0.493022 0.411559
vt 0.787518 0.394783
vt 0.500479 0.412273
vt 0.502738 0.392288
vt 0.502879 0.413044
vt 0.915870 0.539098
vt 0.915870 0.527657
vt 0.923538 0.527983
vt 0.500347 0.391537
vt 0.492881 0.390803
vt 0.319445 0.394425
vt 0.324481 0.395965
vt 0.923485 0.539015
vt 0.809286 0.698532
vt 0.344776 0.287907
vt 0.329875 0.287907
vt 0.337004 0.287266
vt 0.877030 0.035239
vt 0.882238 0.019431
vt 0.882483 0.034875
vt 0.054178 0.475971
vt 0.068555 0.495966
vt 0.057051 0.500645
vt 0.059247 0.476052
vt 0.876625 0.013950
vt 0.047332 0.472031
vt 0.050206 0.490990
vt 0.954613 0.392369
vt 0.957613 0.384297
vt 0.957638 0.395387
vt 0.697027 0.714953
vt 0.691792 0.714670
vt 0.696458 0.709370
vt 0.074962 0.465782
vt 0.078735 0.465782
vt 0.078712 0.473087
vt 0.065992 0.527298
vt 0.052212 0.505952
vt 0.686726 0.715071
vt 0.690728 0.709349
vt 0.047561 0.497276
vt 0.049518 0.519444
vt 0.037587 0.573622
vt 0.028603 0.503247
vt 0.050876 0.551502
vt 0.068560 0.540254
vt 0.034453 0.501662
vt 0.800838 0.944400
vt 0.793258 0.944514
vt 0.794446 0.939065
vt 0.801691 0.939063
vt 0.084151 0.556019
vt 0.074353 0.539513
vt 0.622939 0.672026
vt 0.616696 0.667268
vt 0.622940 0.666532
vt 0.084152 0.581086
vt 0.833455 0.524348
vt 0.833516 0.539803
vt 0.828238 0.525432
vt 0.078733 0.523109
vt 0.833358 0.559232
vt 0.828171 0.551425
vt 0.822886 0.541448
vt 0.827791 0.502234
vt 0.822805 0.521558
vt 0.537097 0.308931
vt 0.569949 0.306523
vt 0.582863 0.315673
vt 0.822562 0.558524
vt 0.599898 0.309563
vt 0.593177 0.315652
vt 0.597835 0.322329
vt 0.948878 0.703054
vt 0.943461 0.705064
vt 0.943640 0.697674
vt 0.445917 0.954262
vt 0.443783 0.948749
vt 0.449889 0.948873
vt 0.451545 0.954261
vt 0.201506 0.954574
vt 0.200572 0.948970
vt 0.206519 0.949247
vt 0.208277 0.954570
vt 0.175841 0.942864
vt 0.182545 0.943056
vt 0.176911 0.948298
vt 0.585828 0.321597
vt 0.606350 0.338095
vt 0.183857 0.948298
vt 0.542131 0.344060
vt 0.525767 0.329612
vt 0.526387 0.334604
vt 0.534739 0.957917
vt 0.529169 0.954924
vt 0.539765 0.954977
vt 0.515445 0.326827
vt 0.511003 0.316512
vt 0.298516 0.959639
vt 0.295081 0.954212
vt 0.300551 0.954127
vt 0.525954 0.957917
vt 0.822593 0.504617
vt 0.858761 0.506263
vt 0.853642 0.505074
vt 0.853639 0.489466
vt 0.494667 0.328191
vt 0.490317 0.342340
vt 0.518872 0.335042
vt 0.853993 0.472246
vt 0.858866 0.489486
vt 0.511636 0.331354
vt 0.776752 0.862159
vt 0.771457 0.862593
vt 0.771208 0.858036
vt 0.776752 0.853803
vt 0.771449 0.853247
vt 0.953265 0.119944
vt 0.953265 0.106172
vt 0.956207 0.109040
vt 0.956275 0.117259
vt 0.293512 0.959633
vt 0.864157 0.505017
vt 0.859028 0.471319
vt 0.864149 0.471488
vt 0.076864 0.611175
vt 0.066686 0.633018
vt 0.050945 0.632987
vt 0.864359 0.456961
vt 0.864442 0.464103
vt 0.063388 0.612140
vt 0.043947 0.629503
vt 0.043346 0.608085
vt 0.056686 0.601798
vt 0.039371 0.609289
vt 0.282913 0.867176
vt 0.280156 0.872511
vt 0.278605 0.866921
vt 0.383079 0.951064
vt 0.378748 0.956462
vt 0.377150 0.950979
vt 0.042578 0.598629
vt 0.384459 0.956456
vt 0.938955 0.531289
vt 0.944400 0.530905
vt 0.944357 0.536533
vt 0.938955 0.536446
vt 0.159088 0.963815
vt 0.149302 0.963289
vt 0.159090 0.960471
vt 0.939006 0.540787
vt 0.034579 0.600583
vt 0.288134 0.866849
vt 0.287462 0.872398
vt 0.037160 0.626006
vt 0.037396 0.594292
vt 0.024789 0.573598
vt 0.022736 0.605840
vt 0.401146 0.394269
vt 0.416377 0.394087
vt 0.403237 0.399708
vt 0.012604 0.578197
vt 0.419204 0.399301
vt 0.021626 0.610096
vt 0.416493 0.404400
vt 0.383381 0.399891
vt 0.401323 0.404833
vt 0.548632 0.377264
vt 0.546104 0.379295
vt 0.519772 0.368946
vt 0.552764 0.365002
vt 0.515634 0.370301
vt 0.494597 0.357538
vt 0.514402 0.351751
vt 0.522566 0.356964
vt 0.961236 0.250244
vt 0.957176 0.247820
vt 0.961230 0.243912
vt 0.940389 0.014029
vt 0.946012 0.016055
vt 0.941188 0.020305
vt 0.530460 0.354754
vt 0.956756 0.241445
vt 0.625668 0.951896
vt 0.622629 0.946317
vt 0.629963 0.946592
vt 0.950806 0.035708
vt 0.955992 0.034208
vt 0.955992 0.041984
vt 0.630989 0.951901
vt 0.518025 0.348519
vt 0.527184 0.349964
vt 0.950563 0.040798
vt 0.551658 0.352728
vt 0.582797 0.347410
vt 0.561587 0.364135
vt 0.568455 0.369910
vt 0.658913 0.008694
vt 0.647870 0.008663
vt 0.649929 0.005681
vt 0.691069 0.948406
vt 0.680964 0.945398
vt 0.690796 0.945397
vt 0.658792 0.005681
vt 0.640990 0.005716
vt 0.941830 0.505353
vt 0.942105 0.513108
vt 0.936494 0.511964
vt 0.960191 0.181183
vt 0.963122 0.173163
vt 0.963122 0.186324
vt 0.581454 0.380475
vt 0.556801 0.371738
vt 0.936494 0.504221
vt 0.382640 0.404993
vt 0.362361 0.399858
vt 0.638887 0.370571
vt 0.615613 0.380379
vt 0.382586 0.394398
vt 0.343952 0.399635
vt 0.346195 0.394135
vt 0.346395 0.404869
vt 0.363199 0.394444
vt 0.025084 0.563765
vt 0.007505 0.546687
vt 0.008143 0.515560
vt 0.014438 0.489976
vt 0.017186 0.559708
vt 0.947923 0.803361
vt 0.945027 0.812731
vt 0.945027 0.797646
vt 0.954480 0.143653
vt 0.954291 0.154793
vt 0.951497 0.149279
vt 0.951497 0.139697
vt 0.923928 0.950620
vt 0.919929 0.956330
vt 0.918699 0.950442
vt 0.390661 0.287343
vt 0.388158 0.290220
vt 0.375675 0.290214
vt 0.925618 0.956332
vt 0.377897 0.287256
vt 0.019316 0.571664
vt 0.947884 0.813766
vt 0.026046 0.472908
vt 0.025685 0.491492
vt 0.012687 0.485850
vt 0.031931 0.491206
vt 0.058852 0.943407
vt 0.071909 0.943407
vt 0.069489 0.946406
vt 0.058314 0.946412
vt 0.100510 0.955960
vt 0.088200 0.955960
vt 0.089742 0.952948
vt 0.098799 0.952978
vt 0.944359 0.673854
vt 0.949662 0.672657
vt 0.949662 0.680134
vt 0.944139 0.680194
vt 0.945672 0.630358
vt 0.945662 0.619460
vt 0.948689 0.617798
vt 0.948689 0.631467
vt 0.032550 0.470865
vt 0.039957 0.468282
vt 0.825143 0.004986
vt 0.825143 0.021722
vt 0.824507 0.012791
vt 0.882050 0.049950
vt 0.876754 0.051570
vt 0.024578 0.468834
vt 0.660202 0.359543
vt 0.643510 0.372055
vt 0.654970 0.358887
vt 0.871408 0.035293
vt 0.871162 0.050619
vt 0.871115 0.018832
vt 0.658805 0.344879
vt 0.639128 0.356494
vt 0.649847 0.330576
vt 0.635376 0.335314
vt 0.629529 0.339023
vt 0.942694 0.771060
vt 0.937164 0.775252
vt 0.937051 0.770221
vt 0.628336 0.351362
vt 0.619254 0.333387
vt 0.503552 0.951742
vt 0.501899 0.957134
vt 0.496631 0.951998
vt 0.472563 0.956269
vt 0.479098 0.961530
vt 0.472559 0.962162
vt 0.506789 0.957134
vt 0.936831 0.270789
vt 0.942391 0.272490
vt 0.937161 0.275952
vt 0.942104 0.266952
vt 0.627375 0.330168
vt 0.942391 0.258236
vt 0.942567 0.777564
vt 0.937070 0.780470
vt 0.629426 0.318282
vt 0.619316 0.311950
vt 0.650630 0.326239
vt 0.510349 0.612482
vt 0.492858 0.603757
vt 0.506277 0.604790
vt 0.499379 0.612481
vt 0.827817 0.569552
vt 0.075642 0.505606
vt 0.655032 0.952426
vt 0.657292 0.957797
vt 0.652080 0.957797
vt 0.661616 0.952963
vt 0.622921 0.355523
vt 0.851564 0.082033
vt 0.852485 0.087464
vt 0.848204 0.086886
vt 0.858227 0.081976
vt 0.783251 0.737500
vt 0.783428 0.742675
vt 0.779163 0.742677
vt 0.858189 0.087464
vt 0.632219 0.360123
vt 0.956745 0.871890
vt 0.956073 0.865263
vt 0.960480 0.868490
vt 0.960484 0.861357
vt 0.679113 0.948372
vt 0.945758 0.010660
vt 0.940398 0.010659
vt 0.035882 0.629753
vt 0.859237 0.454831
vt 0.047042 0.582202
vt 0.061012 0.595731
vt 0.065806 0.604340
vt 0.743579 0.945095
vt 0.739138 0.945206
vt 0.741780 0.939757
vt 0.949302 0.222389
vt 0.946283 0.227896
vt 0.946283 0.213504
vt 0.949282 0.211452
vt 0.957394 0.448872
vt 0.961404 0.447870
vt 0.957397 0.458478
vt 0.422721 0.292121
vt 0.415939 0.289034
vt 0.426792 0.289312
vt 0.409473 0.292121
vt 0.735422 0.939757
vt 0.733862 0.945078
vt 0.833100 0.504638
vt 0.948880 0.696728
vt 0.072679 0.529822
vt 0.941855 0.480796
vt 0.936430 0.485211
vt 0.936430 0.478009
vt 0.956802 0.721516
vt 0.956904 0.731838
vt 0.953875 0.726478
vt 0.941847 0.476821
vt 0.941847 0.486029
vt 0.953875 0.736197
vt 0.008408 0.632378
vt 0.008408 0.628154
vt 0.013818 0.628293
vt 0.008595 0.623938
vt 0.013867 0.632589
vt 0.954612 0.383301
vt 0.011188 0.197636
vt 0.067243 0.185084
vt 0.067822 0.214716
vt 0.723549 0.066461
vt 0.724138 0.036654
vt 0.780340 0.049206
vt 0.007826 0.265252
vt 0.398947 0.857895
vt 0.409214 0.871663
vt 0.385669 0.871696
vt 0.722960 0.096267
vt 0.783716 0.117616
vt 0.068400 0.244349
vt 0.112657 0.235556
vt 0.111717 0.205496
vt 0.186324 0.199633
vt 0.113127 0.250526
vt 0.188653 0.229378
vt 0.272417 0.186619
vt 0.183995 0.169888
vt 0.269871 0.156770
vt 0.449620 0.004948
vt 0.520974 0.008379
vt 0.518389 0.038362
vt 0.341038 0.153311
vt 0.607078 0.021499
vt 0.604708 0.051410
vt 0.602339 0.081322
vt 0.678573 0.087491
vt 0.679531 0.057253
vt 0.678092 0.102487
vt 0.677612 0.117585
vt 0.722663 0.111039
vt 0.601153 0.096175
vt 0.722368 0.125920
vt 0.777238 0.167110
vt 0.721781 0.155881
vt 0.676656 0.147966
vt 0.186735 0.425110
vt 0.186873 0.443628
vt 0.109298 0.445610
vt 0.599968 0.111113
vt 0.597600 0.141145
vt 0.109232 0.423286
vt 0.065027 0.446584
vt 0.513217 0.098227
vt 0.514510 0.083251
vt 0.441092 0.076960
vt 0.442799 0.062614
vt 0.515804 0.068346
vt 0.367482 0.035277
vt 0.446209 0.033781
vt 0.364577 0.064987
vt 0.307043 0.041449
vt 0.309634 0.011049
vt 0.370387 0.005567
vt 0.227897 0.015421
vt 0.562176 0.163649
vt 0.483220 0.189586
vt 0.480655 0.159328
vt 0.422934 0.183472
vt 0.420062 0.153889
vt 0.425805 0.213055
vt 0.347783 0.210740
vt 0.344410 0.182026
vt 0.274962 0.216468
vt 0.349470 0.225053
vt 0.276235 0.231343
vt 0.277508 0.246257
vt 0.190982 0.259063
vt 0.189817 0.244202
vt 0.193310 0.288869
vt 0.114537 0.295677
vt 0.113597 0.265542
vt 0.068980 0.273901
vt 0.068690 0.259101
vt 0.069558 0.303613
vt 0.014288 0.314793
vt 0.410010 0.879727
vt 0.384338 0.879727
vt 0.010624 0.422138
vt 0.010624 0.447809
vt 0.064988 0.422758
vt 0.280052 0.276166
vt 0.351156 0.239401
vt 0.354528 0.268169
vt 0.428677 0.242594
vt 0.427241 0.227810
vt 0.487067 0.234940
vt 0.485785 0.219844
vt 0.564940 0.194326
vt 0.567704 0.225003
vt 0.626392 0.203296
vt 0.623228 0.172673
vt 0.166684 0.024496
vt 0.225112 0.046228
vt 0.121134 0.033400
vt 0.163502 0.055231
vt 0.668658 0.181534
vt 0.222326 0.077035
vt 0.304453 0.071849
vt 0.363124 0.079786
vt 0.303157 0.087006
vt 0.361671 0.094630
vt 0.439387 0.091363
vt 0.435977 0.120281
vt 0.510634 0.128313
vt 0.345337 0.426307
vt 0.345455 0.440598
vt 0.272200 0.442144
vt 0.272066 0.425359
vt 0.421139 0.427859
vt 0.421243 0.439390
vt 0.358767 0.124408
vt 0.488350 0.250063
vt 0.490914 0.280359
vt 0.431549 0.272221
vt 0.479576 0.428828
vt 0.570468 0.255646
vt 0.569086 0.240312
vt 0.631137 0.249208
vt 0.629555 0.233919
vt 0.674000 0.212869
vt 0.679341 0.244204
vt 0.710894 0.220021
vt 0.707339 0.189117
vt 0.082351 0.041020
vt 0.115768 0.064845
vt 0.722880 0.199536
vt 0.078783 0.072025
vt 0.066770 0.051474
vt 0.110402 0.096289
vt 0.160321 0.085966
vt 0.158729 0.101322
vt 0.220933 0.092415
vt 0.219540 0.107812
vt 0.301862 0.102196
vt 0.299272 0.132650
vt 0.560595 0.429814
vt 0.560653 0.436616
vt 0.479653 0.438416
vt 0.216755 0.138648
vt 0.573232 0.286356
vt 0.622265 0.431101
vt 0.632718 0.264517
vt 0.635881 0.295166
vt 0.684682 0.275520
vt 0.682012 0.259853
vt 0.716225 0.266361
vt 0.714448 0.250925
vt 0.725907 0.228114
vt 0.728935 0.256692
vt 0.740939 0.247539
vt 0.738420 0.209956
vt 0.029142 0.103193
vt 0.051188 0.061928
vt 0.048662 0.099607
vt 0.760409 0.251103
vt 0.063732 0.080144
vt 0.075215 0.103031
vt 0.060693 0.108814
vt 0.073431 0.118538
vt 0.107719 0.112009
vt 0.105036 0.127727
vt 0.157138 0.116684
vt 0.153957 0.147436
vt 0.675570 0.432302
vt 0.675613 0.435148
vt 0.622307 0.435768
vt 0.099671 0.159177
vt 0.690024 0.306874
vt 0.706613 0.432846
vt 0.718003 0.281813
vt 0.721557 0.312733
vt 0.731962 0.285256
vt 0.730449 0.270967
vt 0.743421 0.262460
vt 0.744672 0.275572
vt 0.765008 0.267333
vt 0.769608 0.283564
vt 0.024531 0.119480
vt 0.046171 0.114597
vt 0.019919 0.135766
vt 0.044917 0.127774
vt 0.059174 0.123156
vt 0.057655 0.137488
vt 0.071647 0.134037
vt 0.068079 0.165041
vt 0.706631 0.434648
vt 0.719834 0.433061
vt 0.719847 0.434405
vt 0.054616 0.166153
vt 0.734990 0.313848
vt 0.745922 0.288698
vt 0.748423 0.314964
vt 0.733055 0.433276
vt 0.774207 0.299787
vt 0.771907 0.291670
vt 0.017614 0.143922
vt 0.043662 0.140939
vt 0.015308 0.152064
vt 0.041154 0.167265
vt 0.010697 0.168339
vt 0.762958 0.433913
vt 0.733063 0.434161
vt 0.778807 0.316026
vt 0.680490 0.027016
vt 0.110777 0.175436
vt 0.151988 0.504253
vt 0.099129 0.504492
vt 0.099517 0.491888
vt 0.134535 0.510206
vt 0.154799 0.518648
vt 0.318250 0.506183
vt 0.567352 0.696036
vt 0.566470 0.690315
vt 0.581171 0.682155
vt 0.318111 0.487540
vt 0.099209 0.481495
vt 0.566798 0.700738
vt 0.589607 0.682704
vt 0.013352 0.399619
vt 0.233230 0.374822
vt 0.233396 0.385932
vt 0.597803 0.682157
vt 0.603749 0.683587
vt 0.233457 0.398901
vt 0.178028 0.399705
vt 0.669772 0.728473
vt 0.683243 0.731085
vt 0.695973 0.740382
vt 0.690407 0.733719
vt 0.013640 0.384260
vt 0.013970 0.406545
vt 0.318443 0.520312
vt 0.697829 0.739782
vt 0.648432 0.728474
vt 0.646203 0.730862
vt 0.691397 0.750839
vt 0.015014 0.355621
vt 0.697328 0.746869
vt 0.472612 0.312227
vt 0.252853 0.328287
vt 0.252301 0.311994
vt 0.681824 0.754278
vt 0.252616 0.299950
vt 0.099040 0.467667
vt 0.569928 0.707104
vt 0.584456 0.714360
vt 0.602144 0.713738
vt 0.622352 0.701466
vt 0.472562 0.328739
vt 0.576700 0.712035
vt 0.557655 0.505633
vt 0.338445 0.495927
vt 0.557028 0.495705
vt 0.557794 0.487776
vt 0.615438 0.709556
vt 0.337539 0.508138
vt 0.556386 0.514440
vt 0.234206 0.317883
vt 0.235508 0.312759
vt 0.234814 0.327131
vt 0.621207 0.692274
vt 0.633499 0.744367
vt 0.633013 0.739084
vt 0.638328 0.748020
vt 0.337835 0.487780
vt 0.644299 0.751479
vt 0.655581 0.754083
vt 0.338541 0.478865
vt 0.557123 0.478865
vt 0.473824 0.365883
vt 0.474703 0.367588
vt 0.474000 0.375768
vt 0.254998 0.375767
vt 0.608259 0.713107
vt 0.473015 0.355664
vt 0.473467 0.342968
vt 0.253850 0.363341
vt 0.599691 0.714984
vt 0.254252 0.347196
vt 0.668735 0.755728
vt 0.015598 0.332511
vt 0.234069 0.339281
vt 0.617053 0.687784
vt 0.338204 0.519767
vt 0.014204 0.349986
vt 0.635472 0.733823
vt 0.608469 0.683802
vt 0.233641 0.357177
vt 0.234320 0.364411
vt 0.319180 0.504201
vt 0.233007 0.405945
vt 0.574988 0.683459
vt 0.099755 0.520164
vt 0.099875 0.511691
vt 0.568566 0.687092
vt 0.691575 0.848052
vt 0.706965 0.847259
vt 0.706979 0.847725
vt 0.572861 0.412526
vt 0.552512 0.413609
vt 0.552483 0.412347
vt 0.719442 0.834830
vt 0.581960 0.412755
vt 0.564944 0.411747
vt 0.564915 0.410484
vt 0.572832 0.411264
vt 0.552412 0.411489
vt 0.899469 0.255545
vt 0.917078 0.255086
vt 0.916677 0.255545
vt 0.899469 0.256245
vt 0.916677 0.256245
vt 0.691575 0.821607
vt 0.706979 0.821934
vt 0.706965 0.822400
vt 0.838301 0.607311
vt 0.838120 0.586933
vt 0.839383 0.586962
vt 0.691463 0.821134
vt 0.793775 0.761009
vt 0.772478 0.793222
vt 0.773248 0.760254
vt 0.755609 0.761553
vt 0.719923 0.834830
vt 0.768051 0.187830
vt 0.799716 0.204707
vt 0.766747 0.205468
vt 0.754516 0.794162
vt 0.800660 0.186745
vt 0.294335 0.847721
vt 0.265925 0.847721
vt 0.266749 0.831620
vt 0.800275 0.225999
vt 0.767496 0.225995
vt 0.280130 0.818457
vt 0.293511 0.831620
vt 0.669024 0.865675
vt 0.690436 0.881051
vt 0.669024 0.881333
vt 0.691463 0.848525
vt 0.690436 0.865956
vt 0.793770 0.793788
vt 0.839310 0.624327
vt 0.837038 0.607282
vt 0.837263 0.586861
vt 0.838048 0.624297
vt 0.836352 0.607529
vt 0.823238 0.586551
vt 0.899068 0.255086
vt 0.917078 0.247316
vt 0.899068 0.247316
vt 0.573079 0.410577
vt 0.552100 0.397465
vt 0.572774 0.396571
vt 0.442843 0.830119
vt 0.444207 0.845738
vt 0.416530 0.845738
vt 0.581931 0.411492
vt 0.565162 0.409798
vt 0.582515 0.411005
vt 0.581868 0.397064
vt 0.564857 0.395792
vt 0.417894 0.830119
vt 0.430369 0.817644
vt 0.823619 0.624235
vt 0.822346 0.607225
vt 0.837560 0.624882
vt 0.916338 0.427909
vt 0.916317 0.426903
vt 0.916498 0.427441
vt 0.914887 0.432785
vt 0.913786 0.432341
vt 0.910478 0.430574
vt 0.972578 0.030302
vt 0.972578 0.027880
vt 0.972977 0.029432
vt 0.916803 0.429646
vt 0.916349 0.430967
vt 0.911476 0.427878
vt 0.916319 0.430059
vt 0.918938 0.425937
vt 0.918938 0.430867
vt 0.916746 0.428839
vt 0.916643 0.428095
vt 0.916319 0.425129
vt 0.922699 0.008690
vt 0.925800 0.008690
vt 0.922290 0.017125
vt 0.927222 0.021111
vt 0.178811 0.006664
vt 0.177233 0.006884
vt 0.174418 0.006664
vt 0.927018 0.016689
vt 0.926773 0.014692
vt 0.924525 0.430013
vt 0.924525 0.425084
vt 0.915101 0.424518
vt 0.914206 0.424136
vt 0.917403 0.424740
vt 0.910478 0.424949
vt 0.915127 0.424206
vt 0.916745 0.428080
vt 0.917397 0.428969
vt 0.916745 0.430222
vt 0.919340 0.433281
vt 0.921439 0.424794
vt 0.921440 0.433712
vt 0.919338 0.424363
vt 0.970772 0.373238
vt 0.971425 0.372350
vt 0.971425 0.374492
vt 0.562845 0.455802
vt 0.562577 0.455436
vt 0.563430 0.455033
vt 0.980010 0.167881
vt 0.980249 0.168334
vt 0.980010 0.168779
vt 0.978949 0.580742
vt 0.979144 0.581185
vt 0.978949 0.581893
vt 0.563178 0.456114
vt 0.922590 0.433386
vt 0.922588 0.424468
vt 0.919239 0.423825
vt 0.918511 0.423868
vt 0.917302 0.423774
vt 0.983232 0.067975
vt 0.983232 0.069126
vt 0.983037 0.068418
vt 0.919673 0.424135
vt 0.197810 0.971105
vt 0.200098 0.971477
vt 0.198392 0.971750
vt 0.916067 0.429028
vt 0.924558 0.430591
vt 0.915620 0.430591
vt 0.920746 0.424567
vt 0.925005 0.429028
vt 0.940993 0.164243
vt 0.940410 0.164887
vt 0.938705 0.164611
vt 0.923739 0.032604
vt 0.922489 0.027320
vt 0.927028 0.025533
vt 0.925679 0.032071
vt 0.924890 0.432541
vt 0.618770 0.004228
vt 0.620112 0.004229
vt 0.619460 0.004505
vt 0.927175 0.023366
vt 0.620144 0.004619
vt 0.926725 0.027351
vt 0.916639 0.431294
vt 0.911709 0.433536
vt 0.911778 0.431262
vt 0.911487 0.430935
vt 0.919761 0.432804
vt 0.923364 0.430356
vt 0.920763 0.432252
vt 0.916571 0.433568
vt 0.916812 0.430483
vt 0.918566 0.433070
vt 0.923658 0.426836
vt 0.915952 0.432541
vt 0.341461 0.970268
vt 0.341460 0.969001
vt 0.342531 0.970323
vt 0.344232 0.608008
vt 0.344570 0.606999
vt 0.344689 0.607455
vt 0.922080 0.024586
vt 0.922251 0.025374
vt 0.922103 0.023265
vt 0.922052 0.021072
vt 0.913580 0.424724
vt 0.912778 0.424801
vt 0.973519 0.149642
vt 0.973167 0.150900
vt 0.973170 0.149150
vt 0.562384 0.455030
vt 0.914365 0.424628
vt 0.981263 0.786380
vt 0.981131 0.785572
vt 0.981263 0.784750
vt 0.917324 0.433156
vt 0.344808 0.608327
vt 0.344803 0.608710
vt 0.344769 0.607903
vt 0.927169 0.018857
vt 0.915560 0.430030
vt 0.914317 0.429933
vt 0.913123 0.429658
vt 0.927632 0.662202
vt 0.925747 0.660842
vt 0.927635 0.657880
vt 0.923678 0.660935
vt 0.155865 0.006146
vt 0.149423 0.006110
vt 0.155579 0.003629
vt 0.925099 0.659782
vt 0.923650 0.660841
vt 0.922577 0.658705
vt 0.156588 0.003862
vt 0.142592 0.006967
vt 0.154436 0.003679
vt 0.918836 0.654121
vt 0.921374 0.653434
vt 0.919536 0.659470
vt 0.044496 0.934984
vt 0.040427 0.934984
vt 0.039904 0.933794
vt 0.917464 0.657911
vt 0.046481 0.927404
vt 0.039379 0.927404
vt 0.941166 0.877533
vt 0.942991 0.878201
vt 0.942976 0.884679
vt 0.967870 0.012704
vt 0.965237 0.008474
vt 0.967956 0.008474
vt 0.916261 0.658179
vt 0.965527 0.012781
vt 0.919106 0.660318
vt 0.271318 0.904871
vt 0.272097 0.897907
vt 0.276067 0.897711
vt 0.283652 0.899973
vt 0.280578 0.897712
vt 0.276776 0.892561
vt 0.271629 0.944046
vt 0.278062 0.943391
vt 0.278062 0.949361
vt 0.287878 0.908186
vt 0.271767 0.949342
vt 0.280936 0.910246
vt 0.950179 0.651123
vt 0.945620 0.653254
vt 0.945623 0.650964
vt 0.921950 0.662458
vt 0.919500 0.667758
vt 0.916494 0.665695
vt 0.921608 0.661028
vt 0.924791 0.662330
vt 0.922274 0.667531
vt 0.013580 0.948276
vt 0.019000 0.954404
vt 0.013219 0.954405
vt 0.018874 0.948008
vt 0.955294 0.650826
vt 0.957917 0.653079
vt 0.951412 0.653456
vt 0.280573 0.897648
vt 0.281282 0.892498
vt 0.284356 0.894759
vt 0.284360 0.894823
vt 0.281287 0.892562
vt 0.707043 0.861815
vt 0.711214 0.864705
vt 0.707043 0.864705
vt 0.151143 0.007219
vt 0.149493 0.009518
vt 0.936456 0.880886
vt 0.935677 0.882990
vt 0.935939 0.881366
vt 0.278732 0.910290
vt 0.276565 0.909286
vt 0.936174 0.878591
vt 0.936492 0.885721
vt 0.935801 0.884317
vt 0.935298 0.876845
vt 0.937108 0.883991
vt 0.927148 0.654215
vt 0.924147 0.653217
vt 0.924150 0.652463
vt 0.711279 0.860925
vt 0.287217 0.901922
vt 0.142889 0.003684
vt 0.792025 0.695512
vt 0.759986 0.700547
vt 0.758241 0.692766
vt 0.757427 0.729489
vt 0.766690 0.732852
vt 0.760283 0.737968
vt 0.758250 0.687703
vt 0.768922 0.729479
vt 0.746066 0.729687
vt 0.760283 0.721222
vt 0.766690 0.726118
vt 0.759986 0.675302
vt 0.792025 0.679925
vt 0.758241 0.682614
vt 0.791980 0.663850
vt 0.789186 0.663850
vt 0.790439 0.679925
vt 0.789231 0.679925
vt 0.792037 0.687736
vt 0.790450 0.687736
vt 0.789242 0.687736
vt 0.792471 0.687731
vt 0.792215 0.689666
vt 0.790439 0.695512
vt 0.792215 0.685792
vt 0.669066 0.565284
vt 0.669286 0.567216
vt 0.667450 0.567216
vt 0.669066 0.569158
vt 0.666892 0.564129
vt 0.028915 0.987595
vt 0.666892 0.570303
vt 0.334686 0.459098
vt 0.336806 0.459098
vt 0.664631 0.567216
vt 0.662713 0.563688
vt 0.666047 0.561040
vt 0.667038 0.558369
vt 0.664973 0.558637
vt 0.662101 0.561486
vt 0.667554 0.559774
vt 0.668095 0.561387
vt 0.659599 0.563769
vt 0.662101 0.552788
vt 0.659966 0.549496
vt 0.661671 0.547443
vt 0.659900 0.544220
vt 0.657726 0.546711
vt 0.657999 0.551909
vt 0.649196 0.563404
vt 0.658256 0.543373
vt 0.656204 0.545521
vt 0.648853 0.558727
vt 0.646716 0.561648
vt 0.646670 0.543025
vt 0.648852 0.543543
vt 0.647956 0.540601
vt 0.646801 0.540459
vt 0.645774 0.540283
vt 0.644751 0.542942
vt 0.644752 0.559566
vt 0.644368 0.563506
vt 0.631716 0.543565
vt 0.634106 0.542942
vt 0.631691 0.540283
vt 0.629469 0.540287
vt 0.628631 0.543555
vt 0.631332 0.547505
vt 0.630043 0.563332
vt 0.628253 0.540283
vt 0.627230 0.542942
vt 0.627231 0.558129
vt 0.626910 0.563336
vt 0.617693 0.543735
vt 0.619482 0.542942
vt 0.617399 0.540283
vt 0.615475 0.540557
vt 0.615057 0.545245
vt 0.617372 0.548942
vt 0.615709 0.563836
vt 0.613814 0.542324
vt 0.613271 0.546495
vt 0.613272 0.561988
vt 0.612550 0.563734
vt 0.605891 0.555862
vt 0.602875 0.556889
vt 0.603337 0.554251
vt 0.605120 0.558729
vt 0.604339 0.561624
vt 0.361401 0.869634
vt 0.364393 0.868863
vt 0.366518 0.869823
vt 0.364143 0.870654
vt 0.601998 0.559224
vt 0.361401 0.873592
vt 0.590619 0.520461
vt 0.624592 0.521104
vt 0.593910 0.520979
vt 0.629089 0.519410
vt 0.629109 0.520075
vt 0.358109 0.869636
vt 0.590598 0.519796
vt 0.648691 0.470296
vt 0.667027 0.519322
vt 0.594243 0.499794
vt 0.614084 0.471161
vt 0.661939 0.473306
vt 0.668802 0.489113
vt 0.049887 0.867165
vt 0.060835 0.882383
vt 0.049681 0.882383
vt 0.787369 0.530744
vt 0.806058 0.514674
vt 0.806058 0.534543
vt 0.060851 0.867165
vt 0.222245 0.860569
vt 0.201445 0.850189
vt 0.222245 0.849428
vt 0.201445 0.860557
vt 0.201445 0.870926
vt 0.071815 0.867165
vt 0.222245 0.871709
vt 0.071990 0.882383
vt 0.189790 0.587653
vt 0.195221 0.594990
vt 0.161182 0.583452
vt 0.193625 0.613831
vt 0.105998 0.605139
vt 0.787369 0.498581
vt 0.806058 0.494805
vt 0.106290 0.584149
vt 0.105082 0.584130
vt 0.141781 0.623782
vt 0.105442 0.625570
vt 0.104791 0.605120
vt 0.833905 0.484733
vt 0.794538 0.456446
vt 0.833904 0.449532
vt 0.103010 0.583837
vt 0.103356 0.580496
vt 0.105448 0.557785
vt 0.103285 0.585665
vt 0.103058 0.601986
vt 0.617403 0.594159
vt 0.617696 0.590697
vt 0.619485 0.591489
vt 0.628257 0.594159
vt 0.102713 0.604891
vt 0.615478 0.593874
vt 0.627232 0.576303
vt 0.615059 0.589187
vt 0.617374 0.585490
vt 0.626910 0.571096
vt 0.630044 0.571099
vt 0.628633 0.590876
vt 0.627233 0.591489
vt 0.629472 0.594144
vt 0.631719 0.590866
vt 0.631334 0.586926
vt 0.631694 0.594159
vt 0.634109 0.591489
vt 0.644753 0.574866
vt 0.644369 0.570926
vt 0.646716 0.572784
vt 0.646673 0.591407
vt 0.644754 0.591489
vt 0.647959 0.593841
vt 0.648855 0.590889
vt 0.648854 0.575705
vt 0.646805 0.593973
vt 0.645778 0.594159
vt 0.649197 0.571027
vt 0.657728 0.587720
vt 0.656207 0.588910
vt 0.658259 0.591069
vt 0.659903 0.590210
vt 0.659968 0.584936
vt 0.658001 0.582522
vt 0.661674 0.586999
vt 0.662102 0.581643
vt 0.659599 0.570663
vt 0.667039 0.576073
vt 0.790393 0.663850
vt 0.792462 0.664650
vt 0.792173 0.667883
vt 0.792204 0.678858
vt 0.666047 0.573392
vt 0.664974 0.575794
vt 0.667555 0.574658
vt 0.792461 0.680273
vt 0.662102 0.572946
vt 0.668096 0.573055
vt 0.662713 0.570744
vt 0.792210 0.681886
vt 0.659882 0.567216
vt 0.658000 0.564129
vt 0.658001 0.570303
vt 0.658000 0.567216
vt 0.651197 0.564129
vt 0.649950 0.567216
vt 0.646820 0.567216
vt 0.651198 0.570303
vt 0.643413 0.567216
vt 0.641978 0.570303
vt 0.631333 0.567216
vt 0.641978 0.564129
vt 0.631333 0.564129
vt 0.629391 0.567216
vt 0.631333 0.570303
vt 0.626265 0.567216
vt 0.625122 0.570303
vt 0.617373 0.567216
vt 0.625121 0.564129
vt 0.617373 0.564129
vt 0.615521 0.567216
vt 0.617373 0.570303
vt 0.615709 0.570595
vt 0.612550 0.570698
vt 0.613272 0.572443
vt 0.605892 0.578569
vt 0.610056 0.567216
vt 0.607356 0.570303
vt 0.605121 0.575674
vt 0.602876 0.577550
vt 0.613273 0.587936
vt 0.603339 0.580219
vt 0.361401 0.877550
vt 0.366518 0.877380
vt 0.364393 0.878362
vt 0.604339 0.572807
vt 0.601999 0.575246
vt 0.364143 0.876515
vt 0.602567 0.568765
vt 0.604339 0.570303
vt 0.604339 0.567216
vt 0.366672 0.873599
vt 0.366277 0.874160
vt 0.602752 0.567219
vt 0.602567 0.565678
vt 0.604339 0.564129
vt 0.607356 0.564129
vt 0.366277 0.873031
vt 0.102948 0.607480
vt 0.104234 0.625551
vt 0.103269 0.623837
vt 0.358109 0.873594
vt 0.358109 0.877551
vt 0.613817 0.592119
vt 0.962812 0.596633
vt 0.959538 0.594404
vt 0.962806 0.589606
vt 0.956265 0.592175
vt 0.092500 0.742613
vt 0.092438 0.762010
vt 0.092483 0.742611
vt 0.092368 0.722772
vt 0.095442 0.742776
vt 0.095477 0.762395
vt 0.095407 0.723157
vt 0.110629 0.631328
vt 0.112279 0.722574
vt 0.112349 0.761811
vt 0.112381 0.742375
vt 0.140340 0.762268
vt 0.140305 0.742649
vt 0.140270 0.723031
vt 0.864483 0.779235
vt 0.813687 0.778748
vt 0.864387 0.776668
vt 0.769819 0.507487
vt 0.772366 0.507161
vt 0.772366 0.514659
vt 0.769819 0.514664
vt 0.772366 0.522157
vt 0.769819 0.521841
vt 0.787369 0.514663
vt 0.584726 0.471949
vt 0.580034 0.471990
vt 0.864618 0.761005
vt 0.580250 0.516920
vt 0.105664 0.538046
vt 0.103858 0.540709
vt 0.103578 0.538279
vt 0.106656 0.557804
vt 0.106871 0.538064
vt 0.143279 0.552996
vt 0.746066 0.715016
vt 0.717801 0.730569
vt 0.717801 0.710847
vt 0.138665 0.538596
vt 0.746066 0.744358
vt 0.717801 0.749246
vt 0.306563 0.686944
vt 0.323475 0.719112
vt 0.304775 0.719075
vt 0.340542 0.687012
vt 0.323553 0.686978
vt 0.343220 0.719152
vt 0.182750 0.566611
vt 0.190949 0.576417
vt 0.323687 0.674438
vt 0.342523 0.674476
vt 0.699426 0.477300
vt 0.682059 0.472727
vt 0.304851 0.674400
vt 0.723257 0.499111
vt 0.714644 0.519212
vt 0.748408 0.501780
vt 0.749986 0.519194
vt 0.791980 0.711445
vt 0.789231 0.695512
vt 0.790393 0.711445
vt 0.789185 0.711445
vt 0.714664 0.519877
vt 0.750006 0.519859
vt 0.714586 0.521002
vt 0.711829 0.520865
vt 0.673556 0.520954
vt 0.745176 0.520843
vt 0.717699 0.520857
vt 0.667048 0.519987
vt 0.667513 0.521133
vt 0.664213 0.520976
vt 0.634714 0.521044
vt 0.749486 0.521013
vt 0.792173 0.707441
vt 0.792462 0.710643
vt 0.103691 0.556056
vt 0.103651 0.559321
vt 0.103415 0.557784
vt 0.629433 0.521226
vt 0.792204 0.696563
vt 0.792210 0.693554
vt 0.792461 0.695157
vt 0.671947 0.663264
vt 0.673210 0.696541
vt 0.655389 0.663425
vt 0.401118 0.653105
vt 0.372618 0.658077
vt 0.345074 0.658082
vt 0.658024 0.709873
vt 0.640329 0.663592
vt 0.731153 0.578067
vt 0.737874 0.584828
vt 0.687825 0.585113
vt 0.545125 0.841594
vt 0.537943 0.821629
vt 0.566552 0.844645
vt 0.670631 0.709743
vt 0.811206 0.902753
vt 0.818317 0.920282
vt 0.801819 0.920284
vt 0.566553 0.818654
vt 0.007553 0.061183
vt 0.027974 0.061182
vt 0.007999 0.089967
vt 0.640094 0.709875
vt 0.345769 0.932925
vt 0.345772 0.924804
vt 0.362378 0.931266
vt 0.803980 0.167979
vt 0.793512 0.165805
vt 0.794845 0.132767
vt 0.440961 0.640699
vt 0.449743 0.633869
vt 0.457897 0.669179
vt 0.467470 0.905118
vt 0.497029 0.894763
vt 0.497031 0.907096
vt 0.435692 0.668873
vt 0.456984 0.622612
vt 0.462472 0.638008
vt 0.320367 0.654847
vt 0.301962 0.647431
vt 0.415351 0.644642
vt 0.483649 0.669371
vt 0.470602 0.639906
vt 0.301543 0.637898
vt 0.368199 0.783422
vt 0.405791 0.785146
vt 0.407622 0.809102
vt 0.476987 0.624062
vt 0.367734 0.809101
vt 0.751619 0.899932
vt 0.758017 0.921893
vt 0.743623 0.921893
vt 0.756498 0.553969
vt 0.756234 0.557210
vt 0.730515 0.562722
vt 0.907177 0.149460
vt 0.902209 0.148655
vt 0.901235 0.112906
vt 0.907177 0.111907
vt 0.213710 0.805141
vt 0.248855 0.829169
vt 0.214931 0.831543
vt 0.482664 0.623049
vt 0.488769 0.640406
vt 0.249393 0.805141
vt 0.732538 0.545051
vt 0.732874 0.549897
vt 0.687416 0.549808
vt 0.877867 0.171617
vt 0.885317 0.140462
vt 0.885317 0.174483
vt 0.406700 0.633578
vt 0.317242 0.630988
vt 0.379720 0.627761
vt 0.687955 0.538645
vt 0.687372 0.570078
vt 0.500391 0.669372
vt 0.515088 0.720600
vt 0.549147 0.703583
vt 0.548925 0.721332
vt 0.498104 0.635541
vt 0.347251 0.626542
vt 0.502629 0.697185
vt 0.548756 0.686293
vt 0.502647 0.713559
vt 0.867268 0.330736
vt 0.857376 0.327561
vt 0.852634 0.292602
vt 0.326494 0.951257
vt 0.326229 0.943977
vt 0.336948 0.951260
vt 0.867266 0.288193
vt 0.757215 0.541555
vt 0.502645 0.687603
vt 0.874670 0.144993
vt 0.737695 0.568022
vt 0.809474 0.242649
vt 0.809474 0.282594
vt 0.801937 0.243288
vt 0.786025 0.281740
vt 0.782524 0.244013
vt 0.757092 0.569907
vt 0.700768 0.929271
vt 0.688456 0.929268
vt 0.691898 0.908561
vt 0.757273 0.574486
vt 0.821061 0.168883
vt 0.821061 0.132227
vt 0.288097 0.544463
vt 0.306220 0.545101
vt 0.286830 0.568857
vt 0.885522 0.658457
vt 0.885522 0.639108
vt 0.898723 0.641000
vt 0.817799 0.367358
vt 0.788694 0.334508
vt 0.817649 0.334517
vt 0.788694 0.367350
vt 0.538662 0.875485
vt 0.540472 0.889661
vt 0.521249 0.889661
vt 0.521571 0.875860
vt 0.500591 0.762869
vt 0.553563 0.737117
vt 0.553877 0.762869
vt 0.307855 0.571039
vt 0.285377 0.607524
vt 0.283767 0.586269
vt 0.747651 0.183925
vt 0.746709 0.195910
vt 0.739531 0.186454
vt 0.308202 0.609575
vt 0.923946 0.225385
vt 0.928414 0.209347
vt 0.928414 0.231130
vt 0.026321 0.739979
vt 0.070012 0.724607
vt 0.073458 0.745472
vt 0.020384 0.746296
vt 0.500533 0.736251
vt 0.861483 0.866664
vt 0.841401 0.843817
vt 0.863347 0.843831
vt 0.846215 0.842771
vt 0.446021 0.537223
vt 0.439236 0.543548
vt 0.435801 0.537219
vt 0.446365 0.544544
vt 0.935525 0.403635
vt 0.926823 0.405082
vt 0.929319 0.396103
vt 0.933779 0.397938
vt 0.652256 0.411912
vt 0.642092 0.411952
vt 0.652231 0.409148
vt 0.935522 0.399578
vt 0.610177 0.399866
vt 0.652429 0.389570
vt 0.610320 0.411954
vt 0.608774 0.411720
vt 0.211333 0.931065
vt 0.219177 0.925048
vt 0.225718 0.929732
vt 0.260367 0.606609
vt 0.259558 0.578891
vt 0.211338 0.923007
vt 0.717139 0.917141
vt 0.725866 0.917140
vt 0.724507 0.925985
vt 0.721194 0.930333
vt 0.892308 0.819193
vt 0.902531 0.822091
vt 0.902547 0.841041
vt 0.903379 0.840654
vt 0.258662 0.608539
vt 0.247014 0.586789
vt 0.248450 0.606074
vt 0.221888 0.577774
vt 0.220835 0.564800
vt 0.459986 0.783370
vt 0.494516 0.783328
vt 0.490130 0.808431
vt 0.455726 0.807971
vt 0.215586 0.705465
vt 0.223783 0.703474
vt 0.217434 0.708767
vt 0.223783 0.712055
vt 0.427360 0.787485
vt 0.432828 0.795920
vt 0.427367 0.796545
vt 0.250826 0.567463
vt 0.857370 0.578088
vt 0.858637 0.578086
vt 0.858515 0.581294
vt 0.451025 0.803453
vt 0.451328 0.783508
vt 0.134130 0.890526
vt 0.138944 0.892778
vt 0.134220 0.892691
vt 0.958688 0.476094
vt 0.961004 0.484677
vt 0.958688 0.492014
vt 0.960092 0.513233
vt 0.965095 0.510724
vt 0.965097 0.515742
vt 0.138802 0.890471
vt 0.134097 0.885748
vt 0.140500 0.876494
vt 0.134102 0.876644
vt 0.262466 0.873405
vt 0.262465 0.879816
vt 0.239991 0.881460
vt 0.240681 0.851918
vt 0.213138 0.609810
vt 0.213020 0.549349
vt 0.157970 0.891967
vt 0.652165 0.875902
vt 0.651972 0.881877
vt 0.632376 0.881737
vt 0.632356 0.875974
vt 0.651553 0.862902
vt 0.219850 0.540849
vt 0.215088 0.540418
vt 0.632350 0.862904
vt 0.896843 0.332497
vt 0.883716 0.334146
vt 0.883716 0.314949
vt 0.896810 0.315286
vt 0.416606 0.738804
vt 0.369911 0.768735
vt 0.369588 0.738805
vt 0.416411 0.768633
vt 0.897555 0.541570
vt 0.887942 0.517316
vt 0.897331 0.517318
vt 0.887004 0.541570
vt 0.107681 0.907257
vt 0.088552 0.907306
vt 0.088549 0.896460
vt 0.107767 0.896460
vt 0.772776 0.900532
vt 0.790266 0.887727
vt 0.791990 0.900532
vt 0.773113 0.887662
vt 0.570422 0.763502
vt 0.617070 0.733685
vt 0.617288 0.763505
vt 0.256951 0.566429
vt 0.251979 0.542792
vt 0.255940 0.543063
vt 0.570560 0.733772
vt 0.898760 0.658039
vt 0.451009 0.808168
vt 0.217187 0.712636
vt 0.215846 0.709266
vt 0.891481 0.841041
vt 0.891437 0.834237
vt 0.711554 0.949292
vt 0.716875 0.957002
vt 0.709898 0.957001
vt 0.433476 0.786375
vt 0.903369 0.840977
vt 0.988399 0.496440
vt 0.988376 0.496321
vt 0.988399 0.495767
vt 0.987382 0.267148
vt 0.987382 0.267825
vt 0.987345 0.267271
vt 0.608807 0.411900
vt 0.933829 0.394327
vt 0.972460 0.968798
vt 0.972461 0.969940
vt 0.970728 0.969731
vt 0.841477 0.842997
vt 0.841401 0.866668
vt 0.732974 0.186394
vt 0.736390 0.183924
vt 0.921904 0.229153
vt 0.920308 0.224348
vt 0.733164 0.850731
vt 0.744484 0.871722
vt 0.733164 0.871776
vt 0.755789 0.871516
vt 0.755795 0.856381
vt 0.559677 0.533724
vt 0.547577 0.534229
vt 0.548651 0.533723
vt 0.967799 0.622998
vt 0.967408 0.617238
vt 0.969053 0.617240
vt 0.969872 0.693810
vt 0.969871 0.691233
vt 0.973066 0.693117
vt 0.029008 0.722331
vt 0.557774 0.543885
vt 0.938127 0.838063
vt 0.938128 0.848275
vt 0.937652 0.849203
vt 0.928569 0.839082
vt 0.515710 0.908236
vt 0.525349 0.916710
vt 0.515752 0.916813
vt 0.514815 0.916779
vt 0.008670 0.722366
vt 0.025889 0.723406
vt 0.532938 0.908236
vt 0.532948 0.916569
vt 0.534950 0.914797
vt 0.534937 0.916489
vt 0.035413 0.828939
vt 0.034498 0.825615
vt 0.035374 0.825810
vt 0.971640 0.343168
vt 0.971634 0.342491
vt 0.972768 0.342578
vt 0.482779 0.934307
vt 0.489445 0.923051
vt 0.494125 0.934302
vt 0.449938 0.932619
vt 0.454922 0.920919
vt 0.461498 0.932618
vt 0.033582 0.846578
vt 0.010318 0.822171
vt 0.009258 0.826895
vt 0.009727 0.822136
vt 0.009258 0.847314
vt 0.969932 0.641127
vt 0.967116 0.638697
vt 0.969934 0.638511
vt 0.969213 0.903074
vt 0.967887 0.894740
vt 0.970409 0.895568
vt 0.794737 0.477968
vt 0.796470 0.479168
vt 0.794733 0.479307
vt 0.008470 0.783118
vt 0.012388 0.778354
vt 0.013616 0.791406
vt 0.951315 0.352340
vt 0.954727 0.345105
vt 0.954727 0.364233
vt 0.008476 0.794012
vt 0.881847 0.414288
vt 0.866209 0.391882
vt 0.881954 0.391275
vt 0.046775 0.016355
vt 0.066013 0.018763
vt 0.048389 0.042765
vt 0.055769 0.008121
vt 0.031588 0.014077
vt 0.009437 0.043646
vt 0.305846 0.738856
vt 0.352863 0.768716
vt 0.304543 0.768715
vt 0.850513 0.899760
vt 0.832410 0.887029
vt 0.850113 0.887040
vt 0.830909 0.899760
vt 0.009287 0.012311
vt 0.013912 0.006608
vt 0.505721 0.860374
vt 0.528159 0.844787
vt 0.534746 0.860371
vt 0.884599 0.069855
vt 0.884598 0.098435
vt 0.873963 0.098426
vt 0.873804 0.069817
vt 0.506566 0.834677
vt 0.866927 0.414289
vt 0.352864 0.738811
vt 0.878831 0.369050
vt 0.865025 0.368714
vt 0.864746 0.351507
vt 0.394811 0.908598
vt 0.412928 0.897958
vt 0.412985 0.908559
vt 0.878831 0.349661
vt 0.394808 0.897911
vt 0.893615 0.479986
vt 0.893615 0.499237
vt 0.880226 0.498086
vt 0.018077 0.759948
vt 0.011425 0.759753
vt 0.008667 0.745582
vt 0.880179 0.480392
vt 0.895277 0.762056
vt 0.895277 0.781386
vt 0.881726 0.779439
vt 0.400585 0.547691
vt 0.418709 0.548150
vt 0.399364 0.571443
vt 0.091578 0.810635
vt 0.124470 0.781587
vt 0.124468 0.810568
vt 0.091578 0.781502
vt 0.887850 0.860554
vt 0.887853 0.886921
vt 0.877251 0.886550
vt 0.878390 0.860984
vt 0.420387 0.573473
vt 0.398110 0.607566
vt 0.396355 0.588164
vt 0.187531 0.732873
vt 0.162457 0.708802
vt 0.197689 0.706927
vt 0.069863 0.924024
vt 0.085713 0.928450
vt 0.064341 0.928453
vt 0.198392 0.736179
vt 0.928270 0.684275
vt 0.928269 0.705947
vt 0.924025 0.689687
vt 0.420949 0.609234
vt 0.241410 0.759024
vt 0.287891 0.788273
vt 0.241097 0.788423
vt 0.287913 0.759025
vt 0.892277 0.561413
vt 0.878494 0.578768
vt 0.878483 0.561761
vt 0.357336 0.905123
vt 0.375499 0.894454
vt 0.375553 0.905064
vt 0.892277 0.580644
vt 0.467469 0.877921
vt 0.485162 0.863507
vt 0.486881 0.877921
vt 0.357331 0.894425
vt 0.467928 0.863806
vt 0.222105 0.741234
vt 0.196976 0.742629
vt 0.430767 0.697667
vt 0.482304 0.712304
vt 0.427676 0.706100
vt 0.739712 0.691309
vt 0.692642 0.661450
vt 0.741008 0.661443
vt 0.477955 0.692566
vt 0.933863 0.336917
vt 0.922176 0.332403
vt 0.933868 0.325730
vt 0.936008 0.742666
vt 0.924763 0.736653
vt 0.936005 0.731733
vt 0.158152 0.742631
vt 0.692633 0.691368
vt 0.796703 0.102560
vt 0.814748 0.115562
vt 0.797062 0.115556
vt 0.087850 0.868286
vt 0.116486 0.878934
vt 0.087850 0.879091
vt 0.816287 0.102560
vt 0.116461 0.868289
vt 0.425916 0.718392
vt 0.415343 0.717059
vt 0.861371 0.181550
vt 0.840158 0.159798
vt 0.854048 0.152749
vt 0.415347 0.694525
vt 0.426289 0.878106
vt 0.448946 0.862695
vt 0.449229 0.878104
vt 0.835517 0.181557
vt 0.426456 0.863460
vt 0.970120 0.302556
vt 0.965836 0.299222
vt 0.970120 0.298348
vt 0.400313 0.834097
vt 0.399611 0.829612
vt 0.401164 0.829611
vt 0.952809 0.953593
vt 0.945522 0.953590
vt 0.951327 0.944817
vt 0.401026 0.972019
vt 0.401489 0.970221
vt 0.402252 0.972023
vt 0.673588 0.846940
vt 0.674050 0.842323
vt 0.673571 0.847020
vt 0.674671 0.822016
vt 0.650368 0.822536
vt 0.649470 0.843425
vt 0.648581 0.840184
vt 0.648617 0.843290
vt 0.973575 0.709827
vt 0.972453 0.709673
vt 0.973574 0.709190
vt 0.906821 0.860439
vt 0.905717 0.863580
vt 0.905694 0.860496
vt 0.911028 0.860273
vt 0.906977 0.875626
vt 0.916435 0.875627
vt 0.916295 0.860086
vt 0.160239 0.733152
vt 0.897093 0.939923
vt 0.886014 0.939449
vt 0.896157 0.930419
vt 0.916783 0.860082
vt 0.886934 0.939922
vt 0.100297 0.935804
vt 0.101917 0.925828
vt 0.112024 0.935309
vt 0.110994 0.935805
vt 0.971088 0.415557
vt 0.969744 0.415557
vt 0.970761 0.409783
vt 0.970091 0.672206
vt 0.966884 0.672908
vt 0.966887 0.670022
vt 0.854819 0.800269
vt 0.866140 0.799687
vt 0.854863 0.815473
vt 0.877423 0.820098
vt 0.158363 0.731423
vt 0.877423 0.799131
vt 0.066278 0.921975
vt 0.070874 0.920404
vt 0.920378 0.690538
vt 0.922018 0.685903
vt 0.867429 0.667899
vt 0.847419 0.667898
vt 0.847013 0.645093
vt 0.868883 0.645112
vt 0.851710 0.644083
vt 0.847011 0.644301
vt 0.678332 0.966841
vt 0.680289 0.966929
vt 0.678332 0.967805
vt 0.303597 0.938419
vt 0.304893 0.936775
vt 0.308486 0.936867
vt 0.381575 0.925647
vt 0.394790 0.925646
vt 0.392252 0.929557
vt 0.299548 0.938378
vt 0.306659 0.932367
vt 0.742067 0.834241
vt 0.741995 0.828636
vt 0.747121 0.834170
vt 0.763647 0.810970
vt 0.741806 0.811192
vt 0.742136 0.810375
vt 0.597338 0.618411
vt 0.597340 0.626614
vt 0.589742 0.625903
vt 0.781817 0.834326
vt 0.583472 0.622236
vt 0.373101 0.606856
vt 0.372127 0.581266
vt 0.776635 0.917392
vt 0.783332 0.926224
vt 0.779823 0.930466
vt 0.785123 0.917397
vt 0.894326 0.599309
vt 0.904510 0.602173
vt 0.904523 0.621126
vt 0.371420 0.608503
vt 0.361185 0.606419
vt 0.359615 0.588850
vt 0.905373 0.620793
vt 0.541523 0.806811
vt 0.511787 0.781513
vt 0.545414 0.782311
vt 0.543347 0.781411
vt 0.957535 0.756589
vt 0.961964 0.756589
vt 0.961211 0.768358
vt 0.936638 0.454347
vt 0.941451 0.446138
vt 0.941445 0.456223
vt 0.363362 0.570348
vt 0.334459 0.580450
vt 0.333368 0.567989
vt 0.507855 0.806482
vt 0.710108 0.899505
vt 0.714933 0.901731
vt 0.710177 0.901762
vt 0.064703 0.970056
vt 0.063483 0.970058
vt 0.064661 0.966909
vt 0.550173 0.786821
vt 0.550163 0.806688
vt 0.962182 0.543583
vt 0.962183 0.549876
vt 0.956375 0.550121
vt 0.429333 0.960509
vt 0.431266 0.965302
vt 0.426330 0.965305
vt 0.714816 0.899324
vt 0.550166 0.782106
vt 0.452539 0.294190
vt 0.447693 0.292861
vt 0.451754 0.293162
vt 0.893484 0.621126
vt 0.893446 0.614332
vt 0.446939 0.294188
vt 0.709987 0.894709
vt 0.716173 0.885377
vt 0.709767 0.885646
vt 0.733484 0.901244
vt 0.325960 0.609393
vt 0.325503 0.553277
vt 0.594168 0.879110
vt 0.586038 0.856601
vt 0.615545 0.857308
vt 0.587767 0.879102
vt 0.862551 0.246447
vt 0.861968 0.240776
vt 0.881591 0.240889
vt 0.881706 0.246378
vt 0.332344 0.544609
vt 0.327576 0.544295
vt 0.881707 0.259475
vt 0.862487 0.259475
vt 0.882359 0.278346
vt 0.895681 0.276779
vt 0.895681 0.296000
vt 0.882380 0.295574
vt 0.731192 0.482082
vt 0.778204 0.452090
vt 0.778254 0.482084
vt 0.731662 0.452188
vt 0.893529 0.430155
vt 0.879840 0.447531
vt 0.879832 0.430509
vt 0.893529 0.449281
vt 0.909229 0.407429
vt 0.898678 0.407514
vt 0.898635 0.387799
vt 0.176658 0.899846
vt 0.194255 0.886839
vt 0.195894 0.899846
vt 0.909237 0.387801
vt 0.177084 0.886764
vt 0.435549 0.766947
vt 0.482323 0.737070
vt 0.482456 0.766951
vt 0.369484 0.569301
vt 0.364473 0.546264
vt 0.368431 0.546527
vt 0.435771 0.737157
vt 0.881683 0.762414
vt 0.951703 0.322923
vt 0.959285 0.317504
vt 0.959283 0.324334
vt 0.936214 0.443177
vt 0.897726 0.617911
vt 0.989598 0.110427
vt 0.989718 0.110384
vt 0.989718 0.110454
vt 0.988447 0.284275
vt 0.988287 0.284200
vt 0.988450 0.284191
vt 0.741813 0.810395
vt 0.298187 0.929677
vt 0.380266 0.931057
vt 0.933904 0.566598
vt 0.939607 0.559686
vt 0.939614 0.569081
vt 0.433680 0.687564
vt 0.932688 0.558547
vt 0.222594 0.737574
vt 0.949794 0.417294
vt 0.949793 0.425565
vt 0.940912 0.420543
vt 0.841974 0.198431
vt 0.819421 0.212833
vt 0.817086 0.198278
vt 0.966321 0.811344
vt 0.971014 0.809080
vt 0.971018 0.813063
vt 0.964643 0.786191
vt 0.964386 0.792512
vt 0.959838 0.786191
vt 0.819500 0.225598
vt 0.841821 0.214510
vt 0.817010 0.218375
vt 0.511480 0.543884
vt 0.511481 0.586015
vt 0.504741 0.568327
vt 0.764531 0.013299
vt 0.805997 0.011110
vt 0.764652 0.030907
vt 0.733409 0.022081
vt 0.502371 0.584467
vt 0.016265 0.883319
vt 0.019639 0.864115
vt 0.032399 0.884046
vt 0.805997 0.033169
vt 0.032395 0.862481
vt 0.841958 0.230379
vt 0.769841 0.346254
vt 0.772089 0.381802
vt 0.743863 0.368795
vt 0.742757 0.381301
vt 0.009396 0.649277
vt 0.064032 0.703740
vt 0.008426 0.703740
vt 0.076934 0.828274
vt 0.077835 0.848638
vt 0.050846 0.848638
vt 0.010724 0.868066
vt 0.063244 0.650533
vt 0.489262 0.298365
vt 0.499233 0.303153
vt 0.489258 0.307337
vt 0.701418 0.458585
vt 0.712020 0.454514
vt 0.712061 0.463161
vt 0.355429 0.849721
vt 0.381671 0.828852
vt 0.381562 0.848592
vt 0.468443 0.564519
vt 0.473462 0.538247
vt 0.474702 0.565310
vt 0.477150 0.580250
vt 0.465395 0.581014
vt 0.439164 0.561233
vt 0.284110 0.679771
vt 0.230535 0.679773
vt 0.230577 0.626697
vt 0.098446 0.828345
vt 0.125071 0.849026
vt 0.098455 0.847957
vt 0.469755 0.537643
vt 0.824164 0.828696
vt 0.809406 0.831401
vt 0.810649 0.803097
vt 0.801095 0.726784
vt 0.814985 0.729481
vt 0.831764 0.734757
vt 0.475581 0.603234
vt 0.808771 0.738273
vt 0.814826 0.739963
vt 0.464262 0.603318
vt 0.441771 0.593368
vt 0.605556 0.890359
vt 0.610185 0.902239
vt 0.598635 0.902239
vt 0.053383 0.806313
vt 0.045932 0.807881
vt 0.031850 0.806204
vt 0.036119 0.765445
vt 0.933169 0.049535
vt 0.928834 0.054228
vt 0.921485 0.051864
vt 0.053936 0.765445
vt 0.072766 0.806627
vt 0.933161 0.060648
vt 0.629841 0.928081
vt 0.614633 0.925587
vt 0.622870 0.924240
vt 0.629727 0.918457
vt 0.211015 0.762189
vt 0.166112 0.762254
vt 0.184087 0.761351
vt 0.685730 0.378646
vt 0.708422 0.338165
vt 0.709550 0.364892
vt 0.182908 0.784907
vt 0.215973 0.784852
vt 0.685729 0.339664
vt 0.191847 0.786041
vt 0.944592 0.084264
vt 0.934907 0.080339
vt 0.944596 0.075448
vt 0.147945 0.785923
vt 0.527333 0.538322
vt 0.550629 0.560708
vt 0.527332 0.576593
vt 0.548278 0.577089
vt 0.544711 0.939037
vt 0.527675 0.936533
vt 0.544711 0.933303
vt 0.397681 0.676416
vt 0.397681 0.721317
vt 0.380504 0.719685
vt 0.575316 0.563428
vt 0.158519 0.633724
vt 0.210960 0.688072
vt 0.159217 0.687699
vt 0.459940 0.844063
vt 0.458544 0.824334
vt 0.486052 0.823163
vt 0.486061 0.845029
vt 0.546468 0.603623
vt 0.528200 0.603986
vt 0.578105 0.577141
vt 0.212601 0.633724
vt 0.687044 0.406817
vt 0.706889 0.380476
vt 0.760217 0.642693
vt 0.710380 0.642694
vt 0.710557 0.603039
vt 0.760147 0.602851
vt 0.705210 0.407042
vt 0.333522 0.858846
vt 0.313716 0.832502
vt 0.333527 0.832168
vt 0.284513 0.626479
vt 0.311545 0.858049
vt 0.736289 0.381053
vt 0.732438 0.370020
vt 0.733979 0.347373
vt 0.811547 0.720232
vt 0.831932 0.717043
vt 0.822517 0.721530
vt 0.822405 0.747969
vt 0.831595 0.752542
vt 0.801007 0.744666
vt 0.732746 0.333421
vt 0.807837 0.725353
vt 0.807730 0.744051
vt 0.835547 0.798588
vt 0.835544 0.826940
vt 0.823040 0.801273
vt 0.260972 0.925317
vt 0.275564 0.927482
vt 0.253546 0.927480
vt 0.815705 0.799406
vt 0.259177 0.919560
vt 0.866979 0.727483
vt 0.882296 0.738300
vt 0.863979 0.730169
vt 0.855188 0.730708
vt 0.852442 0.727200
vt 0.286642 0.700552
vt 0.286557 0.720485
vt 0.242898 0.716976
vt 0.745869 0.342878
vt 0.243062 0.697795
vt 0.241266 0.708652
vt 0.174943 0.918529
vt 0.179388 0.921530
vt 0.177632 0.927152
vt 0.286893 0.738910
vt 0.241064 0.738910
vt 0.195766 0.923971
vt 0.856840 0.740728
vt 0.852444 0.744841
vt 0.928938 0.365137
vt 0.928938 0.354583
vt 0.935421 0.357931
vt 0.935853 0.365867
vt 0.573946 0.801643
vt 0.569364 0.780813
vt 0.621172 0.780813
vt 0.837234 0.128299
vt 0.857186 0.102646
vt 0.857192 0.129585
vt 0.662016 0.610067
vt 0.690183 0.610788
vt 0.663668 0.617158
vt 0.649631 0.618728
vt 0.613289 0.610974
vt 0.927589 0.806700
vt 0.923867 0.811263
vt 0.912719 0.809310
vt 0.616466 0.802529
vt 0.157604 0.868151
vt 0.146730 0.849542
vt 0.161303 0.864982
vt 0.690537 0.614773
vt 0.846807 0.247974
vt 0.848972 0.274361
vt 0.827033 0.275136
vt 0.665492 0.646548
vt 0.081815 0.650352
vt 0.135094 0.650955
vt 0.135187 0.704843
vt 0.827033 0.247617
vt 0.582480 0.602421
vt 0.578519 0.602578
vt 0.816811 0.851060
vt 0.816869 0.870647
vt 0.794923 0.870800
vt 0.584552 0.574463
vt 0.835276 0.103502
vt 0.794918 0.851033
vt 0.854104 0.929769
vt 0.842301 0.929768
vt 0.847724 0.916589
vt 0.929896 0.635490
vt 0.921849 0.635487
vt 0.928480 0.617890
vt 0.577019 0.544000
vt 0.585148 0.541369
vt 0.550707 0.639718
vt 0.604219 0.645700
vt 0.550585 0.647847
vt 0.599554 0.665710
vt 0.081376 0.704842
vt 0.840623 0.061191
vt 0.848396 0.065477
vt 0.843643 0.066822
vt 0.847389 0.022777
vt 0.534624 0.460279
vt 0.530673 0.456419
vt 0.545201 0.455679
vt 0.547391 0.460283
vt 0.854003 0.026666
vt 0.181286 0.849199
vt 0.169904 0.864924
vt 0.174312 0.854512
vt 0.840625 0.014327
vt 0.650774 0.929058
vt 0.670179 0.932869
vt 0.658481 0.932801
vt 0.849878 0.019050
vt 0.650780 0.934835
vt 0.926540 0.099445
vt 0.932911 0.106893
vt 0.934610 0.117654
vt 0.934138 0.100568
vt 0.802984 0.589922
vt 0.777729 0.547273
vt 0.803676 0.553464
vt 0.804159 0.575843
vt 0.776973 0.589922
vt 0.624949 0.646543
vt 0.616315 0.620907
vt 0.552595 0.663901
vt 0.776721 0.557348
vt 0.931340 0.148168
vt 0.928320 0.137529
vt 0.935688 0.137900
vt 0.935688 0.148627
vt 0.854099 0.537311
vt 0.853538 0.555198
vt 0.851923 0.561551
vt 0.851922 0.527476
vt 0.821880 0.065368
vt 0.822154 0.086177
vt 0.793384 0.085420
vt 0.858152 0.556225
vt 0.859779 0.561528
vt 0.793003 0.062692
vt 0.822094 0.047258
vt 0.870732 0.530662
vt 0.921263 0.166482
vt 0.920315 0.189508
vt 0.916811 0.169917
vt 0.909844 0.168608
vt 0.159936 0.802559
vt 0.177810 0.831108
vt 0.159852 0.831278
vt 0.821947 0.417083
vt 0.828209 0.402493
vt 0.847012 0.395939
vt 0.798006 0.304687
vt 0.834396 0.294578
vt 0.835809 0.304876
vt 0.190100 0.815658
vt 0.188114 0.824083
vt 0.837527 0.429567
vt 0.847012 0.432199
vt 0.180808 0.802406
vt 0.797450 0.317489
vt 0.522475 0.641462
vt 0.530256 0.631757
vt 0.538954 0.630504
vt 0.901049 0.699830
vt 0.890184 0.678302
vt 0.901143 0.678479
vt 0.542377 0.624641
vt 0.836175 0.317489
vt 0.871684 0.686625
vt 0.850944 0.708497
vt 0.851118 0.686495
vt 0.549879 0.625306
vt 0.871685 0.708500
vt 0.890184 0.700184
vt 0.856682 0.348464
vt 0.857700 0.373674
vt 0.835663 0.373671
vt 0.196186 0.805250
vt 0.196182 0.812854
vt 0.836730 0.346789
vt 0.520580 0.660978
vt 0.926075 0.823272
vt 0.169536 0.869109
vt 0.377202 0.677092
vt 0.359664 0.719959
vt 0.359550 0.677407
vt 0.009743 0.931274
vt 0.013766 0.922613
vt 0.021069 0.931279
vt 0.373486 0.721479
vt 0.012041 0.915787
vt 0.580264 0.915046
vt 0.580263 0.926519
vt 0.571579 0.919270
vt 0.564901 0.917449
vt 0.612894 0.890243
vt 0.621566 0.902240
vt 0.610185 0.902240
vt 0.857815 0.597588
vt 0.876323 0.619580
vt 0.857932 0.619516
vt 0.125071 0.827089
vt 0.741089 0.408484
vt 0.737355 0.408353
vt 0.876316 0.597528
vt 0.355429 0.827634
vt 0.502944 0.299363
vt 0.698068 0.454514
vt 0.051727 0.826370
vt 0.590584 0.818947
vt 0.618931 0.818830
vt 0.618931 0.841105
vt 0.590648 0.840973
vt 0.505757 0.542851
vt 0.189890 0.925995
vt 0.318003 0.466333
vt 0.315797 0.465543
vt 0.317602 0.458805
vt 0.040844 0.962538
vt 0.034647 0.962541
vt 0.037822 0.955353
vt 0.787832 0.614714
vt 0.788437 0.613140
vt 0.791478 0.614372
vt 0.802866 0.640710
vt 0.778624 0.640252
vt 0.781807 0.639044
vt 0.902611 0.227080
vt 0.895438 0.196075
vt 0.902611 0.193086
vt 0.724979 0.800849
vt 0.690985 0.800849
vt 0.691082 0.771749
vt 0.778156 0.638994
vt 0.898840 0.194348
vt 0.777659 0.637269
vt 0.792075 0.615655
vt 0.792075 0.635839
vt 0.787730 0.633835
vt 0.895455 0.224149
vt 0.788640 0.637916
vt 0.787826 0.637909
vt 0.289217 0.465629
vt 0.283711 0.461708
vt 0.283821 0.458805
vt 0.791479 0.637050
vt 0.724901 0.771727
vt 0.961334 0.269495
vt 0.961834 0.280144
vt 0.957866 0.278198
vt 0.960234 0.280137
vt 0.777452 0.609196
vt 0.777744 0.607493
vt 0.781563 0.607502
vt 0.777984 0.606259
vt 0.801210 0.606254
vt 0.898858 0.225849
vt 0.638891 0.802735
vt 0.638794 0.773590
vt 0.672787 0.773590
vt 0.672710 0.802757
vt 0.308088 0.802018
vt 0.308049 0.802123
vt 0.306887 0.802119
vt 0.306826 0.801965
vt 0.306826 0.801827
vt 0.308087 0.801827
vt 0.323912 0.819386
vt 0.329790 0.815149
vt 0.320694 0.816147
vt 0.316741 0.816503
vt 0.316199 0.818430
vt 0.320269 0.819510
vt 0.305567 0.803949
vt 0.304062 0.804838
vt 0.303772 0.803747
vt 0.337291 0.807459
vt 0.335676 0.808339
vt 0.337120 0.803011
vt 0.304468 0.809940
vt 0.304633 0.808290
vt 0.307156 0.809392
vt 0.313633 0.814718
vt 0.312363 0.814718
vt 0.312384 0.814631
vt 0.312480 0.814424
vt 0.313568 0.814427
vt 0.313631 0.814578
vt 0.337496 0.808635
vt 0.336103 0.788835
vt 0.335883 0.788835
vt 0.335887 0.788695
vt 0.335921 0.788545
vt 0.336090 0.788540
vt 0.336107 0.788645
vt 0.336081 0.802556
vt 0.337204 0.802294
vt 0.784707 0.965681
vt 0.784939 0.965491
vt 0.785222 0.966183
vt 0.785110 0.965267
vt 0.974343 0.092986
vt 0.973925 0.092870
vt 0.974344 0.092761
vt 0.783249 0.964628
vt 0.785241 0.964756
vt 0.784094 0.965935
vt 0.922105 0.978097
vt 0.922364 0.978611
vt 0.921978 0.978615
vt 0.785212 0.965019
vt 0.974349 0.092560
vt 0.784369 0.966088
vt 0.785197 0.964487
vt 0.785461 0.963566
vt 0.783650 0.963364
vt 0.784024 0.963418
vt 0.784321 0.963604
vt 0.425685 0.925757
vt 0.425685 0.930081
vt 0.413879 0.926350
vt 0.782414 0.962828
vt 0.649597 0.908425
vt 0.649602 0.903058
vt 0.661372 0.907897
vt 0.661400 0.898815
vt 0.784653 0.963755
vt 0.784897 0.963977
vt 0.785081 0.964224
vt 0.145831 0.913682
vt 0.145830 0.919904
vt 0.134058 0.916680
vt 0.425652 0.935127
vt 0.934985 0.920207
vt 0.935518 0.932014
vt 0.929786 0.931991
vt 0.157611 0.916413
vt 0.925336 0.932018
vt 0.673164 0.903315
vt 0.918850 0.460539
vt 0.910062 0.472308
vt 0.909821 0.460507
vt 0.157600 0.911117
vt 0.134048 0.911117
vt 0.912961 0.448738
vt 0.781633 0.965017
vt 0.782244 0.966181
vt 0.780605 0.964120
vt 0.783736 0.965989
vt 0.918196 0.448762
vt 0.783363 0.965990
vt 0.782653 0.965794
vt 0.782330 0.965651
vt 0.781810 0.965255
vt 0.973811 0.393121
vt 0.974741 0.392861
vt 0.974050 0.393151
vt 0.781522 0.964763
vt 0.973581 0.393094
vt 0.320339 0.968025
vt 0.318449 0.968683
vt 0.318449 0.967321
vt 0.010881 0.974221
vt 0.009241 0.974220
vt 0.009056 0.973387
vt 0.836932 0.987928
vt 0.836857 0.987358
vt 0.837014 0.987231
vt 0.979708 0.815274
vt 0.980154 0.815358
vt 0.979610 0.815472
vt 0.983872 0.244655
vt 0.983351 0.244401
vt 0.983870 0.244465
vt 0.983866 0.244321
vt 0.974736 0.393246
vt 0.974290 0.393182
vt 0.320187 0.967769
vt 0.784235 0.963249
vt 0.571647 0.984646
vt 0.571990 0.984216
vt 0.571857 0.984646
vt 0.572046 0.984645
vt 0.979146 0.523155
vt 0.978783 0.523078
vt 0.979149 0.522905
vt 0.697587 0.993926
vt 0.697666 0.994249
vt 0.697430 0.994256
vt 0.682212 0.985779
vt 0.682589 0.985960
vt 0.682175 0.985958
vt 0.682258 0.985575
vt 0.438316 0.978986
vt 0.438553 0.978909
vt 0.439465 0.978986
vt 0.783289 0.963315
vt 0.782930 0.963316
vt 0.782558 0.963320
vt 0.781712 0.963765
vt 0.781479 0.964505
vt 0.781605 0.964012
vt 0.781994 0.963613
vt 0.782269 0.963468
vt 0.639104 0.987860
vt 0.639598 0.987565
vt 0.639562 0.987857
vt 0.825908 0.642633
vt 0.826043 0.643248
vt 0.825825 0.642931
vt 0.825734 0.643251
vt 0.914947 0.472309
vt 0.965269 0.930619
vt 0.965571 0.931511
vt 0.964282 0.929867
vt 0.967121 0.931344
vt 0.969031 0.931431
vt 0.966768 0.931335
vt 0.966059 0.931210
vt 0.965749 0.931051
vt 0.965482 0.930851
vt 0.987503 0.547011
vt 0.987503 0.547479
vt 0.987465 0.547246
vt 0.966974 0.930030
vt 0.967465 0.931300
vt 0.968686 0.930175
vt 0.968451 0.929404
vt 0.968503 0.930673
vt 0.965035 0.930093
vt 0.965408 0.929080
vt 0.965182 0.930350
vt 0.965659 0.928894
vt 0.965957 0.928749
vt 0.968074 0.931067
vt 0.967787 0.931207
vt 0.968029 0.928950
vt 0.968246 0.929180
vt 0.967014 0.928616
vt 0.966648 0.928607
vt 0.985822 0.682445
vt 0.986541 0.682577
vt 0.985935 0.682683
vt 0.968553 0.929082
vt 0.965029 0.929488
vt 0.966270 0.928021
vt 0.973388 0.433043
vt 0.972713 0.432528
vt 0.973382 0.432903
vt 0.986710 0.011265
vt 0.986429 0.011062
vt 0.986705 0.010964
vt 0.986127 0.011173
vt 0.973380 0.432762
vt 0.972331 0.231080
vt 0.972464 0.230277
vt 0.972465 0.231019
vt 0.973380 0.432625
vt 0.971368 0.230781
vt 0.973384 0.432499
vt 0.965214 0.929303
vt 0.965085 0.929553
vt 0.965024 0.929819
vt 0.351503 0.987846
vt 0.352023 0.988154
vt 0.351541 0.988150
vt 0.971379 0.538243
vt 0.971618 0.538333
vt 0.971504 0.539203
vt 0.008102 0.109891
vt 0.009195 0.110978
vt 0.008102 0.112885
vt 0.009060 0.110750
vt 0.981941 0.425545
vt 0.982013 0.426020
vt 0.981847 0.426120
vt 0.588546 0.979704
vt 0.589254 0.979400
vt 0.589192 0.979708
vt 0.975913 0.260866
vt 0.976360 0.260222
vt 0.976076 0.260847
vt 0.976226 0.260826
vt 0.976358 0.260802
vt 0.279668 0.974179
vt 0.279231 0.974380
vt 0.279230 0.973938
vt 0.279889 0.974296
vt 0.988590 0.899682
vt 0.988590 0.899887
vt 0.988126 0.899785
vt 0.862114 0.981184
vt 0.862267 0.980650
vt 0.862292 0.981185
vt 0.009257 0.111482
vt 0.009181 0.111738
vt 0.009038 0.111983
vt 0.489564 0.980669
vt 0.490390 0.980751
vt 0.489328 0.980751
vt 0.861937 0.981184
vt 0.969030 0.929119
vt 0.968675 0.929911
vt 0.968596 0.929651
vt 0.968628 0.930432
vt 0.673144 0.908425
vt 0.735366 0.965619
vt 0.735614 0.963134
vt 0.737442 0.963183
vt 0.737086 0.963247
vt 0.736747 0.963360
vt 0.736439 0.963516
vt 0.736173 0.963711
vt 0.735959 0.963935
vt 0.735806 0.964182
vt 0.735719 0.964442
vt 0.735756 0.964957
vt 0.735878 0.965194
vt 0.736064 0.965403
vt 0.736306 0.965579
vt 0.737260 0.965888
vt 0.737633 0.965873
vt 0.737985 0.965760
vt 0.738353 0.965690
vt 0.738673 0.965527
vt 0.738949 0.965326
vt 0.739170 0.965092
vt 0.739329 0.964836
vt 0.739419 0.964568
vt 0.739437 0.964297
vt 0.739382 0.964033
vt 0.739255 0.963789
vt 0.738812 0.963389
vt 0.738511 0.963250
vt 0.738151 0.963207
vt 0.737802 0.963170
vt 0.739503 0.963134
vt 0.739926 0.965104
vt 0.737889 0.966420
vt 0.473695 0.980716
vt 0.473476 0.981000
vt 0.473613 0.980449
vt 0.737435 0.964487
vt 0.473784 0.980997
vt 0.735342 0.964611
vt 0.738687 0.965593
vt 0.365506 0.981267
vt 0.365615 0.980776
vt 0.365685 0.981267
vt 0.473542 0.980206
vt 0.739207 0.963224
vt 0.184379 0.985738
vt 0.184384 0.985563
vt 0.184860 0.985902
vt 0.184379 0.985902
vt 0.421486 0.461440
vt 0.421306 0.461456
vt 0.419435 0.460138
vt 0.421635 0.460139
vt 0.421597 0.461328
vt 0.986311 0.316577
vt 0.986311 0.315584
vt 0.986382 0.316375
vt 0.225282 0.989608
vt 0.224641 0.989608
vt 0.225169 0.989593
vt 0.911447 0.913448
vt 0.905527 0.913461
vt 0.909248 0.902986
vt 0.921094 0.511525
vt 0.916428 0.511523
vt 0.921094 0.501046
vt 0.912868 0.501024
vt 0.914379 0.490539
vt 0.920513 0.490561
vt 0.900860 0.902915
vt 0.906521 0.892524
vt 0.911441 0.892505
vt 0.967101 0.084762
vt 0.966929 0.084515
vt 0.966721 0.084323
vt 0.966487 0.084194
vt 0.965972 0.084141
vt 0.965711 0.084220
vt 0.965442 0.084306
vt 0.965037 0.084832
vt 0.964147 0.086526
vt 0.964820 0.083937
vt 0.967486 0.083937
vt 0.967363 0.085362
vt 0.964878 0.087200
vt 0.965872 0.088690
vt 0.988724 0.078900
vt 0.988981 0.078889
vt 0.990156 0.078900
vt 0.964641 0.085819
vt 0.964672 0.086183
vt 0.964706 0.086534
vt 0.964743 0.086896
vt 0.964876 0.085135
vt 0.964760 0.085470
vt 0.965057 0.087456
vt 0.964767 0.084839
vt 0.965996 0.087946
vt 0.966002 0.085888
vt 0.965515 0.087789
vt 0.965272 0.087655
vt 0.965778 0.087852
vt 0.966319 0.087761
vt 0.966577 0.087610
vt 0.966784 0.087344
vt 0.967019 0.087126
vt 0.967185 0.086811
vt 0.967307 0.086464
vt 0.967378 0.086097
vt 0.967348 0.085734
vt 0.967650 0.086969
vt 0.717886 0.419433
vt 0.718377 0.419281
vt 0.718452 0.419430
vt 0.363269 0.973598
vt 0.363418 0.972662
vt 0.364019 0.973716
vt 0.363355 0.973722
vt 0.456607 0.985859
vt 0.456515 0.985368
vt 0.456680 0.985437
vt 0.717549 0.418992
vt 0.717682 0.419284
vt 0.982400 0.833890
vt 0.982313 0.833324
vt 0.982479 0.833431
vt 0.301994 0.983723
vt 0.301994 0.982602
vt 0.302063 0.983492
vt 0.423794 0.983326
vt 0.423858 0.983942
vt 0.423717 0.983937
vt 0.423579 0.983938
vt 0.985394 0.357145
vt 0.984757 0.357065
vt 0.985396 0.356877
vt 0.712510 0.175951
vt 0.713592 0.177019
vt 0.713348 0.176861
vt 0.714103 0.177128
vt 0.715453 0.175952
vt 0.714351 0.177074
vt 0.983212 0.944957
vt 0.983614 0.944486
vt 0.983414 0.944940
vt 0.363085 0.973530
vt 0.983606 0.944920
vt 0.133062 0.977908
vt 0.132587 0.977906
vt 0.132631 0.977672
vt 0.132740 0.977481
vt 0.132703 0.977202
vt 0.439203 0.896182
vt 0.428708 0.900716
vt 0.428722 0.896474
vt 0.415781 0.951589
vt 0.405302 0.951899
vt 0.405302 0.945019
vt 0.940130 0.596233
vt 0.940139 0.599733
vt 0.929642 0.597692
vt 0.439196 0.906269
vt 0.449670 0.900661
vt 0.940149 0.589917
vt 0.449673 0.905737
vt 0.428716 0.906068
vt 0.899813 0.986907
vt 0.899524 0.987289
vt 0.899423 0.986907
vt 0.708820 0.982528
vt 0.709584 0.982455
vt 0.709795 0.982528
vt 0.714580 0.176951
vt 0.794560 0.996291
vt 0.794754 0.995966
vt 0.794754 0.996264
vt 0.986151 0.639186
vt 0.986359 0.639191
vt 0.986364 0.639466
vt 0.027079 0.980742
vt 0.027264 0.979901
vt 0.027359 0.980743
vt 0.679772 0.170259
vt 0.680028 0.170321
vt 0.679200 0.170449
vt 0.990714 0.746348
vt 0.990785 0.746097
vt 0.990785 0.747334
vt 0.987547 0.444745
vt 0.987133 0.444894
vt 0.987548 0.444546
vt 0.981528 0.561814
vt 0.981532 0.561981
vt 0.981015 0.561872
vt 0.987541 0.444923
vt 0.981537 0.562139
vt 0.981545 0.562281
vt 0.680286 0.170385
vt 0.680536 0.170449
vt 0.298580 0.965434
vt 0.298393 0.966011
vt 0.298513 0.965146
vt 0.298717 0.966011
vt 0.507323 0.458344
vt 0.507505 0.458593
vt 0.507476 0.458854
vt 0.508299 0.458553
vt 0.507202 0.458083
vt 0.902494 0.051069
vt 0.900274 0.051019
vt 0.902505 0.030407
vt 0.507641 0.460049
vt 0.897953 0.030413
vt 0.898146 0.051050
vt 0.506814 0.457180
vt 0.052338 0.901119
vt 0.052329 0.907373
vt 0.040964 0.900502
vt 0.503345 0.457210
vt 0.505549 0.457355
vt 0.506953 0.457859
vt 0.506651 0.457668
vt 0.506307 0.457516
vt 0.505935 0.457410
vt 0.505546 0.458760
vt 0.267244 0.806534
vt 0.267838 0.806222
vt 0.267235 0.806699
vt 0.507425 0.457995
vt 0.503662 0.458558
vt 0.503625 0.458291
vt 0.503800 0.458070
vt 0.505961 0.460012
vt 0.505216 0.459955
vt 0.504857 0.459853
vt 0.504234 0.459522
vt 0.503935 0.459329
vt 0.503815 0.459067
vt 0.507514 0.459120
vt 0.506983 0.459770
vt 0.504453 0.457497
vt 0.504207 0.457680
vt 0.503973 0.457859
vt 0.506646 0.459871
vt 0.506318 0.459966
vt 0.504526 0.459707
vt 0.503493 0.458485
vt 0.503348 0.459604
vt 0.974451 0.738102
vt 0.974919 0.737983
vt 0.974403 0.738285
vt 0.505276 0.460078
vt 0.070483 0.902185
vt 0.070489 0.901767
vt 0.070668 0.902127
vt 0.070894 0.902052
vt 0.071328 0.901906
vt 0.071551 0.901831
vt 0.071115 0.901979
vt 0.985814 0.567816
vt 0.985942 0.567698
vt 0.986436 0.567746
vt 0.867395 0.983747
vt 0.867396 0.984002
vt 0.867103 0.983990
vt 0.503633 0.458818
vt 0.949184 0.901434
vt 0.949181 0.907930
vt 0.937792 0.902305
vt 0.709340 0.004628
vt 0.709331 0.008650
vt 0.698000 0.004320
vt 0.505328 0.460498
vt 0.686574 0.010894
vt 0.686631 0.004328
vt 0.697958 0.013669
vt 0.040957 0.908850
vt 0.029583 0.908850
vt 0.965186 0.064826
vt 0.962533 0.064190
vt 0.964026 0.064304
vt 0.398106 0.461272
vt 0.398820 0.459041
vt 0.399649 0.461272
vt 0.965029 0.063815
vt 0.965846 0.062727
vt 0.029591 0.901364
vt 0.964292 0.064269
vt 0.964548 0.064164
vt 0.964048 0.062577
vt 0.965428 0.062843
vt 0.971523 0.108417
vt 0.971803 0.107946
vt 0.972096 0.108402
vt 0.972004 0.107595
vt 0.379160 0.459773
vt 0.379760 0.461664
vt 0.379623 0.461421
vt 0.203158 0.985292
vt 0.202732 0.985216
vt 0.203246 0.985120
vt 0.380181 0.461622
vt 0.380723 0.459773
vt 0.965364 0.061748
vt 0.965038 0.064016
vt 0.964356 0.060485
vt 0.959116 0.985718
vt 0.959009 0.984995
vt 0.959233 0.984874
vt 0.965389 0.062117
vt 0.972096 0.107429
vt 0.962909 0.063492
vt 0.963074 0.063769
vt 0.980370 0.194266
vt 0.980291 0.193381
vt 0.980370 0.193145
vt 0.963762 0.064269
vt 0.962789 0.063176
vt 0.980222 0.193596
vt 0.980164 0.193784
vt 0.962717 0.062833
vt 0.962677 0.062106
vt 0.261053 0.985583
vt 0.260756 0.985575
vt 0.260886 0.985036
vt 0.962763 0.061751
vt 0.962533 0.060761
vt 0.978878 0.318589
vt 0.978338 0.318617
vt 0.978341 0.318479
vt 0.901248 0.009800
vt 0.903383 0.009791
vt 0.897796 0.009793
vt 0.965062 0.060005
vt 0.963540 0.060724
vt 0.963112 0.061183
vt 0.962897 0.061423
vt 0.978371 0.318149
vt 0.978351 0.318323
vt 0.828149 0.973022
vt 0.827796 0.973796
vt 0.827201 0.972723
vt 0.828096 0.972721
vt 0.963814 0.060683
vt 0.985479 0.600354
vt 0.985991 0.600498
vt 0.985994 0.600659
vt 0.964080 0.060579
vt 0.985989 0.600323
vt 0.510433 0.974747
vt 0.510055 0.974751
vt 0.510133 0.974280
vt 0.964617 0.060723
vt 0.964858 0.060898
vt 0.510172 0.974026
vt 0.510208 0.973773
vt 0.965067 0.061133
vt 0.965239 0.061420
vt 0.709349 0.012462
vt 0.974638 0.737280
vt 0.974674 0.737093
vt 0.974703 0.736928
vt 0.750036 0.981197
vt 0.749894 0.981084
vt 0.749959 0.980545
vt 0.974549 0.737692
vt 0.974501 0.737901
vt 0.453087 0.974168
vt 0.454020 0.974282
vt 0.454286 0.974332
vt 0.455161 0.974136
vt 0.267255 0.806375
vt 0.267270 0.806229
vt 0.008446 0.992510
vt 0.008362 0.992674
vt 0.007891 0.992594
vt 0.788740 0.810915
vt 0.789091 0.810908
vt 0.789471 0.812381
vt 0.789663 0.810611
vt 0.154649 0.982698
vt 0.154631 0.982532
vt 0.155188 0.982704
vt 0.789476 0.811055
vt 0.789578 0.810809
vt 0.790566 0.811580
vt 0.791884 0.812254
vt 0.136860 0.941510
vt 0.136862 0.939410
vt 0.157283 0.941076
vt 0.136858 0.936468
vt 0.788366 0.810872
vt 0.786942 0.810614
vt 0.789863 0.811157
vt 0.790231 0.811350
vt 0.986296 0.757749
vt 0.986295 0.757005
vt 0.986382 0.757589
vt 0.325049 0.984679
vt 0.325228 0.985271
vt 0.325003 0.984955
vt 0.790856 0.811838
vt 0.791193 0.812394
vt 0.805679 0.968178
vt 0.806357 0.970346
vt 0.804897 0.970346
vt 0.791310 0.812920
vt 0.805418 0.968328
vt 0.788956 0.813412
vt 0.790666 0.813823
vt 0.789324 0.813603
vt 0.623797 0.970726
vt 0.623932 0.970722
vt 0.624530 0.971990
vt 0.983489 0.509428
vt 0.983916 0.509530
vt 0.983491 0.509851
vt 0.986890 0.623775
vt 0.986577 0.623658
vt 0.986890 0.623512
vt 0.986297 0.623550
vt 0.980406 0.767545
vt 0.980404 0.767695
vt 0.979877 0.767669
vt 0.980405 0.767855
vt 0.980407 0.768019
vt 0.805294 0.968606
vt 0.623236 0.971990
vt 0.788602 0.813226
vt 0.788279 0.813004
vt 0.787325 0.812774
vt 0.623667 0.970863
vt 0.789735 0.814240
vt 0.912064 0.357712
vt 0.911934 0.368885
vt 0.907642 0.368881
vt 0.910482 0.092026
vt 0.905074 0.092014
vt 0.905771 0.080832
vt 0.787543 0.812213
vt 0.787773 0.812489
vt 0.787999 0.812755
vt 0.853463 0.997435
vt 0.853542 0.997685
vt 0.853333 0.997686
vt 0.997217 0.054784
vt 0.997123 0.054645
vt 0.997220 0.054147
vt 0.933821 0.984051
vt 0.933819 0.984311
vt 0.933530 0.984310
vt 0.787445 0.811933
vt 0.978088 0.464461
vt 0.978310 0.464165
vt 0.978310 0.464512
vt 0.787422 0.811668
vt 0.977845 0.464403
vt 0.977592 0.464341
vt 0.787475 0.811427
vt 0.787602 0.811220
vt 0.977337 0.464276
vt 0.788056 0.810937
vt 0.787292 0.812056
vt 0.993941 0.156849
vt 0.994452 0.156915
vt 0.993833 0.156987
vt 0.903714 0.357718
vt 0.905074 0.069629
vt 0.910014 0.069650
vt 0.913642 0.080830
vt 0.910318 0.346536
vt 0.903778 0.368885
vt 0.465947 0.461987
vt 0.445653 0.462030
vt 0.445619 0.459459
vt 0.486225 0.459016
vt 0.486226 0.462030
vt 0.465881 0.457916
vt 0.904736 0.346553
vt 0.583415 0.962891
vt 0.580886 0.962751
vt 0.582054 0.962481
vt 0.580885 0.960612
vt 0.581259 0.961607
vt 0.581781 0.962397
vt 0.581557 0.962262
vt 0.581392 0.962080
vt 0.581291 0.961859
vt 0.582963 0.961093
vt 0.581296 0.961333
vt 0.976275 0.851070
vt 0.975875 0.851314
vt 0.975783 0.851154
vt 0.975695 0.850996
vt 0.846581 0.971950
vt 0.845530 0.972085
vt 0.846268 0.971113
vt 0.232276 0.611254
vt 0.232118 0.611373
vt 0.231179 0.611379
vt 0.231729 0.608977
vt 0.976275 0.851951
vt 0.976214 0.851864
vt 0.976140 0.851752
vt 0.478841 0.145662
vt 0.480422 0.145752
vt 0.478671 0.145862
vt 0.584101 0.961893
vt 0.582271 0.962709
vt 0.585068 0.959842
vt 0.583446 0.959567
vt 0.582726 0.959837
vt 0.583797 0.959538
vt 0.979612 0.214337
vt 0.980130 0.214404
vt 0.979491 0.214503
vt 0.215426 0.983008
vt 0.215253 0.983554
vt 0.215089 0.983573
vt 0.215425 0.983536
vt 0.133045 0.984046
vt 0.133248 0.984046
vt 0.133117 0.984421
vt 0.658069 0.974721
vt 0.657743 0.974728
vt 0.657783 0.974475
vt 0.657825 0.974202
vt 0.657866 0.973921
vt 0.657905 0.973643
vt 0.584798 0.961053
vt 0.584387 0.961632
vt 0.584635 0.959795
vt 0.584806 0.959983
vt 0.584911 0.960213
vt 0.585260 0.959333
vt 0.935773 0.300916
vt 0.946939 0.294151
vt 0.946979 0.297989
vt 0.913172 0.069684
vt 0.584355 0.959705
vt 0.583634 0.959047
vt 0.585469 0.960851
vt 0.946983 0.301619
vt 0.584121 0.959568
vt 0.582386 0.960018
vt 0.583080 0.959652
vt 0.584907 0.960758
vt 0.584945 0.960474
vt 0.583776 0.962122
vt 0.880417 0.975434
vt 0.880702 0.976080
vt 0.880300 0.975428
vt 0.583410 0.962265
vt 0.880516 0.975441
vt 0.583056 0.962449
vt 0.880798 0.975446
vt 0.582365 0.962509
vt 0.697932 0.974479
vt 0.697659 0.974051
vt 0.697769 0.973884
vt 0.582073 0.960238
vt 0.581797 0.960490
vt 0.697444 0.974358
vt 0.697550 0.974211
vt 0.697348 0.974487
vt 0.846519 0.972085
vt 0.791663 0.813918
vt 0.790400 0.813687
vt 0.790699 0.813624
vt 0.790947 0.813511
vt 0.791136 0.813352
vt 0.791259 0.813152
vt 0.790063 0.813696
vt 0.324949 0.985267
vt 0.154612 0.982359
vt 0.978654 0.407843
vt 0.977976 0.407789
vt 0.978654 0.407685
vt 0.555925 0.967236
vt 0.555758 0.966988
vt 0.555734 0.966726
vt 0.555193 0.967444
vt 0.008836 0.900158
vt 0.008843 0.899885
vt 0.009165 0.900145
vt 0.556156 0.967463
vt 0.009476 0.900135
vt 0.555627 0.965368
vt 0.555644 0.966466
vt 0.221859 0.900595
vt 0.232672 0.898996
vt 0.221846 0.905999
vt 0.221846 0.896901
vt 0.557702 0.968486
vt 0.556444 0.967660
vt 0.556777 0.967820
vt 0.975428 0.833940
vt 0.976441 0.833773
vt 0.975688 0.833977
vt 0.555572 0.966793
vt 0.558040 0.968263
vt 0.257531 0.968744
vt 0.258095 0.966754
vt 0.259125 0.968744
vt 0.530910 0.977266
vt 0.531075 0.976418
vt 0.531321 0.977266
vt 0.525336 0.984045
vt 0.526068 0.984049
vt 0.525520 0.984147
vt 0.986671 0.659673
vt 0.986742 0.659525
vt 0.987063 0.659594
vt 0.559343 0.967362
vt 0.559152 0.967563
vt 0.976254 0.834051
vt 0.975967 0.834014
vt 0.557142 0.967935
vt 0.557525 0.968003
vt 0.557707 0.966621
vt 0.557709 0.965409
vt 0.558079 0.965474
vt 0.559253 0.966148
vt 0.558638 0.967901
vt 0.558901 0.967730
vt 0.559480 0.966377
vt 0.559504 0.966639
vt 0.555700 0.966212
vt 0.557336 0.965393
vt 0.556974 0.965426
vt 0.555830 0.965977
vt 0.556636 0.965508
vt 0.556086 0.965801
vt 0.556288 0.965595
vt 0.559523 0.966891
vt 0.258361 0.966617
vt 0.559640 0.967980
vt 0.559600 0.965365
vt 0.258498 0.966751
vt 0.907862 0.738126
vt 0.900822 0.738129
vt 0.908039 0.727317
vt 0.898571 0.727299
vt 0.241220 0.948067
vt 0.241220 0.940888
vt 0.252056 0.947673
vt 0.977714 0.797660
vt 0.977714 0.795129
vt 0.977773 0.796579
vt 0.558752 0.965739
vt 0.559029 0.965929
vt 0.558668 0.965401
vt 0.983936 0.459973
vt 0.984030 0.460207
vt 0.983936 0.460810
vt 0.776170 0.947007
vt 0.765358 0.950591
vt 0.765358 0.944267
vt 0.901448 0.716512
vt 0.232645 0.906833
vt 0.243479 0.905814
vt 0.960962 0.568446
vt 0.959263 0.568592
vt 0.962612 0.567948
vt 0.963977 0.569332
vt 0.962960 0.568793
vt 0.243487 0.902106
vt 0.962663 0.568649
vt 0.962410 0.568469
vt 0.962045 0.568421
vt 0.961326 0.568388
vt 0.963604 0.569492
vt 0.902499 0.967105
vt 0.902914 0.968504
vt 0.900499 0.968511
vt 0.900586 0.968213
vt 0.961358 0.569649
vt 0.900826 0.968012
vt 0.979438 0.279702
vt 0.978603 0.279447
vt 0.978893 0.279433
vt 0.282746 0.991197
vt 0.282252 0.991083
vt 0.282650 0.991000
vt 0.551291 0.984918
vt 0.551073 0.985206
vt 0.551228 0.984589
vt 0.979984 0.721943
vt 0.979910 0.721434
vt 0.980069 0.721318
vt 0.959606 0.570370
vt 0.959553 0.570111
vt 0.959697 0.568964
vt 0.979173 0.279422
vt 0.960270 0.571063
vt 0.551348 0.985206
vt 0.979432 0.279412
vt 0.638989 0.987866
vt 0.638842 0.987866
vt 0.638928 0.987344
vt 0.959851 0.570555
vt 0.959263 0.571004
vt 0.989121 0.139336
vt 0.988859 0.138804
vt 0.989123 0.139105
vt 0.908039 0.716515
vt 0.914524 0.275653
vt 0.918153 0.275683
vt 0.914524 0.295277
vt 0.959533 0.569603
vt 0.961050 0.571050
vt 0.962882 0.571203
vt 0.960043 0.570770
vt 0.959508 0.569860
vt 0.981229 0.657730
vt 0.980725 0.657328
vt 0.981231 0.657263
vt 0.989124 0.138836
vt 0.961429 0.571041
vt 0.044885 0.985160
vt 0.044894 0.984740
vt 0.045082 0.985156
vt 0.961806 0.570981
vt 0.045286 0.985154
vt 0.962167 0.570871
vt 0.963288 0.569781
vt 0.962784 0.570521
vt 0.963246 0.569520
vt 0.980071 0.050162
vt 0.979943 0.049324
vt 0.980222 0.049207
vt 0.989338 0.962148
vt 0.989862 0.962066
vt 0.989862 0.962250
vt 0.963084 0.569034
vt 0.963268 0.569253
vt 0.812885 0.987676
vt 0.812784 0.987205
vt 0.813051 0.987682
vt 0.812733 0.987674
vt 0.243479 0.896938
vt 0.918822 0.295308
vt 0.960019 0.568889
vt 0.959794 0.569108
vt 0.960296 0.568702
vt 0.959565 0.569336
vt 0.960614 0.568552
vt 0.986564 0.477644
vt 0.986497 0.478397
vt 0.986497 0.477462
vt 0.916804 0.314923
vt 0.914730 0.314919
vt 0.093690 0.980743
vt 0.092603 0.980743
vt 0.093441 0.980665
vt 0.978236 0.299149
vt 0.978334 0.298919
vt 0.978334 0.300270
vt 0.209284 0.303678
vt 0.209369 0.303832
vt 0.208908 0.303831
vt 0.980161 0.488804
vt 0.979643 0.488387
vt 0.980155 0.488648
vt 0.209191 0.303499
vt 0.980151 0.488483
vt 0.980149 0.488315
vt 0.209091 0.303292
vt 0.991084 0.858122
vt 0.991082 0.858425
vt 0.990793 0.858122
vt 0.607299 0.963279
vt 0.607180 0.963523
vt 0.606945 0.963696
vt 0.607117 0.964349
vt 0.977732 0.880078
vt 0.977560 0.880024
vt 0.977903 0.879600
vt 0.607349 0.963011
vt 0.608034 0.962425
vt 0.977399 0.879973
vt 0.562120 0.876408
vt 0.567731 0.876409
vt 0.562709 0.887552
vt 0.559451 0.876409
vt 0.605449 0.964520
vt 0.606146 0.964100
vt 0.606436 0.963979
vt 0.606758 0.963905
vt 0.607522 0.963279
vt 0.990935 0.033991
vt 0.990708 0.034038
vt 0.990934 0.033576
vt 0.605391 0.962676
vt 0.607080 0.962175
vt 0.606593 0.961695
vt 0.603997 0.963155
vt 0.603758 0.962619
vt 0.604207 0.963401
vt 0.604022 0.961614
vt 0.604307 0.961488
vt 0.606282 0.961507
vt 0.604897 0.961300
vt 0.605223 0.961233
vt 0.605581 0.961322
vt 0.605941 0.961364
vt 0.604467 0.963618
vt 0.604766 0.963800
vt 0.605437 0.964077
vt 0.605095 0.963937
vt 0.064486 0.977164
vt 0.064281 0.977042
vt 0.065521 0.977044
vt 0.603677 0.962889
vt 0.717226 0.974585
vt 0.717551 0.975689
vt 0.717232 0.975152
vt 0.717234 0.975415
vt 0.717236 0.975652
vt 0.081696 0.975277
vt 0.081327 0.975274
vt 0.081415 0.974820
vt 0.081458 0.974579
vt 0.081498 0.974342
vt 0.081535 0.974117
vt 0.493216 0.974553
vt 0.492240 0.974551
vt 0.493346 0.973743
vt 0.604764 0.961165
vt 0.990771 0.376733
vt 0.990884 0.376170
vt 0.990884 0.376942
vt 0.113198 0.987091
vt 0.113406 0.986560
vt 0.113494 0.987092
vt 0.507357 0.983658
vt 0.507400 0.983334
vt 0.507595 0.983658
vt 0.907725 0.987194
vt 0.907856 0.986806
vt 0.907891 0.987194
vt 0.996025 0.179210
vt 0.996023 0.179536
vt 0.995803 0.179177
vt 0.603361 0.961191
vt 0.603786 0.962091
vt 0.603738 0.962349
vt 0.603356 0.963418
vt 0.605858 0.960903
vt 0.319364 0.903015
vt 0.308181 0.907054
vt 0.308210 0.902058
vt 0.308183 0.911167
vt 0.241011 0.460814
vt 0.261250 0.459412
vt 0.261250 0.462170
vt 0.319349 0.910691
vt 0.821411 0.943163
vt 0.827386 0.954329
vt 0.821176 0.954327
vt 0.330509 0.907674
vt 0.569444 0.887561
vt 0.568966 0.898715
vt 0.230047 0.966635
vt 0.229114 0.967520
vt 0.227891 0.968401
vt 0.228913 0.967730
vt 0.564025 0.898715
vt 0.229556 0.970033
vt 0.228963 0.969010
vt 0.228715 0.968226
vt 0.228725 0.968492
vt 0.228809 0.968757
vt 0.228598 0.967890
vt 0.230297 0.969970
vt 0.978681 0.124480
vt 0.978610 0.125061
vt 0.978530 0.124348
vt 0.229181 0.969241
vt 0.230718 0.968474
vt 0.229773 0.969607
vt 0.989491 0.334343
vt 0.989413 0.334797
vt 0.989308 0.334235
vt 0.229454 0.969443
vt 0.099811 0.973759
vt 0.099972 0.974504
vt 0.099895 0.974726
vt 0.100116 0.974078
vt 0.230497 0.969797
vt 0.231220 0.969736
vt 0.100217 0.973755
vt 0.232668 0.969916
vt 0.559428 0.898734
vt 0.919236 0.570961
vt 0.918978 0.582170
vt 0.910017 0.571046
vt 0.912125 0.582163
vt 0.232668 0.967299
vt 0.232473 0.968423
vt 0.232483 0.968679
vt 0.232421 0.968927
vt 0.232098 0.969360
vt 0.231848 0.969527
vt 0.231551 0.969654
vt 0.166992 0.996193
vt 0.167174 0.995911
vt 0.167175 0.996185
vt 0.442056 0.613274
vt 0.440183 0.612779
vt 0.441758 0.613159
vt 0.442225 0.613399
vt 0.440183 0.614264
vt 0.442154 0.613665
vt 0.986123 0.984972
vt 0.986527 0.984597
vt 0.986537 0.984800
vt 0.986545 0.984989
vt 0.939374 0.974008
vt 0.939681 0.973644
vt 0.939564 0.973999
vt 0.940069 0.973970
vt 0.940594 0.973938
vt 0.940329 0.973954
vt 0.232292 0.967625
vt 0.230764 0.967164
vt 0.231141 0.967187
vt 0.385403 0.977336
vt 0.386517 0.977230
vt 0.386738 0.977334
vt 0.230025 0.967130
vt 0.230401 0.967146
vt 0.441918 0.613795
vt 0.229681 0.967214
vt 0.995071 0.878810
vt 0.995150 0.878026
vt 0.995150 0.879033
vt 0.229373 0.967346
vt 0.674644 0.322410
vt 0.674644 0.323350
vt 0.674564 0.322561
vt 0.231812 0.967470
vt 0.231462 0.967348
vt 0.232034 0.967700
vt 0.988118 0.776728
vt 0.988118 0.776186
vt 0.988149 0.776458
vt 0.232304 0.967903
vt 0.941506 0.973951
vt 0.232392 0.968167
vt 0.330484 0.902678
vt 0.674079 0.323385
vt 0.674175 0.323233
vt 0.674275 0.323068
vt 0.674474 0.322726
vt 0.910866 0.559878
vt 0.914935 0.559836
vt 0.984525 0.918001
vt 0.984105 0.918135
vt 0.984522 0.917787
vt 0.607237 0.962448
vt 0.984524 0.918200
vt 0.607327 0.962731
vt 0.977254 0.879925
vt 0.981600 0.695026
vt 0.981600 0.693630
vt 0.981661 0.694783
vt 0.977906 0.880131
vt 0.913924 0.759872
vt 0.913277 0.762541
vt 0.913127 0.764596
vt 0.913077 0.766888
vt 0.913132 0.769334
vt 0.913376 0.771802
vt 0.913538 0.774303
vt 0.913943 0.776429
vt 0.914284 0.778748
vt 0.914750 0.780555
vt 0.915779 0.782997
vt 0.916304 0.783536
vt 0.916807 0.783589
vt 0.917271 0.783154
vt 0.915402 0.787680
vt 0.912352 0.771161
vt 0.912895 0.755832
vt 0.916211 0.755304
vt 0.918961 0.766655
vt 0.918307 0.772318
vt 0.918246 0.769866
vt 0.917591 0.765275
vt 0.917196 0.763239
vt 0.916747 0.761495
vt 0.916260 0.760114
vt 0.915754 0.759144
vt 0.915248 0.758622
vt 0.914763 0.758571
vt 0.915851 0.770286
vt 0.912796 0.771494
vt 0.883109 0.956488
vt 0.875524 0.958887
vt 0.875524 0.953732
vt 0.882581 0.955566
vt 0.917655 0.783978
vt 0.359510 0.460804
vt 0.361054 0.460301
vt 0.362218 0.460798
vt 0.361724 0.459782
vt 0.361894 0.459286
vt 0.918359 0.774674
vt 0.918311 0.776885
vt 0.918166 0.778865
vt 0.917929 0.780534
vt 0.917677 0.782243
vt 0.738869 0.980388
vt 0.739340 0.980531
vt 0.738098 0.980531
vt 0.417174 0.667277
vt 0.416685 0.667137
vt 0.418000 0.666398
vt 0.417410 0.667847
vt 0.918959 0.782933
vt 0.458755 0.143912
vt 0.459575 0.143755
vt 0.461040 0.143912
vt 0.964940 0.205199
vt 0.967164 0.207944
vt 0.967431 0.208776
vt 0.967437 0.209644
vt 0.964940 0.213478
vt 0.917136 0.761507
vt 0.440400 0.140071
vt 0.442280 0.140186
vt 0.438916 0.140186
vt 0.880179 0.954724
vt 0.881598 0.955127
vt 0.440190 0.402361
vt 0.440095 0.394866
vt 0.451762 0.394999
vt 0.451725 0.411229
vt 0.440088 0.410715
vt 0.463425 0.408090
vt 0.463419 0.397244
vt 0.860315 0.210683
vt 0.860319 0.199013
vt 0.869058 0.198946
vt 0.869705 0.222250
vt 0.860738 0.222395
vt 0.874729 0.199093
vt 0.877968 0.210833
vt 0.877622 0.222385
vt 0.756543 0.418940
vt 0.757327 0.400697
vt 0.763031 0.418940
vt 0.603000 0.943527
vt 0.596425 0.943527
vt 0.597036 0.930281
vt 0.089797 0.012347
vt 0.103582 0.005916
vt 0.117734 0.006033
vt 0.122254 0.012507
vt 0.106767 0.018791
vt 0.882519 0.913018
vt 0.883031 0.912216
vt 0.883296 0.911325
vt 0.883302 0.910378
vt 0.883052 0.909413
vt 0.882552 0.908466
vt 0.881637 0.907658
vt 0.879472 0.904130
vt 0.884913 0.908034
vt 0.884916 0.913541
vt 0.876915 0.916741
vt 0.879737 0.914604
vt 0.880840 0.914235
vt 0.088851 0.005966
vt 0.877289 0.905181
vt 0.875990 0.905168
vt 0.874739 0.905167
vt 0.873560 0.905348
vt 0.872496 0.905703
vt 0.870383 0.907651
vt 0.870127 0.908510
vt 0.870120 0.909423
vt 0.870362 0.910353
vt 0.870843 0.911266
vt 0.871545 0.912127
vt 0.872441 0.912900
vt 0.873497 0.913559
vt 0.875894 0.914602
vt 0.877194 0.914615
vt 0.878513 0.914791
vt 0.868310 0.911708
vt 0.869312 0.904468
vt 0.880896 0.906772
vt 0.879801 0.906088
vt 0.878583 0.905551
vt 0.873090 0.914088
vt 0.876191 0.909805
vt 0.072091 0.765212
vt 0.072091 0.768331
vt 0.070768 0.765138
vt 0.884024 0.909431
vt 0.243815 0.975787
vt 0.242288 0.975787
vt 0.242759 0.975676
vt 0.759720 0.970947
vt 0.759720 0.971851
vt 0.757840 0.971748
vt 0.969286 0.130678
vt 0.969222 0.129751
vt 0.970715 0.125904
vt 0.970715 0.133718
vt 0.969402 0.128825
vt 0.604486 0.966220
vt 0.606849 0.966268
vt 0.603725 0.966268
vt 0.123367 0.962582
vt 0.122914 0.962028
vt 0.122709 0.958680
vt 0.131301 0.960521
vt 0.122703 0.961265
vt 0.777916 0.983739
vt 0.776700 0.983739
vt 0.777135 0.983606
vt 0.870523 0.906284
vt 0.175465 0.968846
vt 0.175461 0.967340
vt 0.176064 0.967603
vt 0.176844 0.967536
vt 0.177770 0.967143
vt 0.147423 0.789325
vt 0.147364 0.787530
vt 0.147423 0.786728
vt 0.969593 0.131570
vt 0.088502 0.018790
s 0
usemtl Material.009
f 1/1/1 2/2/1 5/3/1
f 6/4/2 2/5/2 1/6/2
f 6/4/3 1/6/3 3/7/3
f 3/8/4 1/9/4 4/10/4
f 4/11/5 1/1/5 5/3/5
f 2/5/6 6/4/6 7/12/6
f 7/13/7 6/14/7 8/15/7
f 6/14/8 3/16/8 9/17/8
f 8/15/9 6/14/9 9/17/9
f 3/8/10 4/10/10 9/18/10
f 5/19/11 8/20/11 9/21/11
f 5/19/12 9/21/12 4/22/12
f 8/20/13 11/23/13 10/24/13
f 8/15/14 10/25/14 7/13/14
f 8/20/15 5/19/15 11/23/15
f 14/26/16 12/27/16 11/28/16
f 10/24/17 11/23/17 12/29/17
f 5/3/18 2/2/18 11/28/18
f 2/2/19 13/30/19 11/28/19
f 13/30/20 14/26/20 11/28/20
f 14/31/21 16/32/21 12/33/21
f 15/34/22 14/35/22 13/36/22
f 14/31/23 15/37/23 16/32/23
f 10/24/24 12/29/24 16/38/24
f 10/25/25 16/39/25 15/40/25
f 15/34/26 13/36/26 7/41/26
f 7/13/27 10/25/27 15/40/27
f 2/5/28 7/12/28 13/42/28
f 18/43/29 17/44/29 21/45/29
f 22/46/30 17/47/30 18/48/30
f 17/49/31 19/50/31 24/51/31
f 17/49/32 20/52/32 19/50/32
f 22/46/33 20/53/33 17/47/33
f 21/54/34 17/49/34 23/55/34
f 23/55/35 17/49/35 24/51/35
f 27/56/36 23/57/36 24/58/36
f 24/59/37 28/60/37 25/61/37
f 27/62/38 24/63/38 25/64/38
f 26/65/39 24/51/39 19/50/39
f 24/51/40 26/65/40 28/66/40
f 28/60/41 30/67/41 29/68/41
f 28/60/42 29/68/42 25/61/42
f 30/69/43 28/66/43 31/70/43
f 26/65/44 31/70/44 28/66/44
f 31/70/45 32/71/45 34/72/45
f 33/73/46 32/71/46 31/70/46
f 33/73/47 31/70/47 36/74/47
f 34/72/48 35/75/48 31/70/48
f 31/70/49 35/75/49 30/69/49
f 26/65/50 36/74/50 31/70/50
f 36/76/51 26/77/51 37/78/51
f 36/76/52 37/78/52 40/79/52
f 41/80/53 36/74/53 38/81/53
f 38/82/54 36/83/54 40/84/54
f 41/80/55 39/85/55 36/74/55
f 39/85/56 33/73/56 36/74/56
f 39/86/57 41/87/57 44/88/57
f 42/89/58 41/80/58 38/81/58
f 42/90/59 43/91/59 41/87/59
f 41/87/60 43/91/60 44/88/60
f 44/88/61 43/91/61 47/92/61
f 44/88/62 45/93/62 39/86/62
f 46/94/63 45/93/63 44/88/63
f 44/88/64 47/92/64 46/94/64
f 46/95/65 47/96/65 49/97/65
f 43/91/66 48/98/66 47/92/66
f 47/96/67 48/99/67 50/100/67
f 49/97/68 47/96/68 50/100/68
f 50/100/69 48/99/69 51/101/69
f 52/102/70 50/103/70 51/104/70
f 53/105/71 49/106/71 50/107/71
f 52/108/72 53/105/72 50/107/72
f 49/109/73 53/110/73 54/111/73
f 54/111/74 56/112/74 49/109/74
f 54/113/75 55/114/75 56/115/75
f 56/116/76 51/101/76 57/117/76
f 56/115/77 55/114/77 51/118/77
f 46/95/78 49/97/78 56/116/78
f 56/116/79 57/117/79 58/119/79
f 56/116/80 58/119/80 59/120/80
f 46/95/81 56/116/81 59/120/81
f 58/119/82 60/121/82 59/120/82
f 62/122/83 59/123/83 60/124/83
f 61/125/84 64/126/84 59/120/84
f 63/127/85 61/128/85 59/129/85
f 62/122/86 63/130/86 59/123/86
f 64/126/87 46/95/87 59/120/87
f 46/94/88 64/131/88 45/93/88
f 45/132/89 64/133/89 65/134/89
f 65/135/90 64/126/90 61/125/90
f 66/136/91 65/135/91 67/137/91
f 65/134/92 66/138/92 68/139/92
f 69/140/93 67/137/93 65/135/93
f 68/139/94 45/132/94 65/134/94
f 61/125/95 69/140/95 65/135/95
f 71/141/96 67/142/96 69/143/96
f 70/144/97 69/143/97 61/145/97
f 69/143/98 70/144/98 71/141/98
f 71/146/99 62/147/99 60/148/99
f 67/149/100 71/146/100 60/148/100
f 63/127/101 70/150/101 61/128/101
f 45/132/102 68/139/102 73/151/102
f 68/139/103 72/152/103 74/153/103
f 66/138/104 72/152/104 68/139/104
f 73/154/105 68/155/105 74/156/105
f 74/153/106 72/152/106 75/157/106
f 74/153/107 75/157/107 76/158/107
f 78/159/108 73/154/108 74/156/108
f 74/156/109 76/160/109 79/161/109
f 77/162/110 74/156/110 79/161/110
f 74/156/111 77/162/111 78/159/111
f 76/160/112 80/163/112 79/161/112
f 80/164/113 81/165/113 79/166/113
f 83/167/114 79/168/114 81/169/114
f 79/161/115 82/170/115 77/162/115
f 82/171/116 79/168/116 83/167/116
f 82/172/117 83/173/117 84/174/117
f 84/174/118 86/175/118 82/172/118
f 87/176/119 84/177/119 85/178/119
f 86/175/120 84/174/120 87/179/120
f 76/160/121 87/180/121 80/163/121
f 80/164/122 87/181/122 85/182/122
f 87/180/123 76/160/123 75/183/123
f 86/184/124 87/180/124 88/185/124
f 89/186/125 88/185/125 87/180/125
f 75/183/126 89/186/126 87/180/126
f 90/187/127 89/188/127 92/189/127
f 89/186/128 90/190/128 88/185/128
f 89/188/129 91/191/129 92/189/129
f 91/192/130 89/186/130 75/183/130
f 92/189/131 91/191/131 95/193/131
f 93/194/132 92/189/132 94/195/132
f 92/189/133 93/194/133 90/187/133
f 94/196/134 92/197/134 95/198/134
f 94/196/135 95/198/135 97/199/135
f 95/198/136 91/200/136 96/201/136
f 95/198/137 66/136/137 98/202/137
f 66/136/138 95/198/138 96/201/138
f 99/203/139 97/199/139 95/198/139
f 98/202/140 99/203/140 95/198/140
f 100/204/141 102/205/141 99/206/141
f 98/207/142 100/208/142 99/209/142
f 99/203/143 101/210/143 97/199/143
f 102/205/144 101/211/144 99/206/144
f 101/212/145 102/213/145 103/214/145
f 105/215/146 103/216/146 104/217/146
f 103/214/147 105/218/147 101/212/147
f 106/219/148 58/119/148 105/220/148
f 105/215/149 104/217/149 106/221/149
f 101/210/150 105/220/150 107/222/150
f 58/119/151 107/222/151 105/220/151
f 108/223/152 107/222/152 58/119/152
f 107/222/153 108/223/153 109/224/153
f 109/224/154 97/199/154 107/222/154
f 97/199/155 101/210/155 107/222/155
f 110/225/156 109/224/156 108/223/156
f 109/226/157 110/227/157 112/228/157
f 111/229/158 97/230/158 109/231/158
f 109/226/159 112/228/159 111/232/159
f 110/227/160 113/233/160 112/228/160
f 114/234/161 113/235/161 115/236/161
f 113/237/162 110/238/162 115/239/162
f 116/240/163 94/196/163 115/241/163
f 97/199/164 115/241/164 94/196/164
f 97/242/165 114/234/165 115/236/165
f 110/225/166 116/240/166 115/241/166
f 94/195/167 116/243/167 93/194/167
f 93/194/168 116/243/168 118/244/168
f 117/245/169 116/240/169 110/225/169
f 116/240/170 117/245/170 118/246/170
f 93/194/171 118/244/171 120/247/171
f 118/244/172 119/248/172 121/249/172
f 117/250/173 119/248/173 118/244/173
f 122/251/174 120/247/174 118/244/174
f 122/251/175 118/244/175 121/249/175
f 123/252/176 120/253/176 122/254/176
f 122/254/177 121/255/177 34/72/177
f 123/252/178 122/254/178 34/72/178
f 120/253/179 123/252/179 124/256/179
f 125/257/180 124/258/180 123/259/180
f 88/185/181 123/252/181 32/71/181
f 123/260/182 88/261/182 126/262/182
f 123/260/183 126/262/183 125/263/183
f 123/252/184 34/72/184 32/71/184
f 88/264/185 127/265/185 126/266/185
f 124/267/186 128/268/186 127/269/186
f 129/270/187 127/265/187 88/264/187
f 129/271/188 124/267/188 127/269/188
f 129/272/189 88/185/189 90/190/189
f 124/256/190 129/272/190 90/190/190
f 124/258/191 125/257/191 128/273/191
f 90/190/192 120/253/192 124/256/192
f 121/255/193 130/274/193 131/275/193
f 130/274/194 121/255/194 119/276/194
f 131/275/195 34/72/195 121/255/195
f 130/274/196 132/277/196 131/275/196
f 131/278/197 132/279/197 133/280/197
f 131/278/198 133/280/198 134/281/198
f 34/282/199 131/283/199 134/284/199
f 34/282/200 134/284/200 135/285/200
f 34/286/201 135/287/201 136/288/201
f 35/289/202 34/286/202 136/288/202
f 132/290/203 35/291/203 136/292/203
f 133/293/204 132/290/204 136/292/204
f 35/75/205 132/277/205 30/69/205
f 130/274/206 137/294/206 132/277/206
f 132/277/207 137/294/207 30/69/207
f 137/294/208 18/295/208 30/69/208
f 130/296/209 18/297/209 137/298/209
f 130/299/210 138/300/210 18/48/210
f 119/276/211 138/301/211 130/274/211
f 138/302/212 119/303/212 139/304/212
f 138/300/213 22/46/213 18/48/213
f 140/305/214 22/46/214 138/300/214
f 139/306/215 140/305/215 138/300/215
f 22/46/216 140/305/216 141/307/216
f 140/308/217 139/304/217 143/309/217
f 141/310/218 140/308/218 142/311/218
f 144/312/219 142/311/219 140/308/219
f 143/309/220 144/312/220 140/308/220
f 147/313/221 142/314/221 144/315/221
f 144/312/222 145/316/222 57/117/222
f 143/309/223 145/316/223 144/312/223
f 57/117/224 146/317/224 144/312/224
f 146/318/225 148/319/225 144/320/225
f 148/321/226 147/322/226 144/323/226
f 146/318/227 149/324/227 148/319/227
f 149/325/228 151/326/228 150/327/228
f 146/328/229 151/326/229 149/325/229
f 151/329/230 57/117/230 51/101/230
f 146/328/231 57/330/231 151/326/231
f 151/329/232 141/310/232 142/311/232
f 150/331/233 151/332/233 142/314/233
f 152/333/234 141/310/234 151/329/234
f 151/329/235 51/101/235 152/333/235
f 48/99/236 152/333/236 51/101/236
f 153/334/237 152/333/237 48/99/237
f 20/335/238 141/310/238 152/333/238
f 153/336/239 20/337/239 152/338/239
f 19/339/240 20/337/240 153/336/240
f 43/91/241 153/340/241 48/98/241
f 42/90/242 153/340/242 43/91/242
f 19/50/243 153/341/243 42/89/243
f 147/313/244 150/331/244 142/314/244
f 154/342/245 145/343/245 143/344/245
f 156/345/246 145/343/246 154/342/246
f 145/316/247 155/346/247 57/117/247
f 156/347/248 155/348/248 145/349/248
f 155/348/249 156/347/249 157/350/249
f 159/351/250 157/352/250 158/353/250
f 155/348/251 157/350/251 159/354/251
f 155/346/252 159/355/252 117/245/252
f 139/304/253 159/355/253 143/309/253
f 159/356/254 158/357/254 143/358/254
f 159/355/255 139/304/255 117/245/255
f 158/357/256 154/359/256 143/358/256
f 117/245/257 110/225/257 155/346/257
f 155/346/258 110/225/258 108/223/258
f 108/223/259 57/117/259 155/346/259
f 22/46/260 141/307/260 20/53/260
f 119/303/261 117/245/261 139/304/261
f 93/194/262 120/247/262 90/187/262
f 111/229/263 114/360/263 97/230/263
f 58/119/264 57/117/264 108/223/264
f 67/137/265 58/119/265 106/219/265
f 106/219/266 98/202/266 66/136/266
f 104/361/267 98/207/267 106/362/267
f 67/137/268 106/219/268 66/136/268
f 98/207/269 104/361/269 100/208/269
f 96/363/270 91/192/270 75/183/270
f 72/152/271 96/364/271 75/157/271
f 96/364/272 72/152/272 66/138/272
f 32/71/273 86/184/273 88/185/273
f 82/170/274 86/184/274 32/71/274
f 80/164/275 85/182/275 81/165/275
f 82/170/276 32/71/276 160/365/276
f 82/170/277 160/365/277 77/162/277
f 160/365/278 33/73/278 161/366/278
f 33/73/279 160/365/279 32/71/279
f 160/365/280 161/366/280 77/162/280
f 162/367/281 161/366/281 73/154/281
f 161/368/282 162/369/282 163/370/282
f 161/371/283 163/372/283 164/373/283
f 39/85/284 73/154/284 161/366/284
f 77/374/285 161/371/285 164/373/285
f 33/73/286 39/85/286 161/366/286
f 77/375/287 164/376/287 165/377/287
f 78/378/288 165/379/288 166/380/288
f 78/378/289 77/381/289 165/379/289
f 166/382/290 162/369/290 78/383/290
f 162/369/291 166/382/291 163/370/291
f 78/159/292 162/367/292 73/154/292
f 45/93/293 73/384/293 39/86/293
f 67/137/294 60/121/294 58/119/294
f 52/102/295 51/104/295 55/385/295
f 19/50/296 42/89/296 167/386/296
f 42/89/297 38/81/297 167/386/297
f 167/386/298 26/65/298 19/50/298
f 169/387/299 26/388/299 167/389/299
f 167/390/300 38/391/300 168/392/300
f 167/389/301 168/393/301 169/387/301
f 26/388/302 169/387/302 37/394/302
f 38/391/303 40/395/303 168/392/303
f 171/396/304 170/397/304 30/398/304
f 30/398/305 170/397/305 29/399/305
f 18/295/306 23/55/306 30/69/306
f 171/396/307 30/398/307 23/400/307
f 27/56/308 171/401/308 23/57/308
f 18/295/309 21/54/309 23/55/309
f 172/402/310 173/403/310 178/404/310
f 177/405/311 173/406/311 172/407/311
f 174/408/312 172/402/312 178/404/312
f 172/409/313 174/410/313 175/411/313
f 176/412/314 172/407/314 175/413/314
f 176/412/311 177/405/311 172/407/311
f 174/408/315 178/404/315 179/414/315
f 178/404/316 181/415/316 179/414/316
f 173/403/317 180/416/317 178/404/317
f 178/404/318 180/416/318 181/415/318
f 184/417/319 181/415/319 180/416/319
f 179/414/320 181/415/320 183/418/320
f 184/417/321 182/419/321 181/415/321
f 182/419/320 183/418/320 181/415/320
f 186/420/322 182/419/322 184/417/322
f 185/421/323 184/417/323 180/416/323
f 187/422/324 184/417/324 185/421/324
f 187/422/325 186/420/325 184/417/325
f 188/423/326 187/424/326 189/425/326
f 188/426/327 186/420/327 187/422/327
f 187/424/328 185/427/328 190/428/328
f 187/424/329 190/428/329 189/425/329
f 189/425/330 190/428/330 191/429/330
f 190/428/331 193/430/331 191/429/331
f 185/427/332 192/431/332 190/428/332
f 190/428/333 192/431/333 193/430/333
f 193/430/334 192/431/334 177/405/334
f 194/432/335 193/430/335 176/412/335
f 193/430/336 177/405/336 176/412/336
f 191/429/337 193/430/337 194/432/337
f 195/433/338 194/432/338 197/434/338
f 196/435/339 194/432/339 195/433/339
f 191/429/340 194/432/340 196/435/340
f 194/432/341 176/412/341 197/434/341
f 198/436/342 197/434/342 175/413/342
f 195/433/343 197/434/343 198/436/343
f 197/434/344 176/412/344 175/413/344
f 200/437/345 199/438/345 198/436/345
f 201/439/346 198/436/346 199/438/346
f 201/439/347 195/433/347 198/436/347
f 175/413/348 200/437/348 198/436/348
f 204/440/349 202/441/349 201/442/349
f 205/443/350 201/439/350 202/444/350
f 203/445/351 201/442/351 199/446/351
f 204/440/352 201/442/352 203/445/352
f 205/443/353 195/433/353 201/439/353
f 206/447/354 205/443/354 202/444/354
f 207/448/355 196/435/355 205/443/355
f 196/435/356 195/433/356 205/443/356
f 207/448/357 205/443/357 206/447/357
f 209/449/358 207/448/358 206/447/358
f 210/450/359 208/451/359 207/448/359
f 208/451/360 196/435/360 207/448/360
f 210/450/361 207/448/361 209/449/361
f 213/452/362 211/453/362 210/450/362
f 211/453/363 208/451/363 210/450/363
f 212/454/364 210/450/364 209/449/364
f 213/452/365 210/450/365 212/454/365
f 215/455/366 213/452/366 212/454/366
f 216/456/367 214/457/367 213/452/367
f 214/457/368 211/453/368 213/452/368
f 216/456/369 213/452/369 215/455/369
f 217/458/370 216/456/370 215/455/370
f 217/459/371 218/460/371 216/461/371
f 216/461/372 219/462/372 214/463/372
f 216/461/373 218/460/373 219/462/373
f 219/462/374 220/464/374 222/465/374
f 218/460/375 220/464/375 219/462/375
f 214/463/376 219/462/376 221/466/376
f 219/462/377 222/465/377 221/466/377
f 221/466/378 222/465/378 223/467/378
f 220/464/379 224/468/379 222/465/379
f 222/465/380 225/469/380 223/467/380
f 222/465/381 224/468/381 225/469/381
f 225/469/382 226/470/382 228/471/382
f 224/468/383 226/470/383 225/469/383
f 223/467/384 225/469/384 227/472/384
f 225/469/385 228/471/385 227/472/385
f 228/471/386 204/473/386 203/474/386
f 226/470/387 204/473/387 228/471/387
f 227/472/388 228/471/388 229/475/388
f 228/471/389 203/474/389 229/475/389
f 230/476/390 229/475/390 203/474/390
f 231/477/391 183/418/391 229/475/391
f 227/472/392 229/475/392 183/418/392
f 231/477/393 229/475/393 230/476/393
f 231/477/394 230/476/394 174/408/394
f 179/414/395 183/418/395 231/477/395
f 179/414/396 231/477/396 174/408/396
f 232/478/397 233/479/397 230/476/397
f 230/476/398 203/474/398 232/478/398
f 233/479/399 174/408/399 230/476/399
f 233/480/400 175/411/400 174/410/400
f 233/480/401 200/481/401 175/411/401
f 233/482/402 199/446/402 200/483/402
f 233/482/403 232/484/403 199/446/403
f 203/445/404 199/446/404 232/484/404
f 182/419/405 227/472/405 183/418/405
f 223/467/406 227/472/406 182/419/406
f 226/470/407 234/485/407 204/473/407
f 235/486/408 234/485/408 226/470/408
f 224/468/409 235/486/409 226/470/409
f 235/486/410 236/487/410 234/485/410
f 237/488/411 236/487/411 235/486/411
f 238/489/412 235/486/412 224/468/412
f 238/489/413 237/488/413 235/486/413
f 239/490/414 237/488/414 238/489/414
f 220/464/415 238/489/415 224/468/415
f 240/491/416 238/489/416 220/464/416
f 240/491/417 239/490/417 238/489/417
f 218/460/418 240/491/418 220/464/418
f 242/492/419 240/491/419 218/460/419
f 242/492/420 241/493/420 240/491/420
f 241/493/421 239/490/421 240/491/421
f 243/494/422 241/493/422 242/492/422
f 217/459/423 242/492/423 218/460/423
f 244/495/424 242/492/424 217/459/424
f 244/495/425 243/494/425 242/492/425
f 244/496/426 217/458/426 247/497/426
f 245/498/427 244/496/427 246/499/427
f 245/500/428 243/494/428 244/495/428
f 244/496/429 247/497/429 246/499/429
f 246/499/430 247/497/430 248/501/430
f 247/497/431 249/502/431 248/501/431
f 217/458/432 215/455/432 247/497/432
f 247/497/433 215/455/433 249/502/433
f 215/455/434 212/454/434 249/502/434
f 249/502/435 212/454/435 251/503/435
f 248/501/436 249/502/436 250/504/436
f 249/502/437 251/503/437 250/504/437
f 250/504/438 251/503/438 252/505/438
f 251/503/439 253/506/439 252/505/439
f 212/454/440 209/449/440 251/503/440
f 251/503/441 209/449/441 253/506/441
f 252/505/442 253/506/442 254/507/442
f 253/506/443 255/508/443 254/507/443
f 209/449/444 206/447/444 253/506/444
f 253/506/445 206/447/445 255/508/445
f 236/509/446 254/510/446 255/511/446
f 234/512/447 255/511/447 202/441/447
f 206/447/448 202/444/448 255/508/448
f 236/509/449 255/511/449 234/512/449
f 257/513/450 254/510/450 236/509/450
f 257/513/451 256/514/451 254/510/451
f 252/505/452 254/507/452 256/515/452
f 259/516/453 258/517/453 257/518/453
f 258/519/454 256/514/454 257/513/454
f 237/488/455 257/518/455 236/487/455
f 259/516/456 257/518/456 237/488/456
f 260/520/457 258/517/457 259/516/457
f 239/490/458 259/516/458 237/488/458
f 261/521/459 259/516/459 239/490/459
f 261/521/460 260/520/460 259/516/460
f 262/522/461 260/520/461 261/521/461
f 241/493/462 261/521/462 239/490/462
f 263/523/463 261/521/463 241/493/463
f 263/523/464 262/522/464 261/521/464
f 243/494/465 263/523/465 241/493/465
f 265/524/466 263/523/466 243/494/466
f 265/524/467 264/525/467 263/523/467
f 264/525/468 262/522/468 263/523/468
f 266/526/469 264/525/469 265/524/469
f 245/500/470 265/524/470 243/494/470
f 267/527/471 265/524/471 245/500/471
f 267/527/472 266/526/472 265/524/472
f 267/528/473 245/498/473 270/529/473
f 266/526/474 267/527/474 268/530/474
f 269/531/475 268/532/475 267/528/475
f 267/528/476 270/529/476 269/531/476
f 269/531/477 270/529/477 271/533/477
f 270/529/478 272/534/478 271/533/478
f 245/498/479 246/499/479 270/529/479
f 270/529/480 246/499/480 272/534/480
f 246/499/481 248/501/481 272/534/481
f 271/533/482 272/534/482 273/535/482
f 272/534/483 248/501/483 274/536/483
f 272/534/484 274/536/484 273/535/484
f 273/535/485 274/536/485 275/537/485
f 274/536/486 276/538/486 275/537/486
f 248/501/487 250/504/487 274/536/487
f 274/536/488 250/504/488 276/538/488
f 275/537/489 276/538/489 277/539/489
f 276/538/490 256/515/490 277/539/490
f 250/504/491 252/505/491 276/538/491
f 276/538/492 252/505/492 256/515/492
f 279/540/493 278/541/493 277/542/493
f 275/537/494 277/539/494 278/543/494
f 258/519/495 277/542/495 256/514/495
f 279/540/496 277/542/496 258/519/496
f 260/520/497 279/544/497 258/517/497
f 280/545/498 278/541/498 279/540/498
f 281/546/499 279/544/499 260/520/499
f 281/546/500 280/547/500 279/544/500
f 282/548/501 280/547/501 281/546/501
f 262/522/502 281/546/502 260/520/502
f 283/549/503 281/546/503 262/522/503
f 283/549/504 282/548/504 281/546/504
f 284/550/505 282/548/505 283/549/505
f 264/525/506 283/549/506 262/522/506
f 285/551/507 283/549/507 264/525/507
f 285/551/508 284/550/508 283/549/508
f 285/551/509 266/526/509 287/552/509
f 266/526/510 285/551/510 264/525/510
f 286/553/511 284/550/511 285/551/511
f 285/551/512 287/552/512 286/553/512
f 286/553/513 287/552/513 288/554/513
f 287/552/514 289/555/514 288/554/514
f 266/526/515 268/530/515 287/552/515
f 287/552/516 268/530/516 289/555/516
f 290/556/517 289/557/517 291/558/517
f 288/554/518 289/555/518 290/559/518
f 292/560/519 291/558/519 289/557/519
f 292/560/520 289/557/520 268/532/520
f 269/531/521 292/560/521 268/532/521
f 294/561/522 292/560/522 269/531/522
f 293/562/523 291/558/523 292/560/523
f 294/561/524 293/562/524 292/560/524
f 293/562/525 294/561/525 295/563/525
f 269/531/526 271/533/526 294/561/526
f 294/561/527 271/533/527 296/564/527
f 294/561/528 296/564/528 295/563/528
f 295/563/529 296/564/529 297/565/529
f 296/564/530 298/566/530 297/565/530
f 271/533/531 273/535/531 296/564/531
f 296/564/531 273/535/531 298/566/531
f 297/565/532 298/566/532 299/567/532
f 298/566/533 278/543/533 299/567/533
f 273/535/531 275/537/531 298/566/531
f 298/566/534 275/537/534 278/543/534
f 301/568/535 300/569/535 299/570/535
f 297/565/536 299/567/536 300/571/536
f 280/545/537 299/570/537 278/541/537
f 301/568/538 299/570/538 280/545/538
f 282/548/539 301/572/539 280/547/539
f 302/573/540 300/569/540 301/568/540
f 303/574/541 301/572/541 282/548/541
f 303/574/542 302/575/542 301/572/542
f 304/576/543 302/575/543 303/574/543
f 284/550/544 303/574/544 282/548/544
f 305/577/545 303/574/545 284/550/545
f 305/577/546 304/576/546 303/574/546
f 286/553/547 305/577/547 284/550/547
f 305/577/548 286/553/548 307/578/548
f 304/576/549 305/577/549 306/579/549
f 305/577/550 307/578/550 306/579/550
f 307/578/551 288/554/551 309/580/551
f 286/553/552 288/554/552 307/578/552
f 306/579/553 307/578/553 308/581/553
f 307/578/554 309/580/554 308/581/554
f 290/556/555 291/558/555 309/582/555
f 288/554/556 290/559/556 309/580/556
f 309/582/557 310/583/557 308/584/557
f 309/582/558 291/558/558 310/583/558
f 293/562/559 310/583/559 291/558/559
f 308/584/560 310/583/560 311/585/560
f 312/586/561 310/583/561 293/562/561
f 312/586/562 311/585/562 310/583/562
f 293/562/563 295/563/563 312/586/563
f 313/587/564 311/585/564 312/586/564
f 312/586/565 314/588/565 313/587/565
f 312/586/566 295/563/566 314/588/566
f 313/587/567 314/588/567 315/589/567
f 314/588/568 300/571/568 315/589/568
f 295/563/569 297/565/569 314/588/569
f 314/588/570 297/565/570 300/571/570
f 302/573/571 315/590/571 300/569/571
f 317/591/572 315/590/572 302/573/572
f 317/591/573 316/592/573 315/590/573
f 313/587/574 315/589/574 316/593/574
f 317/594/575 319/595/575 318/596/575
f 318/597/573 316/592/573 317/591/573
f 304/576/576 317/594/576 302/575/576
f 317/594/577 304/576/577 319/595/577
f 318/596/578 319/595/578 320/598/578
f 319/595/579 306/579/579 321/599/579
f 304/576/580 306/579/580 319/595/580
f 319/595/581 321/599/581 320/598/581
f 308/584/582 311/585/582 321/600/582
f 306/579/583 308/581/583 321/599/583
f 321/600/584 322/601/584 320/602/584
f 321/600/585 311/585/585 322/601/585
f 316/593/586 323/603/586 322/601/586
f 320/602/587 322/601/587 323/603/587
f 313/587/588 322/601/588 311/585/588
f 316/593/589 322/601/589 313/587/589
f 320/602/590 323/603/590 324/604/590
f 318/597/591 324/605/591 323/606/591
f 318/597/592 323/606/592 316/592/592
f 318/596/593 320/598/593 324/607/593
f 234/512/594 202/441/594 204/440/594
f 186/420/595 223/467/595 182/419/595
f 221/466/596 223/467/596 186/420/596
f 188/426/597 221/466/597 186/420/597
f 214/463/598 221/466/598 188/426/598
f 214/457/599 188/423/599 211/453/599
f 188/423/600 189/425/600 211/453/600
f 211/453/601 189/425/601 208/451/601
f 189/425/326 191/429/326 208/451/326
f 208/451/602 191/429/602 196/435/602
f 192/431/603 325/608/603 173/406/603
f 185/427/604 325/608/604 192/431/604
f 192/431/605 173/406/605 177/405/605
f 185/421/606 180/416/606 325/609/606
f 173/403/607 325/609/607 180/416/607
f 326/610/608 327/611/608 331/612/608
f 327/611/609 326/610/609 328/613/609
f 329/614/610 328/613/610 326/610/610
f 329/614/611 326/610/611 330/615/611
f 326/610/612 331/612/612 330/615/612
f 331/616/613 327/617/613 334/618/613
f 333/619/614 331/612/614 332/620/614
f 332/621/615 331/616/615 335/622/615
f 333/619/616 330/615/616 331/612/616
f 331/616/617 334/618/617 335/622/617
f 338/623/618 336/624/618 335/625/618
f 335/622/619 336/626/619 337/627/619
f 335/622/620 337/627/620 332/621/620
f 335/625/621 334/628/621 329/629/621
f 338/623/622 335/625/622 329/629/622
f 340/630/623 338/631/623 339/632/623
f 339/632/624 338/631/624 341/633/624
f 338/623/625 340/634/625 336/624/625
f 338/623/626 329/629/626 341/635/626
f 329/614/627 330/615/627 341/636/627
f 339/632/628 341/633/628 330/637/628
f 343/638/629 340/630/629 342/639/629
f 342/639/630 340/630/630 344/640/630
f 336/624/631 340/634/631 343/641/631
f 344/640/632 340/630/632 339/632/632
f 333/642/633 344/640/633 339/632/633
f 346/643/634 345/644/634 344/645/634
f 344/640/635 345/646/635 342/639/635
f 333/647/636 346/643/636 344/645/636
f 333/619/637 332/620/637 346/648/637
f 346/649/638 332/621/638 337/627/638
f 349/650/639 346/649/639 347/651/639
f 346/649/640 350/652/640 347/651/640
f 346/643/641 348/653/641 345/644/641
f 348/654/642 346/649/642 349/650/642
f 337/627/643 350/652/643 346/649/643
f 350/655/644 356/656/644 351/657/644
f 350/655/645 351/657/645 352/658/645
f 350/652/646 352/659/646 347/651/646
f 354/660/647 350/655/647 353/661/647
f 353/662/648 350/663/648 355/664/648
f 355/665/649 350/652/649 337/627/649
f 350/655/650 354/660/650 356/656/650
f 356/666/651 354/667/651 357/668/651
f 351/657/652 356/656/652 357/669/652
f 358/670/653 357/668/653 359/671/653
f 357/669/654 358/672/654 360/673/654
f 357/668/655 354/667/655 359/671/655
f 357/669/656 360/673/656 352/658/656
f 351/657/657 357/669/657 352/658/657
f 361/674/658 347/675/658 360/676/658
f 358/677/659 361/674/659 360/676/659
f 360/678/660 347/651/660 352/659/660
f 362/679/661 349/680/661 361/674/661
f 362/679/662 361/674/662 359/681/662
f 349/650/663 347/651/663 361/682/663
f 358/677/664 359/681/664 361/674/664
f 349/680/665 362/679/665 363/683/665
f 363/683/666 362/679/666 359/681/666
f 363/683/667 348/653/667 349/680/667
f 363/684/668 359/671/668 345/646/668
f 363/683/669 345/644/669 348/653/669
f 345/646/670 359/671/670 342/639/670
f 354/667/671 342/639/671 359/671/671
f 365/685/672 353/662/672 355/664/672
f 364/686/673 365/685/673 355/664/673
f 364/687/674 355/665/674 337/627/674
f 354/660/675 353/661/675 365/688/675
f 343/641/676 342/689/676 365/685/676
f 364/686/677 343/641/677 365/685/677
f 365/690/678 342/639/678 354/667/678
f 364/687/679 337/627/679 366/691/679
f 343/641/680 364/686/680 366/692/680
f 366/692/681 337/693/681 336/624/681
f 336/624/682 343/641/682 366/692/682
f 330/615/683 333/619/683 339/694/683
f 334/628/684 367/695/684 329/629/684
f 327/617/685 367/696/685 334/618/685
f 329/614/686 367/697/686 328/613/686
f 367/697/687 368/698/687 328/613/687
f 368/699/688 367/696/688 327/617/688
f 327/611/689 328/613/689 368/698/689
f 370/700/690 369/701/690 372/702/690
f 369/703/691 370/704/691 374/705/691
f 371/706/692 372/702/692 369/701/692
f 371/707/693 369/708/693 373/709/693
f 369/703/691 374/705/691 373/710/691
f 373/710/694 374/705/694 376/711/694
f 375/712/695 376/713/695 374/714/695
f 377/715/696 375/712/696 374/714/696
f 377/715/696 374/714/696 370/716/696
f 377/717/697 380/718/697 378/719/697
f 378/720/698 375/721/698 377/722/698
f 370/700/699 379/723/699 377/717/699
f 377/717/700 379/723/700 380/718/700
f 379/724/701 381/725/701 380/726/701
f 382/727/702 380/726/702 381/725/702
f 371/706/703 380/718/703 382/728/703
f 371/706/704 378/719/704 380/718/704
f 382/729/705 384/730/705 372/731/705
f 371/706/706 382/728/706 372/702/706
f 382/727/707 381/725/707 383/732/707
f 382/729/708 383/733/708 384/730/708
f 386/734/709 385/735/709 384/736/709
f 384/730/710 385/737/710 387/738/710
f 384/736/711 383/739/711 381/740/711
f 384/730/712 387/738/712 372/731/712
f 384/736/709 381/740/709 386/734/709
f 386/741/713 387/742/713 385/743/713
f 370/700/714 372/702/714 387/744/714
f 386/741/713 379/745/713 387/742/713
f 370/700/699 387/744/699 379/723/699
f 379/724/701 386/746/701 381/725/701
f 371/747/715 388/748/715 378/720/715
f 378/720/698 388/748/698 375/721/698
f 388/748/716 391/749/716 375/721/716
f 389/750/717 390/751/717 388/748/717
f 371/747/715 389/750/715 388/748/715
f 388/748/718 390/751/718 391/749/718
f 390/751/719 392/752/719 391/749/719
f 391/753/720 393/754/720 376/713/720
f 375/712/695 391/753/695 376/713/695
f 391/753/720 392/755/720 393/754/720
f 395/756/721 393/757/721 394/758/721
f 394/759/722 393/760/722 392/761/722
f 395/756/723 376/711/723 393/757/723
f 373/710/724 376/711/724 395/756/724
f 389/762/725 395/763/725 396/764/725
f 395/763/726 397/765/726 396/764/726
f 389/762/727 373/709/727 395/763/727
f 395/763/728 394/766/728 397/765/728
f 398/767/729 397/768/729 394/759/729
f 390/751/730 397/769/730 398/770/730
f 390/751/731 396/771/731 397/769/731
f 392/761/722 398/767/722 394/759/722
f 390/751/732 398/770/732 392/752/732
f 389/750/733 396/771/733 390/751/733
f 371/707/693 373/709/693 389/762/693
f 402/772/734 399/773/734 400/774/734
f 400/775/735 399/776/735 401/777/735
f 402/778/736 401/779/736 399/780/736
f 404/781/737 403/782/737 402/772/737
f 403/782/738 406/783/738 402/772/738
f 402/784/739 408/785/739 401/786/739
f 402/772/740 405/787/740 404/781/740
f 402/772/741 400/774/741 407/788/741
f 402/772/742 407/788/742 405/787/742
f 402/784/739 406/789/739 408/785/739
f 413/790/743 408/791/743 409/792/743
f 409/792/744 408/791/744 411/793/744
f 406/794/745 410/795/745 408/796/745
f 412/797/746 408/791/746 410/798/746
f 411/793/747 408/791/747 412/797/747
f 414/799/748 408/785/748 413/800/748
f 414/799/748 401/786/748 408/785/748
f 417/801/749 415/802/749 414/803/749
f 414/804/750 415/805/750 401/777/750
f 416/806/751 417/807/751 414/808/751
f 414/809/752 418/810/752 416/811/752
f 414/809/752 413/812/752 418/810/752
f 422/813/753 418/814/753 413/815/753
f 418/816/754 419/817/754 409/818/754
f 422/819/755 419/820/755 418/821/755
f 418/822/756 420/823/756 421/824/756
f 409/818/757 420/825/757 418/816/757
f 423/826/758 418/810/758 421/827/758
f 423/826/758 416/811/758 418/810/758
f 423/828/759 425/829/759 424/830/759
f 416/831/760 423/832/760 424/833/760
f 423/828/761 428/834/761 425/829/761
f 423/835/762 426/836/762 427/837/762
f 423/838/763 429/839/763 426/840/763
f 423/828/764 427/841/764 428/834/764
f 423/838/763 421/842/763 429/839/763
f 421/843/765 430/844/765 429/845/765
f 409/792/766 429/846/766 430/847/766
f 429/846/767 409/792/767 432/848/767
f 432/848/768 431/849/768 429/846/768
f 426/840/769 429/839/769 431/850/769
f 433/851/770 434/852/770 432/853/770
f 433/854/771 432/848/771 409/792/771
f 434/852/772 435/855/772 432/853/772
f 432/848/773 435/856/773 431/849/773
f 436/857/774 431/858/774 435/859/774
f 403/782/775 435/859/775 434/860/775
f 403/782/776 436/857/776 435/859/776
f 438/861/777 437/862/777 436/863/777
f 436/857/774 437/864/774 431/858/774
f 403/782/778 438/865/778 436/857/778
f 404/781/779 438/865/779 403/782/779
f 415/805/780 438/861/780 404/866/780
f 426/867/781 437/862/781 438/861/781
f 415/805/782 426/867/782 438/861/782
f 426/840/769 431/850/769 437/868/769
f 433/869/783 406/870/783 434/871/783
f 403/782/738 434/860/738 406/783/738
f 406/872/784 433/873/784 411/874/784
f 411/793/785 433/854/785 409/792/785
f 421/875/786 439/876/786 430/847/786
f 439/876/787 409/792/787 430/847/787
f 440/877/788 409/792/788 439/876/788
f 421/875/789 440/877/789 439/876/789
f 421/875/790 420/878/790 440/877/790
f 420/878/791 409/792/791 440/877/791
f 415/805/792 425/829/792 428/834/792
f 427/841/793 415/805/793 428/834/793
f 426/867/794 415/805/794 427/841/794
f 424/830/795 425/829/795 415/805/795
f 416/879/796 424/880/796 415/802/796
f 422/881/797 413/882/797 409/883/797
f 419/817/798 422/884/798 409/818/798
f 415/802/799 417/801/799 441/885/799
f 416/886/800 441/887/800 417/888/800
f 415/802/801 441/885/801 416/879/801
f 405/889/802 401/777/802 415/805/802
f 404/866/803 405/889/803 415/805/803
f 406/872/804 412/890/804 410/891/804
f 406/872/805 442/892/805 412/890/805
f 411/793/806 412/797/806 442/893/806
f 406/872/807 411/874/807 442/892/807
f 405/894/808 407/895/808 400/896/808
f 405/889/809 400/775/809 401/777/809
f 447/897/810 444/898/810 443/899/810
f 443/899/811 444/898/811 449/900/811
f 445/901/812 446/902/812 443/903/812
f 445/904/813 443/905/813 448/906/813
f 443/907/814 446/908/814 447/909/814
f 451/910/815 448/911/815 443/899/815
f 450/912/811 443/899/811 449/900/811
f 443/899/811 450/912/811 451/910/811
f 451/913/816 452/914/816 455/915/816
f 450/912/811 452/916/811 451/910/811
f 453/917/817 451/913/817 454/918/817
f 448/919/818 451/920/818 453/921/818
f 454/918/819 451/913/819 455/915/819
f 455/922/820 457/923/820 454/924/820
f 450/912/821 455/925/821 452/916/821
f 455/922/822 456/926/822 457/923/822
f 450/912/823 456/927/823 455/925/823
f 453/928/824 454/929/824 457/930/824
f 459/931/825 457/930/825 458/932/825
f 458/932/826 457/930/826 460/933/826
f 457/934/827 456/935/827 462/936/827
f 459/931/828 446/937/828 457/930/828
f 457/934/829 462/936/829 460/938/829
f 446/937/830 461/939/830 457/930/830
f 461/939/831 453/928/831 457/930/831
f 463/940/832 460/941/832 462/942/832
f 464/943/833 463/944/833 462/945/833
f 464/943/834 462/945/834 456/927/834
f 449/900/835 464/943/835 465/946/835
f 465/946/821 464/943/821 456/927/821
f 464/943/836 466/947/836 467/948/836
f 449/900/837 466/947/837 464/943/837
f 464/943/838 467/948/838 463/944/838
f 459/949/839 467/950/839 466/951/839
f 459/949/840 468/952/840 467/950/840
f 463/940/841 467/953/841 468/954/841
f 463/940/841 468/954/841 469/955/841
f 458/956/842 469/957/842 468/958/842
f 458/932/842 468/959/842 459/931/842
f 458/932/826 460/933/826 469/960/826
f 463/940/832 469/955/832 460/941/832
f 447/961/843 459/962/843 466/963/843
f 444/898/837 466/947/837 449/900/837
f 444/898/835 447/897/835 466/947/835
f 450/912/811 449/900/811 465/946/811
f 465/946/823 456/927/823 450/912/823
f 445/964/844 461/965/844 446/908/844
f 471/966/845 470/967/845 461/968/845
f 461/939/846 470/969/846 472/970/846
f 471/966/847 461/968/847 445/971/847
f 472/970/848 453/928/848 461/939/848
f 471/966/849 472/972/849 470/973/849
f 448/974/850 453/975/850 472/972/850
f 471/966/851 448/974/851 472/972/851
f 445/976/852 448/977/852 471/978/852
f 447/961/853 473/979/853 459/962/853
f 473/980/854 446/937/854 459/931/854
f 446/908/855 473/981/855 447/909/855
f 476/982/856 475/983/856 474/984/856
f 478/985/857 474/986/857 475/987/857
f 477/988/858 476/982/858 474/984/858
f 478/985/859 477/989/859 474/986/859
f 479/990/860 478/985/860 475/987/860
f 480/991/861 478/985/861 479/990/861
f 481/992/862 477/989/862 478/985/862
f 481/992/863 478/985/863 480/991/863
f 480/993/864 482/994/864 481/995/864
f 482/994/865 477/988/865 481/995/865
f 480/993/866 483/996/866 482/994/866
f 483/997/867 485/998/867 482/999/867
f 482/994/868 484/1000/868 477/988/868
f 482/999/869 486/1001/869 484/1002/869
f 482/999/869 485/998/869 486/1001/869
f 486/1001/870 490/1003/870 487/1004/870
f 489/1005/871 486/1001/871 487/1004/871
f 486/1001/872 488/1006/872 490/1003/872
f 488/1006/873 486/1001/873 485/998/873
f 484/1002/874 486/1001/874 489/1005/874
f 487/1007/875 490/1008/875 491/1009/875
f 491/1009/876 490/1008/876 488/1010/876
f 487/1007/877 491/1009/877 492/1011/877
f 491/1012/878 496/1012/878 492/1012/878
f 491/1009/879 488/1010/879 493/1013/879
f 495/1014/878 491/1015/878 493/1014/878
f 495/1013/880 494/1016/880 491/1009/880
f 491/1009/880 494/1016/880 496/1011/880
f 494/1016/880 497/1017/880 496/1011/880
f 499/1018/880 496/1011/880 497/1017/880
f 498/1012/878 492/1012/878 496/1012/878
f 499/1012/880 498/1012/880 496/1012/880
f 502/1019/881 499/1018/881 500/1020/881
f 504/1021/880 500/1020/880 499/1018/880
f 502/1019/882 501/1022/882 499/1018/882
f 499/1018/883 501/1022/883 503/1023/883
f 499/1018/884 503/1023/884 498/1011/884
f 504/1021/880 499/1018/880 497/1017/880
f 497/1017/880 505/1024/880 504/1021/880
f 506/1025/880 504/1021/880 505/1024/880
f 500/1020/880 504/1021/880 506/1025/880
f 508/1026/885 507/1027/885 506/1025/885
f 502/1019/886 506/1025/886 507/1027/886
f 506/1025/880 505/1024/880 508/1026/880
f 502/1019/886 500/1020/886 506/1025/886
f 508/1026/887 509/1028/887 507/1027/887
f 511/1029/888 509/1028/888 508/1026/888
f 511/1029/880 508/1026/880 510/1030/880
f 505/1024/880 510/1030/880 508/1026/880
f 513/1031/880 511/1029/880 510/1030/880
f 514/1032/889 509/1028/889 511/1029/889
f 514/1032/890 511/1029/890 512/1033/890
f 515/1034/880 512/1033/880 511/1029/880
f 515/1034/880 511/1029/880 513/1031/880
f 513/1031/880 516/1035/880 515/1034/880
f 515/1034/880 516/1035/880 518/1036/880
f 512/1033/880 515/1034/880 517/1037/880
f 515/1034/880 518/1036/880 517/1037/880
f 518/1036/891 521/1038/891 517/1037/891
f 518/1036/892 519/1039/892 521/1038/892
f 522/1040/893 519/1039/893 518/1036/893
f 522/1040/894 518/1036/894 520/1041/894
f 518/1036/880 523/1042/880 520/1041/880
f 518/1036/880 516/1035/880 523/1042/880
f 516/1035/880 524/1043/880 523/1042/880
f 523/1042/880 524/1043/880 526/1044/880
f 523/1042/880 525/1045/880 520/1041/880
f 523/1042/880 526/1044/880 525/1045/880
f 526/1044/895 529/1046/895 525/1045/895
f 526/1044/896 527/1047/896 529/1046/896
f 530/1048/897 527/1047/897 526/1044/897
f 530/1048/880 526/1044/880 528/1049/880
f 524/1043/880 528/1049/880 526/1044/880
f 528/1049/880 532/1050/880 530/1048/880
f 533/1051/898 527/1047/898 530/1048/898
f 533/1051/899 530/1048/899 531/1052/899
f 530/1048/880 534/1053/880 531/1052/880
f 530/1048/880 532/1050/880 534/1053/880
f 532/1050/880 535/1054/880 534/1053/880
f 534/1053/880 535/1054/880 537/1055/880
f 534/1053/880 536/1056/880 531/1052/880
f 534/1053/880 537/1055/880 536/1056/880
f 537/1055/900 540/1057/900 536/1056/900
f 537/1055/901 538/1058/901 540/1057/901
f 541/1059/902 538/1058/902 537/1055/902
f 541/1059/880 537/1055/880 539/1060/880
f 535/1054/880 539/1060/880 537/1055/880
f 539/1060/880 543/1061/880 541/1059/880
f 544/1062/903 538/1058/903 541/1059/903
f 544/1062/904 541/1059/904 542/1063/904
f 541/1059/880 545/1064/880 542/1063/880
f 541/1059/880 543/1061/880 545/1064/880
f 543/1061/880 546/1065/880 545/1064/880
f 547/1066/880 545/1064/880 546/1065/880
f 545/1064/880 547/1066/880 542/1063/880
f 547/1066/905 550/1067/905 548/1068/905
f 548/1068/906 542/1063/906 547/1066/906
f 547/1066/907 546/1065/907 549/1069/907
f 547/1066/908 549/1069/908 550/1067/908
f 552/1070/909 550/1067/909 549/1069/909
f 553/1071/910 548/1072/910 550/1073/910
f 553/1071/911 550/1073/911 551/1074/911
f 552/1070/912 551/1075/912 550/1067/912
f 551/1074/913 555/1076/913 553/1071/913
f 553/1077/914 544/1078/914 548/1079/914
f 557/1080/915 554/1081/915 553/1077/915
f 553/1077/916 554/1081/916 544/1078/916
f 556/1082/917 553/1071/917 555/1076/917
f 557/1080/915 553/1077/915 556/1083/915
f 561/1084/918 558/1085/918 557/1080/918
f 558/1085/919 554/1081/919 557/1080/919
f 557/1080/920 556/1083/920 560/1086/920
f 557/1080/921 560/1086/921 559/1087/921
f 561/1084/922 557/1080/922 559/1087/922
f 562/1088/923 563/1089/923 561/1084/923
f 561/1090/924 565/1091/924 562/1092/924
f 559/1093/925 564/1094/925 561/1095/925
f 561/1084/926 563/1089/926 558/1085/926
f 561/1090/924 564/1096/924 565/1091/924
f 565/1097/927 568/1098/927 562/1099/927
f 565/1097/927 566/1100/927 568/1098/927
f 569/1101/927 566/1100/927 565/1097/927
f 570/1102/924 565/1091/924 564/1096/924
f 569/1101/927 565/1097/927 567/1103/927
f 570/1102/924 567/1104/924 565/1091/924
f 567/1105/928 570/1106/928 573/1107/928
f 570/1106/929 571/1108/929 574/1109/929
f 571/1110/925 570/1111/925 564/1094/925
f 570/1106/930 574/1109/930 572/1112/930
f 570/1106/931 572/1112/931 573/1107/931
f 574/1109/932 578/1113/932 572/1112/932
f 574/1109/933 576/1114/933 575/1115/933
f 575/1115/934 577/1116/934 574/1109/934
f 574/1117/935 571/1118/935 576/1119/935
f 574/1109/932 577/1116/932 578/1113/932
f 578/1113/936 582/1120/936 579/1121/936
f 579/1121/937 581/1122/937 578/1113/937
f 578/1113/938 580/1123/938 582/1120/938
f 583/1124/937 580/1123/937 578/1113/937
f 572/1112/932 578/1113/932 581/1122/932
f 583/1124/937 578/1113/937 577/1116/937
f 583/1125/939 586/1126/939 584/1127/939
f 584/1127/940 580/1128/940 583/1125/940
f 577/1116/941 585/1129/941 583/1124/941
f 583/1125/942 585/1130/942 586/1126/942
f 590/1131/880 584/1127/880 586/1126/880
f 586/1126/943 585/1130/943 589/1132/943
f 586/1126/880 589/1132/880 587/1133/880
f 588/1134/880 586/1126/880 587/1133/880
f 590/1131/880 586/1126/880 588/1134/880
f 588/1134/880 591/1135/880 590/1131/880
f 590/1131/880 591/1135/880 593/1136/880
f 584/1127/880 590/1131/880 592/1137/880
f 590/1131/880 593/1136/880 592/1137/880
f 593/1136/944 580/1128/944 592/1137/944
f 593/1136/945 582/1138/945 580/1128/945
f 595/1139/946 582/1138/946 593/1136/946
f 595/1139/880 593/1136/880 594/1140/880
f 591/1135/880 594/1140/880 593/1136/880
f 579/1141/947 595/1139/947 596/1142/947
f 598/1143/880 596/1142/880 595/1139/880
f 579/1141/948 582/1138/948 595/1139/948
f 597/1144/880 595/1139/880 594/1140/880
f 598/1143/880 595/1139/880 597/1144/880
f 597/1144/880 599/1145/880 598/1143/880
f 598/1143/880 599/1145/880 601/1146/880
f 596/1142/880 598/1143/880 600/1147/880
f 598/1143/880 601/1146/880 600/1147/880
f 604/1148/949 601/1146/949 602/1149/949
f 601/1146/880 606/1150/880 602/1149/880
f 604/1148/950 603/1151/950 601/1146/950
f 601/1146/951 603/1151/951 605/1152/951
f 601/1146/952 605/1152/952 600/1147/952
f 601/1146/880 599/1145/880 606/1150/880
f 599/1145/880 607/1153/880 606/1150/880
f 609/1154/880 606/1150/880 607/1153/880
f 608/1155/880 602/1149/880 606/1150/880
f 609/1154/880 608/1155/880 606/1150/880
f 609/1154/953 612/1156/953 608/1155/953
f 609/1154/954 610/1157/954 612/1156/954
f 613/1158/955 610/1157/955 609/1154/955
f 613/1158/880 609/1154/880 611/1159/880
f 611/1159/880 609/1154/880 607/1153/880
f 616/1160/956 613/1158/956 614/1161/956
f 615/1162/880 614/1161/880 613/1158/880
f 616/1160/957 610/1157/957 613/1158/957
f 611/1159/880 615/1162/880 613/1158/880
f 614/1161/958 618/1163/958 616/1160/958
f 617/1164/959 610/1165/959 616/1166/959
f 616/1166/960 485/998/960 617/1164/960
f 616/1166/960 618/1167/960 485/998/960
f 621/1168/961 618/1163/961 619/1169/961
f 614/1161/958 619/1169/958 618/1163/958
f 621/1168/962 620/1170/962 618/1163/962
f 485/998/963 618/1167/963 620/1171/963
f 621/1168/880 619/1169/880 625/1172/880
f 624/1173/964 620/1170/964 621/1168/964
f 624/1173/965 621/1168/965 622/1013/965
f 495/1014/878 622/1014/878 621/1014/878
f 495/1013/880 621/1168/880 623/1174/880
f 621/1168/880 625/1172/880 623/1174/880
f 615/1162/880 623/1174/880 625/1172/880
f 615/1162/880 625/1172/880 614/1161/880
f 619/1169/880 614/1161/880 625/1172/880
f 493/1013/966 624/1173/966 622/1013/966
f 485/998/967 620/1171/967 624/1175/967
f 488/1006/968 485/998/968 624/1175/968
f 493/1013/969 488/1010/969 624/1173/969
f 623/1174/880 494/1016/880 495/1013/880
f 623/1174/880 626/1176/880 494/1016/880
f 615/1162/880 626/1176/880 623/1174/880
f 497/1017/880 626/1176/880 505/1024/880
f 494/1016/880 626/1176/880 497/1017/880
f 629/1177/880 505/1024/880 626/1176/880
f 628/1178/880 626/1176/880 615/1162/880
f 629/1177/880 626/1176/880 627/1179/880
f 628/1178/880 627/1179/880 626/1176/880
f 627/1179/880 630/1180/880 629/1177/880
f 505/1024/880 629/1177/880 510/1030/880
f 510/1030/880 629/1177/880 630/1180/880
f 631/1181/880 513/1031/880 630/1180/880
f 513/1031/880 510/1030/880 630/1180/880
f 627/1179/880 631/1181/880 630/1180/880
f 631/1181/880 632/1182/880 513/1031/880
f 607/1153/880 632/1182/880 631/1181/880
f 607/1153/880 631/1181/880 633/1183/880
f 633/1183/880 631/1181/880 627/1179/880
f 611/1159/880 607/1153/880 633/1183/880
f 611/1159/880 633/1183/880 628/1178/880
f 633/1183/880 627/1179/880 628/1178/880
f 516/1035/880 632/1182/880 524/1043/880
f 513/1031/880 632/1182/880 516/1035/880
f 524/1043/880 632/1182/880 634/1184/880
f 599/1145/880 632/1182/880 607/1153/880
f 597/1144/880 632/1182/880 599/1145/880
f 634/1184/880 632/1182/880 597/1144/880
f 634/1184/880 597/1144/880 635/1185/880
f 635/1185/880 637/1186/880 634/1184/880
f 524/1043/880 634/1184/880 636/1187/880
f 637/1186/880 636/1187/880 634/1184/880
f 638/1188/880 637/1186/880 639/1189/880
f 637/1186/880 638/1188/880 636/1187/880
f 640/1190/880 639/1189/880 637/1186/880
f 635/1185/880 640/1190/880 637/1186/880
f 640/1190/880 591/1135/880 639/1189/880
f 591/1135/880 640/1190/880 594/1140/880
f 594/1140/880 640/1190/880 635/1185/880
f 638/1188/880 639/1189/880 532/1050/880
f 532/1050/880 639/1189/880 535/1054/880
f 535/1054/880 639/1189/880 641/1191/880
f 588/1134/880 639/1189/880 591/1135/880
f 641/1191/880 639/1189/880 588/1134/880
f 641/1191/880 588/1134/880 642/1192/880
f 642/1192/880 644/1193/880 641/1191/880
f 535/1054/880 641/1191/880 643/1194/880
f 644/1193/880 643/1194/880 641/1191/880
f 645/1195/880 644/1193/880 646/1196/880
f 644/1193/880 645/1195/880 643/1194/880
f 647/1197/880 646/1196/880 644/1193/880
f 642/1192/880 647/1197/880 644/1193/880
f 647/1197/880 648/1198/880 646/1196/880
f 648/1198/880 647/1197/880 587/1133/880
f 587/1133/880 647/1197/880 642/1192/880
f 650/1199/880 646/1196/880 648/1198/880
f 650/1199/880 648/1198/880 649/1200/880
f 649/1200/880 648/1198/880 589/1132/880
f 648/1198/880 587/1133/880 589/1132/880
f 654/1201/880 650/1199/880 649/1200/880
f 653/1202/880 646/1196/880 650/1199/880
f 653/1202/880 650/1199/880 651/1203/880
f 652/1204/970 651/1203/970 650/1199/970
f 654/1201/971 652/1204/971 650/1199/971
f 654/1201/972 657/1205/972 652/1204/972
f 656/1206/973 655/1207/973 654/1201/973
f 654/1201/974 655/1207/974 657/1205/974
f 654/1201/880 649/1200/880 656/1206/880
f 659/1208/975 657/1209/975 655/1210/975
f 660/1211/976 652/1204/976 657/1205/976
f 660/1211/977 657/1205/977 658/1212/977
f 659/1208/978 658/1213/978 657/1209/978
f 662/1214/979 660/1211/979 658/1212/979
f 652/1204/980 660/1211/980 651/1203/980
f 660/1211/880 661/1215/880 651/1203/880
f 662/1214/981 661/1215/981 660/1211/981
f 662/1214/981 664/1216/981 661/1215/981
f 555/1076/982 663/1217/982 662/1218/982
f 662/1214/983 663/1219/983 664/1216/983
f 555/1076/984 662/1218/984 658/1213/984
f 664/1216/981 666/1220/981 665/1221/981
f 664/1216/880 665/1221/880 667/1222/880
f 664/1216/985 663/1219/985 666/1220/985
f 651/1203/880 661/1215/880 664/1216/880
f 651/1203/880 664/1216/880 653/1202/880
f 664/1216/880 667/1222/880 653/1202/880
f 546/1065/880 653/1202/880 667/1222/880
f 549/1069/986 546/1065/986 667/1222/986
f 667/1222/880 665/1221/880 552/1070/880
f 549/1069/987 667/1222/987 552/1070/987
f 552/1070/981 665/1221/981 666/1220/981
f 555/1076/988 666/1223/988 663/1217/988
f 551/1074/989 666/1223/989 555/1076/989
f 552/1070/990 666/1220/990 551/1075/990
f 669/1224/991 659/1225/991 655/1226/991
f 555/1076/913 658/1213/913 659/1208/913
f 575/1115/934 659/1225/934 577/1116/934
f 669/1224/992 577/1116/992 659/1225/992
f 668/1227/917 555/1076/917 659/1208/917
f 668/1227/917 659/1208/917 575/1228/917
f 577/1116/993 669/1224/993 585/1129/993
f 589/1132/994 585/1130/994 669/1229/994
f 589/1132/995 669/1229/995 656/1206/995
f 656/1206/996 669/1229/996 655/1207/996
f 556/1230/880 668/1231/880 670/1232/880
f 556/1082/917 555/1076/917 668/1227/917
f 575/1233/880 670/1232/880 668/1231/880
f 671/1234/997 556/1235/997 670/1236/997
f 671/1234/998 670/1236/998 575/1237/998
f 671/1234/999 673/1238/999 672/1239/999
f 671/1234/1000 672/1239/1000 556/1235/1000
f 671/1234/999 674/1240/999 673/1238/999
f 671/1234/1001 575/1237/1001 674/1240/1001
f 576/1114/932 674/1241/932 575/1115/932
f 576/1242/1002 673/1238/1002 674/1240/1002
f 673/1238/1002 560/1243/1002 672/1239/1002
f 673/1238/1003 675/1244/1003 560/1243/1003
f 576/1242/1004 675/1244/1004 673/1238/1004
f 675/1244/1005 677/1245/1005 560/1243/1005
f 675/1244/1006 676/1246/1006 677/1245/1006
f 678/1247/1006 676/1246/1006 675/1244/1006
f 678/1247/1007 675/1244/1007 576/1242/1007
f 678/1248/1008 576/1249/1008 679/1250/1008
f 678/1251/1009 679/1252/1009 680/1253/1009
f 678/1251/1009 680/1253/1009 676/1254/1009
f 680/1253/1009 681/1255/1009 677/1256/1009
f 681/1255/1010 680/1253/1010 682/1257/1010
f 679/1252/1010 682/1257/1010 680/1253/1010
f 680/1253/1009 677/1256/1009 676/1254/1009
f 681/1255/1010 682/1257/1010 559/1093/1010
f 559/1093/925 682/1257/925 564/1094/925
f 571/1110/925 564/1094/925 682/1257/925
f 679/1252/1010 571/1110/1010 682/1257/1010
f 681/1258/1011 559/1087/1011 560/1086/1011
f 677/1259/1012 681/1258/1012 560/1086/1012
f 679/1250/1013 576/1249/1013 571/1260/1013
f 560/1086/919 556/1083/919 672/1261/919
f 649/1200/880 589/1132/880 656/1206/880
f 546/1065/880 646/1196/880 653/1202/880
f 645/1195/880 646/1196/880 543/1061/880
f 543/1061/880 646/1196/880 546/1065/880
f 539/1060/880 645/1195/880 543/1061/880
f 643/1194/880 645/1195/880 539/1060/880
f 535/1054/880 643/1194/880 539/1060/880
f 588/1134/880 587/1133/880 642/1192/880
f 528/1049/880 638/1188/880 532/1050/880
f 636/1187/880 638/1188/880 528/1049/880
f 524/1043/880 636/1187/880 528/1049/880
f 597/1144/880 594/1140/880 635/1185/880
f 611/1159/880 628/1178/880 615/1162/880
f 622/1014/878 495/1014/878 493/1014/878
f 617/1262/1014 612/1263/1014 610/1264/1014
f 612/1263/1015 617/1262/1015 581/1122/1015
f 483/997/867 617/1164/867 485/998/867
f 683/1265/1016 581/1122/1016 617/1262/1016
f 683/1265/1016 617/1262/1016 483/1266/1016
f 483/1266/1017 684/1267/1017 683/1265/1017
f 683/1265/1018 573/1107/1018 572/1112/1018
f 572/1112/932 581/1122/932 683/1265/932
f 684/1267/1019 573/1107/1019 683/1265/1019
f 684/1268/1020 685/1269/1020 573/1270/1020
f 480/991/1021 479/990/1021 684/1268/1021
f 684/1267/1022 483/1266/1022 480/1271/1022
f 684/1268/1020 479/990/1020 685/1269/1020
f 685/1269/1020 687/1272/1020 563/1273/1020
f 688/1274/1023 685/1275/1023 563/1276/1023
f 685/1269/1020 479/990/1020 687/1272/1020
f 689/1277/1023 685/1275/1023 686/1278/1023
f 688/1274/1023 686/1278/1023 685/1275/1023
f 689/1277/1023 573/1279/1023 685/1275/1023
f 689/1280/1024 569/1281/1024 573/1107/1024
f 689/1277/1025 566/1282/1025 569/1283/1025
f 689/1277/1025 686/1278/1025 566/1282/1025
f 688/1284/1026 563/1089/1026 568/1285/1026
f 566/1282/1025 688/1274/1025 568/1286/1025
f 566/1282/1025 686/1278/1025 688/1274/1025
f 687/1287/1027 690/1288/1027 563/1089/1027
f 687/1287/1028 475/1289/1028 691/1290/1028
f 479/990/1021 475/987/1021 687/1272/1021
f 691/1290/1029 690/1288/1029 687/1287/1029
f 476/982/1030 691/1291/1030 475/983/1030
f 476/1292/1031 692/1293/1031 691/1294/1031
f 691/1290/1032 693/1295/1032 690/1288/1032
f 691/1290/1032 692/1296/1032 693/1295/1032
f 693/1295/1033 519/1297/1033 522/1298/1033
f 693/1295/1034 522/1298/1034 529/1299/1034
f 693/1295/1035 514/1300/1035 521/1301/1035
f 693/1295/1036 521/1301/1036 519/1297/1036
f 693/1295/1035 692/1296/1035 514/1300/1035
f 693/1295/1034 529/1299/1034 694/1302/1034
f 690/1288/919 693/1295/919 694/1302/919
f 694/1302/1037 527/1303/1037 533/1304/1037
f 694/1302/1034 533/1304/1034 540/1305/1034
f 694/1302/1038 529/1299/1038 527/1303/1038
f 694/1302/1034 540/1305/1034 554/1081/1034
f 558/1085/919 694/1302/919 554/1081/919
f 690/1288/919 694/1302/919 558/1085/919
f 692/1296/1039 509/1306/1039 514/1300/1039
f 489/1005/1040 507/1307/1040 692/1293/1040
f 692/1293/1041 507/1307/1041 509/1308/1041
f 476/1292/1031 489/1005/1031 692/1293/1031
f 690/1288/1042 558/1085/1042 563/1089/1042
f 608/1155/1043 612/1156/1043 604/1148/1043
f 612/1263/1015 581/1122/1015 604/1309/1015
f 608/1155/1043 604/1148/1043 602/1149/1043
f 581/1122/1044 605/1310/1044 603/1311/1044
f 579/1121/937 605/1310/937 581/1122/937
f 596/1142/940 600/1147/940 605/1152/940
f 596/1142/940 605/1152/940 579/1141/940
f 581/1122/1045 603/1311/1045 604/1309/1045
f 584/1127/940 592/1137/940 580/1128/940
f 567/1105/1046 573/1107/1046 569/1281/1046
f 562/1088/1047 568/1285/1047 563/1089/1047
f 554/1081/1048 538/1312/1048 544/1078/1048
f 554/1081/1049 540/1305/1049 538/1312/1049
f 548/1068/1050 544/1062/1050 542/1063/1050
f 533/1051/1051 536/1056/1051 540/1057/1051
f 533/1051/1051 531/1052/1051 536/1056/1051
f 522/1040/1051 525/1045/1051 529/1046/1051
f 522/1040/1051 520/1041/1051 525/1045/1051
f 521/1038/1052 512/1033/1052 517/1037/1052
f 521/1038/1052 514/1032/1052 512/1033/1052
f 489/1005/1040 502/1313/1040 507/1307/1040
f 489/1005/871 487/1004/871 503/1314/871
f 489/1005/1053 503/1314/1053 501/1315/1053
f 503/1023/1054 492/1011/1054 498/1011/1054
f 503/1023/1055 487/1007/1055 492/1011/1055
f 489/1005/1056 501/1315/1056 502/1313/1056
f 484/1002/874 489/1005/874 476/1292/874
f 477/988/1057 484/1000/1057 476/982/1057
f 696/1316/1058 699/1317/1058 695/1318/1058
f 696/1319/1059 695/1320/1059 698/1321/1059
f 695/1318/1060 699/1317/1060 697/1322/1060
f 698/1323/1061 695/1318/1061 697/1322/1061
f 701/1324/1062 699/1325/1062 696/1326/1062
f 700/1327/1063 699/1328/1063 703/1329/1063
f 699/1317/1064 700/1330/1064 697/1322/1064
f 702/1331/1065 699/1332/1065 701/1333/1065
f 702/1334/1066 703/1329/1066 699/1328/1066
f 702/1335/1067 698/1336/1067 703/1337/1067
f 698/1323/1068 697/1322/1068 703/1338/1068
f 697/1339/1069 700/1340/1069 703/1341/1069
f 704/1342/1070 702/1343/1070 701/1344/1070
f 702/1345/1071 704/1346/1071 706/1347/1071
f 702/1348/1072 705/1349/1072 698/1350/1072
f 705/1351/1073 702/1345/1073 706/1347/1073
f 704/1346/1074 707/1352/1074 706/1347/1074
f 706/1347/1075 707/1352/1075 710/1353/1075
f 705/1354/1076 706/1355/1076 709/1356/1076
f 708/1357/1077 706/1347/1077 711/1358/1077
f 706/1355/1076 708/1359/1076 709/1356/1076
f 706/1347/1078 710/1353/1078 711/1358/1078
f 714/1360/1079 712/1361/1079 711/1362/1079
f 711/1358/1080 712/1363/1080 708/1357/1080
f 714/1360/1081 711/1362/1081 713/1364/1081
f 713/1365/1082 711/1366/1082 710/1367/1082
f 715/1368/1083 714/1369/1083 713/1370/1083
f 714/1371/1084 715/1372/1084 716/1373/1084
f 714/1371/1085 716/1373/1085 712/1374/1085
f 716/1375/1086 718/1376/1086 717/1377/1086
f 712/1363/1087 716/1378/1087 717/1379/1087
f 716/1375/1088 715/1380/1088 718/1376/1088
f 719/1381/1089 718/1382/1089 720/1383/1089
f 719/1384/1090 717/1385/1090 718/1386/1090
f 718/1382/1091 715/1368/1091 720/1383/1091
f 720/1387/1092 722/1388/1092 721/1389/1092
f 721/1390/1093 719/1381/1093 720/1383/1093
f 720/1383/1094 715/1368/1094 713/1370/1094
f 709/1391/1095 720/1383/1095 713/1370/1095
f 720/1387/1096 709/1356/1096 708/1359/1096
f 708/1359/1097 722/1388/1097 720/1387/1097
f 722/1392/1098 708/1357/1098 717/1379/1098
f 723/1393/1099 724/1394/1099 722/1395/1099
f 717/1379/1100 723/1396/1100 722/1392/1100
f 722/1388/1101 724/1397/1101 721/1389/1101
f 725/1398/1102 721/1399/1102 724/1394/1102
f 725/1398/1103 724/1394/1103 726/1400/1103
f 723/1393/1104 726/1400/1104 724/1394/1104
f 727/1401/1105 726/1402/1105 723/1403/1105
f 725/1404/1106 726/1405/1106 727/1406/1106
f 727/1401/1107 723/1403/1107 719/1407/1107
f 721/1390/1108 727/1408/1108 719/1381/1108
f 725/1398/1109 727/1409/1109 721/1399/1109
f 723/1410/1110 717/1385/1110 719/1384/1110
f 708/1357/1111 712/1363/1111 717/1379/1111
f 709/1391/1112 713/1370/1112 728/1411/1112
f 713/1412/1113 710/1413/1113 728/1414/1113
f 728/1414/1114 707/1415/1114 729/1416/1114
f 728/1411/1115 729/1417/1115 709/1391/1115
f 728/1414/1116 710/1413/1116 707/1415/1116
f 730/1418/1117 729/1419/1117 707/1420/1117
f 729/1417/1118 730/1421/1118 701/1324/1118
f 709/1391/1119 729/1417/1119 701/1324/1119
f 707/1422/1120 704/1342/1120 730/1423/1120
f 701/1344/1121 730/1423/1121 704/1342/1121
f 705/1354/1076 709/1356/1076 696/1319/1076
f 696/1326/1122 709/1391/1122 701/1324/1122
f 698/1321/1123 705/1354/1123 696/1319/1123
f 731/1424/1124 733/1425/1124 732/1426/1124
f 734/1427/1125 731/1428/1125 732/1429/1125
f 731/1430/1126 735/1431/1126 733/1432/1126
f 731/1430/1127 734/1433/1127 735/1431/1127
f 737/1434/1128 733/1435/1128 735/1436/1128
f 737/1434/1129 735/1436/1129 736/1437/1129
f 744/1438/1130 737/1439/1130 736/1440/1130
f 737/1441/1131 745/1442/1131 738/1443/1131
f 737/1441/1132 738/1443/1132 732/1426/1132
f 739/1444/1133 737/1445/1133 740/1446/1133
f 737/1441/1134 739/1447/1134 745/1442/1134
f 740/1448/1135 737/1449/1135 741/1450/1135
f 742/1451/1136 741/1452/1136 737/1453/1136
f 742/1451/1137 737/1453/1137 743/1454/1137
f 744/1438/1138 743/1455/1138 737/1439/1138
f 733/1425/1139 737/1441/1139 732/1426/1139
f 739/1456/1140 746/1457/1140 745/1458/1140
f 747/1459/1141 745/1458/1141 746/1457/1141
f 745/1460/1142 748/1461/1142 738/1462/1142
f 745/1460/1143 747/1463/1143 748/1461/1143
f 749/1464/1144 738/1465/1144 748/1466/1144
f 749/1464/1145 748/1466/1145 747/1467/1145
f 750/1468/1146 751/1469/1146 749/1470/1146
f 750/1471/1147 749/1464/1147 747/1467/1147
f 752/1472/1148 749/1470/1148 751/1469/1148
f 752/1472/1149 738/1473/1149 749/1470/1149
f 752/1472/1148 751/1469/1148 753/1474/1148
f 755/1475/1150 752/1472/1150 753/1474/1150
f 752/1476/1151 756/1477/1151 754/1478/1151
f 752/1479/1152 754/1480/1152 738/1443/1152
f 752/1476/1153 755/1481/1153 756/1477/1153
f 757/1482/1154 754/1483/1154 756/1484/1154
f 757/1482/1155 756/1484/1155 755/1485/1155
f 759/1486/1156 757/1487/1156 758/1488/1156
f 758/1488/1157 757/1487/1157 755/1489/1157
f 757/1490/1158 760/1491/1158 754/1480/1158
f 757/1490/1159 759/1492/1159 760/1491/1159
f 760/1491/1160 761/1493/1160 766/1494/1160
f 767/1495/1161 761/1496/1161 760/1497/1161
f 767/1495/1162 760/1497/1162 762/1498/1162
f 762/1499/1163 760/1500/1163 763/1501/1163
f 760/1500/1164 764/1502/1164 763/1501/1164
f 759/1503/1165 764/1504/1165 760/1505/1165
f 754/1480/1166 760/1491/1166 765/1506/1166
f 765/1506/1167 760/1491/1167 766/1494/1167
f 768/1507/1168 769/1508/1168 767/1509/1168
f 772/1510/1169 768/1511/1169 767/1495/1169
f 773/1512/1170 767/1513/1170 769/1514/1170
f 767/1515/1171 770/1516/1171 761/1517/1171
f 771/1518/1172 770/1519/1172 767/1520/1172
f 773/1512/1173 771/1521/1173 767/1513/1173
f 772/1510/1174 767/1495/1174 762/1498/1174
f 771/1521/1175 773/1512/1175 774/1522/1175
f 774/1522/1176 776/1523/1176 771/1521/1176
f 774/1522/1176 775/1524/1176 776/1523/1176
f 776/1525/1177 775/1526/1177 778/1527/1177
f 776/1525/1178 778/1527/1178 777/1528/1178
f 776/1529/1179 777/1530/1179 761/1493/1179
f 776/1523/1180 761/1531/1180 771/1521/1180
f 780/1532/1181 777/1533/1181 778/1534/1181
f 780/1532/1182 778/1534/1182 779/1535/1182
f 779/1535/1183 781/1536/1183 780/1532/1183
f 781/1537/1184 777/1530/1184 780/1538/1184
f 779/1535/1185 782/1539/1185 781/1536/1185
f 766/1540/1186 781/1541/1186 782/1542/1186
f 777/1530/1187 781/1537/1187 766/1494/1187
f 766/1540/1188 782/1542/1188 783/1543/1188
f 783/1544/1189 765/1545/1189 766/1546/1189
f 783/1544/1190 784/1547/1190 765/1545/1190
f 785/1548/1191 765/1549/1191 784/1550/1191
f 785/1548/1192 786/1551/1192 765/1549/1192
f 786/1552/1193 785/1553/1193 787/1554/1193
f 786/1552/1194 787/1554/1194 788/1555/1194
f 787/1556/1195 790/1557/1195 788/1558/1195
f 787/1556/1196 789/1559/1196 790/1557/1196
f 789/1560/1197 732/1561/1197 790/1562/1197
f 790/1563/1198 732/1426/1198 754/1480/1198
f 786/1564/1199 788/1565/1199 790/1563/1199
f 765/1506/1200 786/1564/1200 790/1563/1200
f 765/1506/1201 790/1563/1201 754/1480/1201
f 789/1560/1202 791/1566/1202 732/1561/1202
f 734/1427/1203 732/1429/1203 791/1567/1203
f 761/1493/1204 777/1530/1204 766/1494/1204
f 772/1510/1205 762/1498/1205 792/1568/1205
f 762/1499/1206 793/1569/1206 792/1570/1206
f 758/1488/1207 793/1571/1207 763/1572/1207
f 762/1499/1208 763/1501/1208 793/1569/1208
f 771/1573/1209 761/1574/1209 770/1575/1209
f 759/1503/1210 763/1576/1210 764/1504/1210
f 763/1572/1211 759/1486/1211 758/1488/1211
f 758/1488/1212 755/1489/1212 794/1577/1212
f 794/1578/1213 755/1579/1213 795/1580/1213
f 796/1581/1214 795/1582/1214 755/1583/1214
f 755/1475/1215 753/1474/1215 796/1584/1215
f 738/1443/1216 754/1480/1216 732/1426/1216
f 750/1471/1217 747/1467/1217 797/1585/1217
f 798/1586/1218 797/1587/1218 747/1588/1218
f 747/1459/1219 746/1457/1219 798/1589/1219
f 739/1456/1220 799/1590/1220 746/1457/1220
f 740/1446/1221 800/1591/1221 799/1592/1221
f 799/1592/1222 739/1444/1222 740/1446/1222
f 801/1593/1223 800/1594/1223 740/1448/1223
f 741/1595/1224 802/1596/1224 801/1597/1224
f 741/1450/1225 801/1593/1225 740/1448/1225
f 803/1598/1226 802/1596/1226 804/1599/1226
f 741/1595/1224 804/1599/1224 802/1596/1224
f 804/1600/1227 807/1601/1227 805/1602/1227
f 804/1603/1228 805/1604/1228 806/1605/1228
f 806/1606/1229 803/1607/1229 804/1608/1229
f 742/1451/1230 804/1609/1230 741/1452/1230
f 804/1600/1227 742/1610/1227 807/1601/1227
f 809/1611/1231 808/1612/1231 807/1613/1231
f 809/1611/1232 807/1613/1232 742/1614/1232
f 809/1615/1233 812/1616/1233 810/1617/1233
f 810/1617/1234 808/1618/1234 809/1615/1234
f 811/1619/1235 809/1620/1235 742/1451/1235
f 809/1615/1233 811/1621/1233 812/1616/1233
f 813/1622/1236 812/1616/1236 811/1621/1236
f 813/1622/1237 815/1623/1237 814/1624/1237
f 813/1622/1238 811/1621/1238 815/1623/1238
f 815/1625/1239 819/1626/1239 816/1627/1239
f 816/1628/1240 814/1629/1240 815/1630/1240
f 811/1631/1241 818/1632/1241 815/1633/1241
f 817/1634/1242 815/1635/1242 818/1636/1242
f 815/1625/1239 817/1637/1239 819/1626/1239
f 817/1637/1243 820/1638/1243 819/1626/1243
f 820/1638/1244 823/1639/1244 821/1640/1244
f 820/1638/1244 822/1641/1244 823/1639/1244
f 817/1637/1245 822/1641/1245 820/1638/1245
f 823/1642/1246 824/1643/1246 825/1644/1246
f 826/1645/1247 824/1646/1247 823/1647/1247
f 821/1648/1248 823/1649/1248 825/1650/1248
f 826/1651/1249 823/1652/1249 822/1653/1249
f 826/1654/1250 827/1655/1250 824/1656/1250
f 826/1651/1251 822/1653/1251 827/1657/1251
f 828/1658/1252 824/1659/1252 827/1660/1252
f 827/1661/1253 822/1662/1253 817/1663/1253
f 828/1664/1254 827/1661/1254 829/1665/1254
f 827/1661/1255 817/1663/1255 818/1666/1255
f 827/1661/1256 818/1666/1256 829/1665/1256
f 818/1667/1257 830/1668/1257 829/1669/1257
f 832/1670/1258 829/1671/1258 830/1672/1258
f 832/1670/1259 831/1673/1259 829/1671/1259
f 831/1674/1260 833/1675/1260 829/1665/1260
f 833/1675/1261 828/1664/1261 829/1665/1261
f 834/1676/1262 828/1677/1262 833/1678/1262
f 832/1679/1263 834/1680/1263 833/1681/1263
f 832/1679/1264 833/1681/1264 831/1682/1264
f 834/1676/1265 835/1683/1265 828/1677/1265
f 828/1658/1266 835/1684/1266 824/1659/1266
f 818/1667/1267 836/1685/1267 830/1668/1267
f 837/1686/1268 836/1687/1268 818/1688/1268
f 837/1689/1269 840/1690/1269 838/1691/1269
f 837/1686/1270 818/1688/1270 839/1692/1270
f 837/1689/1271 839/1693/1271 840/1690/1271
f 838/1694/1272 840/1695/1272 743/1696/1272
f 743/1454/1273 840/1697/1273 839/1698/1273
f 743/1454/1274 839/1698/1274 818/1699/1274
f 838/1694/1275 743/1696/1275 744/1700/1275
f 811/1619/1276 742/1451/1276 818/1699/1276
f 818/1699/1277 742/1451/1277 743/1454/1277
f 844/1701/1278 841/1702/1278 842/1703/1278
f 841/1704/1279 843/1705/1279 842/1706/1279
f 841/1707/1280 845/1708/1280 843/1709/1280
f 841/1707/1281 844/1710/1281 845/1708/1281
f 847/1711/1282 843/1712/1282 845/1713/1282
f 847/1711/1283 845/1713/1283 846/1714/1283
f 847/1715/1284 854/1716/1284 848/1717/1284
f 847/1715/1285 848/1717/1285 842/1706/1285
f 850/1718/1286 849/1719/1286 847/1720/1286
f 851/1721/1287 847/1722/1287 849/1723/1287
f 850/1718/1288 847/1720/1288 853/1724/1288
f 852/1725/1289 847/1726/1289 851/1727/1289
f 847/1715/1290 852/1728/1290 854/1716/1290
f 843/1705/1291 847/1715/1291 842/1706/1291
f 855/1729/1292 847/1730/1292 846/1731/1292
f 855/1729/1293 853/1732/1293 847/1730/1293
f 856/1733/1294 853/1734/1294 855/1735/1294
f 858/1736/1295 857/1737/1295 856/1738/1295
f 856/1733/1296 857/1739/1296 853/1734/1296
f 858/1740/1297 861/1741/1297 859/1742/1297
f 858/1736/1298 859/1743/1298 857/1737/1298
f 858/1740/1299 860/1744/1299 861/1741/1299
f 853/1724/1300 859/1745/1300 861/1746/1300
f 863/1747/1301 861/1748/1301 862/1749/1301
f 861/1750/1302 867/1751/1302 862/1752/1302
f 863/1747/1303 864/1753/1303 861/1748/1303
f 864/1754/1304 866/1755/1304 861/1756/1304
f 865/1757/1305 861/1758/1305 866/1759/1305
f 865/1760/1306 850/1718/1306 861/1746/1306
f 861/1746/1307 850/1718/1307 853/1724/1307
f 861/1750/1308 860/1761/1308 867/1751/1308
f 868/1762/1309 862/1763/1309 867/1764/1309
f 868/1765/1310 871/1766/1310 869/1767/1310
f 868/1762/1311 869/1768/1311 862/1763/1311
f 868/1765/1312 870/1769/1312 871/1766/1312
f 869/1770/1313 871/1771/1313 862/1749/1313
f 870/1772/1314 872/1773/1314 871/1774/1314
f 871/1771/1315 872/1775/1315 862/1749/1315
f 872/1776/1316 874/1777/1316 863/1778/1316
f 872/1775/1317 863/1747/1317 862/1749/1317
f 870/1772/1318 873/1779/1318 872/1773/1318
f 872/1776/1319 873/1780/1319 874/1777/1319
f 876/1781/1320 874/1782/1320 875/1783/1320
f 875/1784/1321 874/1785/1321 877/1786/1321
f 876/1787/1322 863/1788/1322 874/1789/1322
f 878/1790/1323 875/1791/1323 877/1792/1323
f 879/1793/1324 875/1794/1324 878/1795/1324
f 879/1793/1324 880/1796/1324 875/1794/1324
f 864/1797/1325 880/1796/1325 879/1793/1325
f 864/1797/1326 879/1793/1326 881/1798/1326
f 866/1799/1327 864/1797/1327 881/1798/1327
f 866/1799/1327 881/1798/1327 882/1800/1327
f 882/1801/1328 883/1802/1328 866/1803/1328
f 884/1804/1329 866/1805/1329 883/1806/1329
f 884/1804/1330 885/1807/1330 865/1808/1330
f 884/1804/1331 865/1808/1331 866/1805/1331
f 887/1809/1332 865/1808/1332 885/1807/1332
f 887/1809/1332 885/1807/1332 886/1810/1332
f 865/1760/1333 887/1811/1333 850/1718/1333
f 887/1812/1334 889/1813/1334 850/1814/1334
f 886/1810/1335 888/1815/1335 887/1809/1335
f 887/1812/1336 888/1816/1336 889/1813/1336
f 891/1817/1337 850/1818/1337 889/1819/1337
f 891/1817/1337 889/1819/1337 890/1820/1337
f 892/1821/1338 893/1822/1338 891/1823/1338
f 891/1824/1339 890/1825/1339 892/1826/1339
f 893/1827/1340 894/1828/1340 891/1829/1340
f 849/1830/1341 891/1829/1341 894/1828/1341
f 850/1718/1342 891/1831/1342 849/1719/1342
f 849/1830/1341 894/1828/1341 895/1832/1341
f 849/1723/1343 895/1833/1343 851/1721/1343
f 895/1833/1344 896/1834/1344 851/1721/1344
f 851/1727/1345 896/1835/1345 897/1836/1345
f 897/1836/1346 852/1725/1346 851/1727/1346
f 852/1837/1347 897/1838/1347 898/1839/1347
f 852/1837/1348 898/1839/1348 854/1840/1348
f 900/1841/1349 854/1840/1349 898/1839/1349
f 900/1841/1350 898/1839/1350 899/1842/1350
f 899/1843/1351 901/1844/1351 900/1845/1351
f 904/1846/1352 900/1847/1352 901/1848/1352
f 854/1849/1353 900/1850/1353 902/1851/1353
f 903/1852/1354 902/1853/1354 900/1847/1354
f 904/1846/1355 903/1852/1355 900/1847/1355
f 904/1854/1356 905/1855/1356 903/1856/1356
f 907/1857/1357 903/1856/1357 905/1855/1357
f 907/1857/1357 905/1855/1357 906/1858/1357
f 908/1859/1358 907/1857/1358 906/1858/1358
f 907/1860/1359 908/1861/1359 910/1862/1359
f 907/1857/1360 848/1863/1360 903/1856/1360
f 907/1860/1361 910/1862/1361 909/1864/1361
f 907/1865/1362 909/1866/1362 848/1717/1362
f 911/1867/1363 910/1868/1363 908/1869/1363
f 911/1867/1364 909/1870/1364 910/1868/1364
f 912/1871/1365 911/1872/1365 913/1873/1365
f 911/1874/1366 912/1875/1366 914/1876/1366
f 913/1873/1367 911/1872/1367 908/1877/1367
f 911/1874/1368 914/1876/1368 909/1866/1368
f 921/1878/1369 914/1879/1369 915/1880/1369
f 915/1880/1370 914/1879/1370 916/1881/1370
f 914/1882/1371 917/1883/1371 916/1884/1371
f 912/1885/1372 917/1886/1372 914/1887/1372
f 909/1866/1373 914/1876/1373 919/1888/1373
f 914/1876/1374 918/1889/1374 920/1890/1374
f 921/1878/1375 918/1891/1375 914/1879/1375
f 919/1888/1376 914/1876/1376 920/1890/1376
f 926/1892/1377 921/1893/1377 922/1894/1377
f 923/1895/1378 922/1896/1378 921/1897/1378
f 927/1898/1379 923/1899/1379 921/1878/1379
f 927/1898/1380 921/1878/1380 915/1880/1380
f 921/1900/1381 924/1901/1381 918/1902/1381
f 925/1903/1382 924/1904/1382 921/1905/1382
f 926/1892/1383 925/1906/1383 921/1893/1383
f 927/1898/1384 915/1880/1384 928/1907/1384
f 915/1908/1385 929/1909/1385 928/1910/1385
f 913/1873/1386 929/1911/1386 916/1912/1386
f 915/1908/1387 916/1913/1387 929/1909/1387
f 925/1906/1388 926/1892/1388 930/1914/1388
f 930/1914/1389 932/1915/1389 925/1906/1389
f 930/1914/1389 931/1916/1389 932/1915/1389
f 932/1915/1390 918/1917/1390 925/1906/1390
f 932/1918/1391 933/1919/1391 918/1889/1391
f 932/1920/1392 934/1921/1392 933/1922/1392
f 932/1920/1393 931/1923/1393 934/1921/1393
f 936/1924/1394 933/1925/1394 934/1926/1394
f 936/1924/1395 934/1926/1395 935/1927/1395
f 937/1928/1396 933/1919/1396 936/1929/1396
f 938/1930/1397 937/1931/1397 936/1924/1397
f 938/1930/1398 936/1924/1398 935/1927/1398
f 920/1932/1399 937/1933/1399 938/1934/1399
f 920/1932/1400 938/1934/1400 939/1935/1400
f 939/1936/1401 919/1937/1401 920/1938/1401
f 939/1936/1402 940/1939/1402 919/1937/1402
f 941/1940/1403 919/1941/1403 940/1942/1403
f 941/1940/1404 942/1943/1404 919/1941/1404
f 942/1944/1405 941/1945/1405 943/1946/1405
f 943/1947/1406 946/1948/1406 944/1949/1406
f 942/1944/1407 943/1946/1407 944/1950/1407
f 943/1947/1408 945/1951/1408 946/1948/1408
f 945/1952/1409 842/1953/1409 946/1954/1409
f 946/1955/1410 842/1706/1410 909/1866/1410
f 942/1956/1411 944/1957/1411 946/1955/1411
f 919/1888/1412 942/1956/1412 946/1955/1412
f 919/1888/1413 946/1955/1413 909/1866/1413
f 945/1952/1414 947/1958/1414 842/1953/1414
f 844/1701/1415 842/1703/1415 947/1959/1415
f 933/1919/1416 937/1928/1416 920/1890/1416
f 918/1889/1417 933/1919/1417 920/1890/1417
f 925/1960/1418 918/1961/1418 924/1962/1418
f 912/1885/1419 916/1963/1419 917/1886/1419
f 916/1912/1420 912/1871/1420 913/1873/1420
f 913/1873/1421 908/1877/1421 948/1964/1421
f 948/1965/1422 908/1966/1422 949/1967/1422
f 950/1968/1423 949/1969/1423 908/1970/1423
f 908/1859/1424 906/1858/1424 950/1971/1424
f 848/1717/1425 909/1866/1425 842/1706/1425
f 903/1852/1426 848/1972/1426 902/1853/1426
f 854/1849/1427 902/1851/1427 848/1973/1427
f 876/1974/1428 880/1975/1428 863/1976/1428
f 863/1747/1429 880/1977/1429 864/1753/1429
f 876/1974/1430 875/1978/1430 880/1975/1430
f 853/1724/1431 857/1979/1431 859/1745/1431
f 957/1980/1432 952/1981/1432 951/1982/1432
f 958/1983/1433 951/1984/1433 952/1985/1433
f 957/1986/1434 951/1987/1434 953/1988/1434
f 951/1989/1435 956/1990/1435 953/1991/1435
f 955/1992/1436 951/1984/1436 954/1993/1436
f 958/1983/1437 954/1993/1437 951/1984/1437
f 951/1984/1438 955/1992/1438 956/1994/1438
f 959/1995/1439 958/1996/1439 960/1997/1439
f 958/1998/1440 959/1999/1440 961/2000/1440
f 961/2000/1441 954/2001/1441 958/1998/1441
f 958/1996/1442 952/2002/1442 960/1997/1442
f 962/2003/1443 963/2004/1443 961/2005/1443
f 959/1999/1444 962/2006/1444 961/2000/1444
f 963/2004/1445 955/2007/1445 961/2005/1445
f 955/1992/1446 954/1993/1446 961/2008/1446
f 967/2009/1447 963/2010/1447 964/2011/1447
f 964/2011/1448 963/2010/1448 966/2012/1448
f 969/2013/1449 963/2014/1449 960/2015/1449
f 960/2016/1450 963/2017/1450 965/2018/1450
f 962/2003/1451 965/2019/1451 963/2004/1451
f 969/2013/1452 966/2020/1452 963/2014/1452
f 967/2021/1453 968/2022/1453 963/2023/1453
f 968/2024/1454 955/2025/1454 963/2026/1454
f 970/2027/1455 966/2028/1455 969/2029/1455
f 972/2030/1456 970/2031/1456 969/2032/1456
f 971/2033/1457 969/2032/1457 960/1997/1457
f 971/2033/1458 972/2030/1458 969/2032/1458
f 976/2034/1459 973/2035/1459 972/2030/1459
f 974/2036/1460 972/2037/1460 973/2038/1460
f 974/2039/1461 975/2040/1461 972/2041/1461
f 972/2030/1462 975/2042/1462 970/2031/1462
f 971/2033/1463 976/2034/1463 972/2030/1463
f 977/2043/1464 976/2044/1464 978/2045/1464
f 977/2046/1465 979/2047/1465 976/2048/1465
f 976/2034/1466 971/2033/1466 978/2049/1466
f 980/2050/1467 976/2048/1467 979/2051/1467
f 976/2034/1468 980/2052/1468 981/2053/1468
f 976/2034/1469 981/2053/1469 973/2035/1469
f 981/2054/1470 982/2055/1470 973/2056/1470
f 983/2057/1471 982/2058/1471 981/2059/1471
f 983/2057/1472 981/2059/1472 980/2060/1472
f 983/2061/1473 986/2062/1473 982/2063/1473
f 985/2064/1474 984/2065/1474 983/2057/1474
f 983/2061/1475 984/2066/1475 986/2062/1475
f 983/2057/1476 980/2060/1476 985/2064/1476
f 987/2067/1477 982/2068/1477 986/2069/1477
f 987/2067/1478 986/2069/1478 984/2070/1478
f 987/2071/1479 989/2072/1479 982/2073/1479
f 990/2074/1480 987/2075/1480 984/2076/1480
f 991/2077/1481 987/2071/1481 988/2078/1481
f 990/2074/1482 988/2079/1482 987/2075/1482
f 991/2077/1483 989/2072/1483 987/2071/1483
f 992/2080/1484 991/2077/1484 988/2078/1484
f 992/2081/1485 993/2082/1485 991/2083/1485
f 989/2072/1486 991/2077/1486 993/2084/1486
f 989/2085/1487 993/2086/1487 973/2087/1487
f 973/2087/1488 993/2086/1488 996/2088/1488
f 994/2089/1489 993/2090/1489 992/2091/1489
f 995/2092/1490 993/2093/1490 994/2094/1490
f 993/2086/1491 995/2095/1491 996/2088/1491
f 996/2096/1492 1000/2097/1492 990/2098/1492
f 996/2099/1493 990/2100/1493 1001/2101/1493
f 996/2099/1494 1001/2101/1494 997/2102/1494
f 997/2103/1495 999/2104/1495 996/2088/1495
f 996/2088/1496 995/2095/1496 998/2105/1496
f 996/2096/1497 998/2106/1497 1000/2097/1497
f 999/2104/1498 973/2087/1498 996/2088/1498
f 1001/2107/1499 990/2074/1499 1003/2108/1499
f 999/2109/1500 997/2110/1500 1001/2111/1500
f 999/2109/1501 1001/2111/1501 1002/2112/1501
f 1002/2113/1502 1001/2107/1502 1003/2108/1502
f 999/2114/1503 1003/2115/1503 973/2116/1503
f 974/2036/1504 973/2038/1504 1003/2117/1504
f 999/2114/1505 1002/2118/1505 1003/2115/1505
f 974/2119/1506 1003/2108/1506 1004/2120/1506
f 990/2074/1507 984/2076/1507 1003/2108/1507
f 984/2076/1508 1004/2120/1508 1003/2108/1508
f 964/2011/1509 1004/2120/1509 1005/2121/1509
f 1004/2120/1510 964/2011/1510 974/2119/1510
f 1005/2122/1511 1004/2123/1511 1006/2124/1511
f 1006/2125/1512 1004/2126/1512 985/2127/1512
f 985/2128/1513 1004/2120/1513 984/2076/1513
f 1007/2129/1514 1005/2122/1514 1006/2124/1514
f 1007/2130/1515 1006/2125/1515 985/2127/1515
f 1007/2129/1516 979/2047/1516 977/2046/1516
f 980/2050/1517 979/2051/1517 1007/2130/1517
f 977/2046/1518 1005/2122/1518 1007/2129/1518
f 985/2127/1519 980/2050/1519 1007/2130/1519
f 964/2131/1520 1005/2132/1520 1008/2133/1520
f 1005/2132/1521 977/2043/1521 1008/2133/1521
f 1010/2134/1522 964/2135/1522 1008/2136/1522
f 1008/2133/1523 977/2043/1523 978/2045/1523
f 1008/2133/1524 978/2045/1524 1009/2137/1524
f 1010/2134/1525 1008/2136/1525 1009/2138/1525
f 1012/2139/1526 964/2140/1526 1010/2141/1526
f 1010/2141/1527 1009/2142/1527 1011/2143/1527
f 1010/2141/1528 1011/2143/1528 1012/2139/1528
f 1012/2144/1529 1011/2145/1529 1013/2146/1529
f 967/2009/1530 964/2011/1530 1012/2147/1530
f 1012/2144/1531 1013/2146/1531 967/2148/1531
f 1013/2146/1532 956/2149/1532 967/2148/1532
f 1013/2150/1533 953/2151/1533 956/2152/1533
f 1013/2146/1534 971/2153/1534 952/2154/1534
f 1013/2150/1535 952/2155/1535 953/2151/1535
f 1013/2146/1536 1011/2145/1536 971/2153/1536
f 1014/2156/1537 1011/2143/1537 1009/2142/1537
f 1014/2156/1538 971/2157/1538 1011/2143/1538
f 978/2158/1539 971/2159/1539 1014/2160/1539
f 978/2158/1540 1014/2160/1540 1009/2161/1540
f 1020/2162/1541 990/2163/1541 1000/2164/1541
f 998/2165/1542 1015/2166/1542 1000/2167/1542
f 1000/2168/1543 1015/2169/1543 1021/2170/1543
f 1000/2168/1544 1016/2171/1544 1017/2172/1544
f 1016/2171/1545 1000/2168/1545 1021/2170/1545
f 1017/2173/1546 1019/2174/1546 1000/2175/1546
f 1020/2162/1547 1000/2164/1547 1018/2176/1547
f 1018/2177/1548 1000/2178/1548 1019/2179/1548
f 1015/2169/1549 1022/2180/1549 1021/2170/1549
f 1021/2181/1550 1022/2182/1550 1025/2183/1550
f 1021/2170/1551 1023/2184/1551 1016/2171/1551
f 1023/2185/1552 1021/2186/1552 1024/2187/1552
f 1021/2181/1553 1025/2183/1553 1024/2188/1553
f 1025/2189/1554 1026/2190/1554 998/2105/1554
f 1026/2191/1555 1025/2192/1555 1022/2193/1555
f 1024/2194/1556 1025/2189/1556 998/2105/1556
f 998/2165/1557 1026/2195/1557 1015/2166/1557
f 1026/2191/1558 1022/2193/1558 1015/2196/1558
f 1031/2197/1559 1024/2198/1559 1027/2199/1559
f 1028/2200/1560 1027/2201/1560 1024/2202/1560
f 1032/2203/1561 1028/2204/1561 1024/2194/1561
f 1030/2205/1562 1024/2206/1562 1029/2207/1562
f 1029/2207/1563 1024/2206/1563 1031/2208/1563
f 1032/2203/1564 1024/2194/1564 995/2095/1564
f 995/2095/1565 1024/2194/1565 998/2105/1565
f 1023/2185/1566 1024/2187/1566 1030/2209/1566
f 1017/2210/1567 1032/2211/1567 1033/2212/1567
f 1032/2211/1568 1017/2210/1568 1034/2213/1568
f 1035/2214/1569 1033/2215/1569 1032/2216/1569
f 1035/2214/1570 1032/2216/1570 995/2217/1570
f 1032/2211/1571 1034/2213/1571 1028/2218/1571
f 995/2219/1572 1033/2220/1572 1035/2221/1572
f 1016/2222/1573 1034/2213/1573 1017/2210/1573
f 1034/2223/1574 1016/2224/1574 1036/2225/1574
f 1034/2213/1575 1027/2226/1575 1028/2218/1575
f 1034/2223/1576 1036/2225/1576 1027/2227/1576
f 1037/2228/1577 1036/2229/1577 1016/2230/1577
f 1037/2228/1578 1027/2231/1578 1036/2229/1578
f 1037/2232/1579 1039/2233/1579 1031/2234/1579
f 1037/2232/1580 1031/2234/1580 1027/2235/1580
f 1038/2236/1581 1039/2233/1581 1037/2232/1581
f 1038/2237/1582 1037/2238/1582 1016/2171/1582
f 1029/2207/1583 1031/2208/1583 1039/2239/1583
f 1038/2236/1584 1040/2240/1584 1039/2233/1584
f 1041/2241/1585 1029/2242/1585 1039/2243/1585
f 1040/2244/1586 1041/2241/1586 1039/2243/1586
f 1041/2245/1587 1040/2246/1587 1042/2247/1587
f 1041/2245/1588 1042/2247/1588 1029/2248/1588
f 1042/2249/1589 1043/2250/1589 1045/2251/1589
f 1046/2252/1590 1043/2253/1590 1042/2247/1590
f 1046/2252/1591 1042/2247/1591 1040/2246/1591
f 1044/2254/1592 1029/2255/1592 1042/2249/1592
f 1042/2249/1593 1045/2251/1593 1044/2254/1593
f 1043/2253/1594 1046/2252/1594 1023/2256/1594
f 1038/2257/1595 1023/2258/1595 1046/2259/1595
f 1038/2257/1596 1046/2259/1596 1040/2260/1596
f 1043/2261/1597 1047/2262/1597 1045/2263/1597
f 1044/2264/1598 1045/2265/1598 1047/2266/1598
f 1051/2267/1599 1047/2268/1599 1048/2269/1599
f 1050/2270/1600 1048/2271/1600 1047/2262/1600
f 1044/2264/1601 1047/2266/1601 1049/2272/1601
f 1051/2273/1602 1049/2272/1602 1047/2266/1602
f 1047/2262/1603 1023/2274/1603 1050/2270/1603
f 1043/2261/1604 1023/2274/1604 1047/2262/1604
f 1048/2269/1605 1052/2275/1605 1051/2267/1605
f 1049/2276/1606 1051/2277/1606 1052/2278/1606
f 1050/2279/1607 1053/2280/1607 1052/2281/1607
f 1052/2278/1608 1053/2282/1608 1030/2205/1608
f 1048/2269/1609 1050/2283/1609 1052/2275/1609
f 1052/2278/1610 1030/2205/1610 1029/2207/1610
f 1029/2207/1611 1049/2276/1611 1052/2278/1611
f 1053/2284/1612 1056/2285/1612 1054/2286/1612
f 1053/2282/1613 1054/2287/1613 1030/2205/1613
f 1053/2284/1614 1055/2288/1614 1056/2285/1614
f 1050/2279/1615 1055/2289/1615 1053/2280/1615
f 1030/2290/1616 1054/2291/1616 1056/2292/1616
f 1056/2293/1617 1055/2294/1617 1050/2270/1617
f 1030/2290/1618 1056/2292/1618 1023/2295/1618
f 1023/2274/1619 1056/2293/1619 1050/2270/1619
f 1044/2296/1620 1049/2276/1620 1029/2207/1620
f 1038/2237/1621 1016/2171/1621 1023/2184/1621
f 1017/2173/1622 1033/2297/1622 1019/2174/1622
f 1057/2298/1623 1033/2220/1623 995/2219/1623
f 1019/2179/1624 1033/2220/1624 1057/2298/1624
f 995/2092/1625 994/2094/1625 1057/2299/1625
f 1057/2299/1626 994/2094/1626 1020/2300/1626
f 1019/2179/1627 1057/2298/1627 1018/2177/1627
f 1057/2299/1628 1020/2300/1628 1018/2301/1628
f 1020/2302/1629 1058/2303/1629 990/2304/1629
f 994/2094/1630 992/2305/1630 1020/2300/1630
f 1020/2302/1631 992/2306/1631 1058/2303/1631
f 988/2307/1632 990/2308/1632 1058/2309/1632
f 988/2307/1633 1058/2309/1633 992/2310/1633
f 989/2311/1634 973/2312/1634 982/2313/1634
f 1059/2314/1635 970/2315/1635 975/2316/1635
f 974/2039/1636 1059/2317/1636 975/2040/1636
f 1060/2318/1637 1059/2319/1637 974/2119/1637
f 1059/2314/1638 1060/2320/1638 970/2315/1638
f 966/2012/1639 1060/2318/1639 974/2119/1639
f 970/2027/1640 1060/2321/1640 966/2028/1640
f 964/2011/1641 966/2012/1641 974/2119/1641
f 952/2002/1642 971/2033/1642 960/1997/1642
f 967/2021/1643 956/2322/1643 968/2022/1643
f 968/2024/1644 956/2323/1644 955/2025/1644
f 960/2016/1645 965/2018/1645 1061/2324/1645
f 959/2325/1646 1061/2326/1646 965/2327/1646
f 959/2325/1647 965/2327/1647 962/2328/1647
f 960/1997/1648 1061/2329/1648 959/1995/1648
f 952/2155/1649 957/2330/1649 953/2151/1649
f 1062/2331/1650 1064/2332/1650 1063/2333/1650
f 1063/2334/1651 1066/2335/1651 1062/2336/1651
f 1064/2337/1652 1062/2338/1652 1065/2339/1652
f 1062/2340/1653 1066/2341/1653 1065/2342/1653
f 1067/2343/1654 1069/2344/1654 1066/2345/1654
f 1067/2346/1655 1066/2347/1655 1063/2348/1655
f 1066/2341/1656 1068/2349/1656 1065/2342/1656
f 1069/2344/1657 1068/2350/1657 1066/2345/1657
f 1068/2349/1658 1069/2351/1658 1065/2342/1658
f 1069/2352/1659 1064/2337/1659 1065/2339/1659
f 1069/2352/1660 1070/2353/1660 1071/2354/1660
f 1070/2355/1661 1069/2344/1661 1067/2343/1661
f 1071/2354/1662 1064/2337/1662 1069/2352/1662
f 1071/2354/1663 1073/2356/1663 1072/2357/1663
f 1071/2358/1664 1072/2359/1664 1075/2360/1664
f 1074/2361/1665 1073/2356/1665 1071/2354/1665
f 1063/2333/1666 1064/2332/1666 1071/2358/1666
f 1070/2353/1667 1074/2361/1667 1071/2354/1667
f 1071/2358/1668 1075/2360/1668 1063/2333/1668
f 1067/2346/1669 1063/2348/1669 1075/2362/1669
f 1067/2363/1670 1075/2364/1670 1073/2365/1670
f 1075/2364/1671 1072/2366/1671 1073/2365/1671
f 1070/2367/1672 1076/2368/1672 1074/2369/1672
f 1074/2369/1673 1076/2368/1673 1067/2370/1673
f 1073/2371/1674 1074/2369/1674 1067/2370/1674
f 1067/2343/1675 1076/2372/1675 1070/2355/1675
f 1077/2373/1676 1079/2374/1676 1092/2375/1676 1078/2376/1676
f 1091/2377/1677 1090/2378/1677 1081/2379/1677 1080/2380/1677 1077/2381/1677 1078/2382/1677
f 1080/2383/1678 1082/2384/1678 1083/2385/1678 1084/2386/1678 1079/2387/1678 1077/2388/1678
f 1081/2389/1679 1082/2390/1679 1080/2391/1679
f 1088/2392/1680 1086/2393/1680 1089/2394/1680
f 1084/2395/1681 1083/2396/1681 1085/2397/1681
f 1092/2398/1682 1079/2399/1682 1084/2400/1682 1085/2401/1682 1086/2402/1682 1087/2403/1682
f 1087/2404/1683 1086/2393/1683 1088/2392/1683
f 1078/2405/1684 1092/2406/1684 1087/2407/1684 1088/2408/1684 1089/2409/1684 1091/2410/1684
f 1090/2411/1685 1091/2412/1685 1089/2394/1685
f 1093/2413/1686 1094/2414/1686 1098/2415/1686
f 1101/2416/1687 1094/2414/1687 1093/2413/1687
f 1093/2417/1688 1097/2418/1688 1094/2419/1688
f 1093/2413/1689 1095/2420/1689 1099/2421/1689
f 1095/2420/1690 1093/2413/1690 1096/2422/1690
f 1096/2422/1691 1093/2413/1691 1098/2415/1691
f 1093/2423/1692 1097/2424/1692 1096/2425/1692
f 1099/2421/1693 1100/2426/1693 1093/2413/1693
f 1100/2426/1694 1101/2416/1694 1093/2413/1694
f 1094/2419/1695 1097/2418/1695 1101/2427/1695
f 1100/2426/1696 1101/2416/1696 1097/2428/1696
f 1101/2416/1697 1100/2426/1697 1098/2415/1697
f 1094/2414/1698 1101/2416/1698 1098/2415/1698
f 1099/2421/1699 1100/2426/1699 1097/2428/1699
f 1098/2415/1700 1100/2426/1700 1099/2421/1700
f 1102/2429/1701 1099/2421/1701 1097/2428/1701
f 1103/2430/1702 1099/2421/1702 1102/2429/1702
f 1102/2429/1703 1099/2421/1703 1095/2420/1703
f 1103/2430/1704 1098/2415/1704 1099/2421/1704
f 1107/2431/1705 1103/2430/1705 1104/2432/1705
f 1108/2433/1706 1104/2432/1706 1103/2430/1706
f 1103/2434/1707 1105/2435/1707 1112/2436/1707
f 1105/2437/1708 1103/2430/1708 1107/2431/1708
f 1098/2438/1709 1103/2439/1709 1106/2440/1709
f 1106/2440/1710 1103/2439/1710 1112/2441/1710
f 1109/2442/1711 1108/2433/1711 1103/2430/1711
f 1111/2443/1712 1109/2442/1712 1103/2430/1712
f 1103/2430/1713 1102/2429/1713 1110/2444/1713
f 1110/2444/1714 1111/2443/1714 1103/2430/1714
f 1117/2445/1715 1112/2446/1715 1113/2447/1715
f 1105/2435/1716 1113/2448/1716 1112/2436/1716
f 1112/2449/1717 1114/2450/1717 1115/2451/1717
f 1117/2445/1718 1114/2452/1718 1112/2446/1718
f 1115/2451/1719 1116/2453/1719 1112/2449/1719
f 1116/2454/1720 1106/2440/1720 1112/2441/1720
f 1106/2455/1721 1118/2456/1721 1117/2457/1721
f 1117/2445/1722 1118/2458/1722 1114/2452/1722
f 1113/2447/1723 1119/2459/1723 1117/2445/1723
f 1117/2457/1724 1119/2460/1724 1106/2455/1724
f 1125/2461/1725 1119/2462/1725 1113/2463/1725
f 1120/2464/1726 1098/2415/1726 1119/2462/1726
f 1119/2460/1727 1098/2465/1727 1106/2455/1727
f 1121/2466/1728 1120/2464/1728 1119/2462/1728
f 1122/2467/1729 1121/2466/1729 1119/2462/1729
f 1123/2468/1730 1122/2467/1730 1119/2462/1730
f 1124/2469/1731 1123/2468/1731 1119/2462/1731
f 1125/2461/1732 1124/2469/1732 1119/2462/1732
f 1125/2470/1733 1127/2471/1733 1126/2472/1733
f 1125/2461/1734 1126/2473/1734 1095/2420/1734
f 1113/2463/1735 1126/2473/1735 1125/2461/1735
f 1124/2474/1736 1127/2471/1736 1125/2470/1736
f 1125/2461/1737 1095/2420/1737 1124/2469/1737
f 1123/2475/1738 1097/2476/1738 1127/2477/1738
f 1127/2478/1739 1128/2479/1739 1134/2480/1739
f 1127/2481/1740 1129/2482/1740 1128/2483/1740
f 1130/2484/1741 1127/2485/1741 1129/2486/1741
f 1130/2487/1742 1127/2488/1742 1131/2489/1742
f 1132/2490/1743 1131/2489/1743 1127/2488/1743
f 1132/2491/1744 1133/2492/1744 1127/2471/1744
f 1126/2472/1745 1127/2471/1745 1133/2492/1745
f 1123/2475/1746 1127/2477/1746 1124/2493/1746
f 1134/2494/1747 1102/2429/1747 1097/2428/1747
f 1110/2444/1748 1102/2429/1748 1134/2494/1748
f 1110/2495/1749 1134/2496/1749 1111/2497/1749
f 1111/2497/1750 1134/2496/1750 1109/2498/1750
f 1108/2433/1751 1134/2494/1751 1109/2442/1751
f 1104/2499/1752 1108/2500/1752 1134/2501/1752
f 1107/2502/1753 1104/2503/1753 1134/2504/1753
f 1135/2505/1754 1134/2506/1754 1107/2507/1754
f 1136/2508/1755 1134/2506/1755 1135/2505/1755
f 1128/2509/1756 1136/2510/1756 1134/2511/1756
f 1105/2437/1757 1135/2512/1757 1136/2513/1757
f 1135/2512/1758 1095/2420/1758 1136/2513/1758
f 1105/2437/1759 1136/2513/1759 1128/2514/1759
f 1095/2420/1760 1128/2514/1760 1136/2513/1760
f 1105/2437/1761 1107/2431/1761 1135/2512/1761
f 1135/2512/1762 1107/2431/1762 1095/2420/1762
f 1131/2515/1693 1133/2516/1693 1132/2517/1693
f 1113/2463/1763 1132/2517/1763 1133/2516/1763
f 1113/2463/1764 1133/2516/1764 1126/2473/1764
f 1126/2473/1765 1133/2516/1765 1095/2420/1765
f 1131/2515/1766 1095/2420/1766 1133/2516/1766
f 1113/2463/1767 1131/2515/1767 1132/2517/1767
f 1105/2437/1768 1130/2518/1768 1131/2515/1768
f 1095/2420/1769 1131/2515/1769 1130/2518/1769
f 1113/2463/1770 1105/2437/1770 1131/2515/1770
f 1095/2420/1771 1130/2518/1771 1129/2519/1771
f 1105/2437/1772 1129/2519/1772 1130/2518/1772
f 1105/2437/1773 1128/2514/1773 1129/2519/1773
f 1129/2519/1774 1128/2514/1774 1095/2420/1774
f 1123/2468/1775 1124/2469/1775 1095/2420/1775
f 1122/2467/1776 1123/2468/1776 1097/2428/1776
f 1122/2467/1777 1123/2468/1777 1095/2420/1777
f 1122/2520/1778 1097/2521/1778 1121/2522/1778
f 1095/2420/1779 1121/2466/1779 1122/2467/1779
f 1121/2523/1780 1097/2524/1780 1120/2525/1780
f 1121/2466/1781 1095/2420/1781 1120/2464/1781
f 1120/2525/1782 1097/2524/1782 1096/2526/1782
f 1120/2464/1783 1095/2420/1783 1096/2422/1783
f 1120/2464/1784 1096/2422/1784 1098/2415/1784
f 1106/2455/1785 1137/2527/1785 1118/2456/1785
f 1142/2528/1786 1118/2529/1786 1137/2530/1786
f 1143/2531/1787 1114/2532/1787 1118/2529/1787
f 1143/2531/1788 1118/2529/1788 1138/2533/1788
f 1139/2534/1789 1138/2533/1789 1118/2529/1789
f 1140/2535/1790 1139/2534/1790 1118/2529/1790
f 1141/2536/1791 1140/2535/1791 1118/2529/1791
f 1142/2528/1792 1141/2536/1792 1118/2529/1792
f 1144/2537/1687 1138/2538/1687 1143/2539/1687
f 1143/2531/1793 1138/2533/1793 1145/2540/1793
f 1114/2532/1794 1143/2531/1794 1144/2541/1794
f 1144/2541/1795 1143/2531/1795 1145/2540/1795
f 1138/2533/1796 1139/2534/1796 1145/2540/1796
f 1145/2540/1797 1139/2534/1797 1140/2535/1797
f 1146/2542/1798 1145/2540/1798 1153/2543/1798
f 1145/2540/1799 1146/2542/1799 1155/2544/1799
f 1145/2540/1800 1147/2545/1800 1156/2546/1800
f 1147/2545/1801 1145/2540/1801 1152/2547/1801
f 1156/2546/1802 1148/2548/1802 1145/2540/1802
f 1145/2540/1803 1148/2548/1803 1158/2549/1803
f 1145/2540/1804 1149/2550/1804 1151/2551/1804
f 1149/2550/1805 1145/2540/1805 1155/2544/1805
f 1145/2540/1806 1150/2552/1806 1154/2553/1806
f 1150/2552/1807 1145/2540/1807 1157/2554/1807
f 1151/2551/1808 1144/2541/1808 1145/2540/1808
f 1152/2547/1809 1145/2540/1809 1141/2536/1809
f 1140/2535/1810 1141/2536/1810 1145/2540/1810
f 1153/2543/1811 1145/2540/1811 1154/2553/1811
f 1159/2555/1812 1157/2554/1812 1145/2540/1812
f 1159/2555/1813 1145/2540/1813 1158/2549/1813
f 1159/2556/1814 1160/2557/1814 1157/2558/1814
f 1159/2555/1815 1160/2559/1815 1161/2560/1815
f 1116/2561/1816 1157/2554/1816 1159/2555/1816
f 1159/2555/1817 1161/2560/1817 1158/2549/1817
f 1116/2561/1818 1159/2555/1818 1158/2549/1818
f 1158/2562/1819 1161/2563/1819 1148/2564/1819
f 1161/2565/1820 1162/2566/1820 1165/2567/1820
f 1162/2566/1821 1161/2565/1821 1147/2568/1821
f 1148/2564/1822 1161/2563/1822 1156/2569/1822
f 1152/2570/1823 1161/2571/1823 1147/2572/1823
f 1161/2563/1824 1164/2573/1824 1156/2569/1824
f 1152/2570/1825 1163/2574/1825 1161/2571/1825
f 1161/2563/1826 1165/2575/1826 1164/2573/1826
f 1164/2576/1827 1165/2577/1827 1137/2530/1827
f 1165/2577/1828 1164/2576/1828 1147/2545/1828
f 1165/2577/1829 1162/2578/1829 1137/2530/1829
f 1147/2545/1830 1162/2578/1830 1165/2577/1830
f 1156/2546/1831 1164/2576/1831 1137/2530/1831
f 1164/2576/1832 1156/2546/1832 1147/2545/1832
f 1144/2579/1833 1163/2580/1833 1138/2581/1833
f 1163/2582/1834 1138/2583/1834 1139/2584/1834
f 1163/2585/1835 1149/2586/1835 1160/2587/1835
f 1149/2586/1836 1163/2585/1836 1151/2588/1836
f 1163/2589/1837 1144/2590/1837 1151/2591/1837
f 1163/2592/1838 1152/2593/1838 1142/2594/1838
f 1142/2595/1839 1163/2596/1839 1141/2597/1839
f 1163/2596/1840 1140/2598/1840 1141/2597/1840
f 1163/2596/1841 1139/2599/1841 1140/2598/1841
f 1162/2578/1842 1147/2545/1842 1137/2530/1842
f 1150/2600/1843 1160/2601/1843 1157/2602/1843
f 1160/2601/1844 1150/2600/1844 1154/2603/1844
f 1160/2604/1845 1153/2605/1845 1154/2606/1845
f 1167/2607/1846 1160/2608/1846 1153/2609/1846
f 1155/2610/1847 1166/2611/1847 1160/2587/1847
f 1160/2587/1848 1166/2611/1848 1146/2612/1848
f 1168/2613/1849 1160/2614/1849 1146/2615/1849
f 1168/2616/1850 1160/2608/1850 1167/2607/1850
f 1149/2586/1851 1155/2610/1851 1160/2587/1851
f 1115/2617/1852 1168/2618/1852 1167/2619/1852
f 1167/2619/1853 1168/2618/1853 1146/2542/1853
f 1115/2617/1854 1146/2542/1854 1168/2618/1854
f 1115/2617/1855 1167/2619/1855 1153/2543/1855
f 1153/2543/1856 1167/2619/1856 1146/2542/1856
f 1146/2542/1857 1166/2620/1857 1155/2544/1857
f 1114/2532/1858 1155/2544/1858 1166/2620/1858
f 1114/2532/1859 1166/2620/1859 1146/2542/1859
f 1158/2549/1860 1148/2548/1860 1116/2561/1860
f 1116/2561/1861 1150/2552/1861 1157/2554/1861
f 1148/2548/1862 1156/2546/1862 1116/2561/1862
f 1156/2546/1863 1137/2530/1863 1116/2561/1863
f 1114/2532/1864 1149/2550/1864 1155/2544/1864
f 1115/2617/1865 1154/2553/1865 1150/2552/1865
f 1115/2617/1866 1153/2543/1866 1154/2553/1866
f 1147/2545/1867 1152/2547/1867 1137/2530/1867
f 1141/2536/1857 1142/2528/1857 1152/2547/1857
f 1152/2547/1868 1142/2528/1868 1137/2530/1868
f 1114/2532/1869 1151/2551/1869 1149/2550/1869
f 1114/2532/1870 1144/2541/1870 1151/2551/1870
f 1116/2561/1871 1115/2617/1871 1150/2552/1871
f 1115/2617/1872 1114/2532/1872 1146/2542/1872
f 1106/2440/1873 1116/2454/1873 1137/2621/1873
f 1111/2443/1874 1110/2444/1874 1095/2420/1874
f 1109/2442/1875 1111/2443/1875 1095/2420/1875
f 1095/2420/1876 1110/2444/1876 1102/2429/1876
f 1108/2433/1877 1109/2442/1877 1095/2420/1877
f 1104/2432/1878 1108/2433/1878 1095/2420/1878
f 1107/2431/1879 1104/2432/1879 1095/2420/1879
f 1230/2622/1880 1189/2623/1880 1187/2624/1880 1186/2625/1880 1184/2626/1880 1185/2627/1880 1238/2628/1880 1181/2629/1880 1241/2630/1880 1240/2631/1880 1183/2632/1880 1239/2633/1880 1242/2634/1880 1243/2635/1880 1173/2636/1880 1177/2637/1880 1179/2638/1880 1178/2639/1880 1171/2640/1880 1169/2641/1880 1170/2642/1880 1174/2643/1880 1245/2644/1880 1244/2645/1880 1182/2646/1880 1237/2647/1880 1236/2648/1880 1235/2649/1880 1234/2650/1880 1188/2651/1880 1190/2652/1880 1191/2653/1880 1229/2654/1880
f 1169/2655/1881 1172/2656/1881 1170/2657/1881
f 1178/2639/1882 1180/2658/1882 1170/2642/1882 1169/2641/1882 1171/2640/1882
f 1169/2655/1883 1171/2659/1883 1172/2656/1883
f 1243/2635/1884 1176/2660/1884 1172/2661/1884 1173/2636/1884
f 1177/2637/1885 1173/2636/1885 1172/2661/1885
f 1178/2662/1886 1171/2663/1886 1172/2664/1886
f 1170/2657/1887 1172/2656/1887 1174/2665/1887
f 1245/2644/1888 1174/2643/1888 1172/2661/1888 1175/2666/1888
f 1179/2667/1889 1177/2668/1889 1172/2669/1889
f 1179/2667/1890 1172/2669/1890 1178/2670/1890
f 1242/2634/1891 1239/2633/1891 1183/2632/1891 1180/2658/1891 1178/2639/1891 1179/2638/1891 1177/2637/1891 1173/2636/1891 1243/2635/1891
f 1184/2626/1892 1180/2658/1892 1181/2629/1892 1238/2628/1892 1185/2627/1892
f 1240/2631/1893 1241/2630/1893 1181/2629/1893 1180/2658/1893 1183/2632/1893
f 1245/2644/1894 1174/2643/1894 1170/2642/1894 1180/2658/1894 1182/2646/1894 1244/2645/1894
f 1180/2658/1895 1184/2626/1895 1186/2625/1895 1187/2624/1895 1188/2651/1895 1234/2650/1895 1235/2649/1895 1236/2648/1895 1237/2647/1895 1182/2646/1895
f 1185/2627/1896 1184/2626/1896 1176/2660/1896
f 1186/2671/1897 1184/2672/1897 1176/2673/1897 1175/2674/1897
f 1186/2671/1898 1175/2674/1898 1187/2675/1898
f 1187/2676/1899 1175/2677/1899 1188/2678/1899
f 1187/2679/1900 1190/2680/1900 1188/2681/1900
f 1187/2624/1901 1189/2623/1901 1190/2652/1901
f 1190/2682/1902 1189/2683/1902 1193/2684/1902
f 1191/2685/1903 1190/2686/1903 1192/2687/1903
f 1193/2688/1904 1195/2689/1904 1196/2690/1904 1192/2687/1904 1190/2686/1904
f 1228/2691/1905 1194/2692/1905 1193/2684/1905 1189/2683/1905
f 1193/2684/1906 1194/2692/1906 1195/2693/1906
f 1231/2694/1907 1232/2695/1907 1233/2696/1907 1211/2697/1907 1219/2698/1907 1218/2699/1907 1213/2700/1907 1198/2701/1907 1195/2702/1907 1194/2703/1907 1226/2704/1907 1225/2705/1907
f 1195/2702/1908 1199/2706/1908 1196/2707/1908
f 1198/2708/1909 1197/2709/1909 1195/2710/1909
f 1214/2711/1910 1216/2712/1910 1217/2713/1910 1200/2714/1910 1199/2706/1910 1195/2702/1910 1197/2715/1910 1215/2716/1910
f 1201/2717/1911 1199/2706/1911 1200/2714/1911 1204/2718/1911 1203/2719/1911
f 1210/2720/1912 1208/2721/1912 1202/2722/1912 1201/2717/1912 1199/2706/1912 1200/2714/1912 1217/2713/1912 1216/2712/1912 1214/2711/1912
f 1196/2707/1913 1199/2706/1913 1201/2717/1913
f 1203/2719/1914 1202/2722/1914 1201/2717/1914
f 1206/2723/1915 1209/2724/1915 1205/2725/1915 1221/2726/1915 1212/2727/1915 1220/2728/1915 1222/2729/1915 1223/2730/1915 1224/2731/1915 1226/2704/1915 1227/2732/1915 1196/2707/1915 1201/2717/1915 1202/2722/1915 1208/2721/1915
f 1203/2733/1916 1208/2734/1916 1202/2735/1916
f 1221/2736/1917 1207/2737/1917 1203/2738/1917 1205/2739/1917
f 1203/2740/1918 1205/2741/1918 1209/2742/1918
f 1203/2733/1919 1209/2743/1919 1206/2744/1919
f 1208/2734/1920 1203/2733/1920 1206/2744/1920
f 1205/2725/1921 1209/2724/1921 1206/2723/1921 1208/2721/1921 1210/2720/1921 1212/2727/1921 1221/2726/1921
f 1223/2730/1922 1222/2729/1922 1220/2728/1922 1212/2727/1922 1210/2720/1922 1211/2697/1922 1233/2696/1922 1232/2695/1922 1231/2694/1922 1225/2705/1922 1224/2731/1922
f 1219/2698/1923 1211/2697/1923 1210/2720/1923 1213/2700/1923 1218/2699/1923
f 1210/2720/1924 1214/2711/1924 1215/2716/1924 1197/2715/1924 1198/2701/1924 1213/2700/1924
f 1204/2745/1925 1214/2746/1925 1215/2747/1925
f 1204/2718/1926 1216/2712/1926 1214/2711/1926
f 1217/2748/1927 1204/2749/1927 1216/2750/1927
f 1204/2718/1928 1200/2714/1928 1217/2713/1928
f 1204/2751/1929 1198/2752/1929 1197/2753/1929 1215/2754/1929
f 1218/2699/1930 1204/2718/1930 1213/2700/1930
f 1198/2755/1931 1213/2756/1931 1204/2757/1931
f 1204/2758/1932 1219/2759/1932 1218/2760/1932
f 1211/2761/1933 1219/2759/1933 1204/2758/1933 1207/2762/1933 1233/2763/1933
f 1212/2764/1934 1207/2765/1934 1220/2766/1934
f 1212/2767/1935 1207/2737/1935 1221/2736/1935
f 1207/2765/1936 1222/2768/1936 1220/2766/1936
f 1207/2769/1937 1225/2770/1937 1224/2771/1937 1223/2772/1937 1222/2773/1937
f 1226/2704/1938 1224/2731/1938 1225/2705/1938
f 1228/2774/1939 1227/2775/1939 1226/2776/1939
f 1228/2777/1940 1226/2778/1940 1194/2779/1940
f 1230/2780/1941 1229/2781/1941 1228/2782/1941
f 1192/2783/1942 1227/2775/1942 1228/2774/1942 1229/2784/1942
f 1189/2785/1943 1230/2780/1943 1228/2782/1943
f 1229/2784/1944 1191/2786/1944 1192/2783/1944
f 1192/2783/1945 1196/2787/1945 1227/2775/1945
f 1207/2788/1946 1231/2789/1946 1225/2790/1946
f 1207/2791/1947 1231/2792/1947 1232/2793/1947
f 1233/2763/1948 1207/2762/1948 1232/2794/1948
f 1188/2795/1949 1175/2796/1949 1234/2797/1949
f 1234/2798/1950 1235/2799/1950 1175/2800/1950
f 1236/2648/1951 1235/2649/1951 1175/2666/1951
f 1237/2801/1952 1175/2802/1952 1236/2803/1952
f 1237/2804/1953 1182/2805/1953 1175/2806/1953
f 1238/2807/1954 1185/2808/1954 1176/2809/1954
f 1181/2810/1955 1176/2811/1955 1238/2812/1955
f 1183/2813/1956 1239/2814/1956 1176/2815/1956
f 1241/2630/1957 1240/2631/1957 1183/2632/1957 1176/2660/1957
f 1181/2810/1958 1241/2816/1958 1176/2811/1958
f 1239/2814/1959 1242/2817/1959 1176/2815/1959
f 1243/2818/1960 1176/2815/1960 1242/2817/1960
f 1244/2819/1961 1175/2806/1961 1182/2805/1961
f 1244/2819/1962 1245/2820/1962 1175/2806/1962
f 1246/2821/1963 1247/2822/1963 1249/2823/1963
f 1250/2824/1964 1247/2822/1964 1246/2821/1964
f 1248/2825/1965 1246/2826/1965 1249/2827/1965
f 1246/2826/1966 1248/2825/1966 1251/2828/1966
f 1250/2829/1967 1246/2826/1967 1248/2825/1967
f 1251/2828/1968 1249/2827/1968 1246/2826/1968
f 1252/2830/1969 1251/2831/1969 1253/2832/1969
f 1251/2828/1970 1252/2833/1970 1249/2827/1970
f 1254/2834/1971 1253/2832/1971 1251/2831/1971
f 1251/2831/1972 1255/2835/1972 1254/2834/1972
f 1255/2836/1973 1251/2828/1973 1250/2829/1973
f 1248/2825/1974 1250/2829/1974 1251/2828/1974
f 1255/2837/1975 1256/2838/1975 1254/2839/1975
f 1256/2840/1976 1255/2836/1976 1259/2841/1976
f 1255/2836/1977 1250/2829/1977 1257/2842/1977
f 1255/2836/1978 1257/2842/1978 1258/2843/1978
f 1255/2836/1979 1258/2843/1979 1260/2844/1979
f 1261/2845/1980 1259/2841/1980 1255/2836/1980
f 1255/2836/1981 1260/2844/1981 1261/2845/1981
f 1262/2846/1982 1261/2845/1982 1260/2844/1982
f 1259/2841/1983 1261/2845/1983 1262/2846/1983
f 1260/2847/1984 1247/2848/1984 1261/2849/1984
f 1261/2845/1985 1247/2850/1985 1259/2841/1985
f 1267/2851/1986 1263/2852/1986 1262/2846/1986
f 1262/2846/1987 1263/2852/1987 1270/2853/1987
f 1274/2854/1988 1264/2855/1988 1262/2846/1988
f 1264/2855/1989 1277/2856/1989 1262/2846/1989
f 1262/2846/1990 1250/2829/1990 1248/2825/1990
f 1250/2829/1991 1262/2846/1991 1260/2844/1991
f 1279/2857/1992 1265/2858/1992 1262/2846/1992
f 1262/2846/1993 1265/2858/1993 1268/2859/1993
f 1249/2827/1994 1266/2860/1994 1262/2846/1994
f 1262/2846/1995 1266/2860/1995 1275/2861/1995
f 1248/2825/1996 1249/2827/1996 1262/2846/1996
f 1268/2859/1997 1267/2851/1997 1262/2846/1997
f 1269/2862/1998 1259/2841/1998 1262/2846/1998
f 1269/2862/1999 1262/2846/1999 1271/2863/1999
f 1270/2853/2000 1272/2864/2000 1262/2846/2000
f 1272/2864/2001 1271/2863/2001 1262/2846/2001
f 1276/2865/2002 1273/2866/2002 1262/2846/2002
f 1273/2866/2003 1274/2854/2003 1262/2846/2003
f 1276/2865/2004 1262/2846/2004 1275/2861/2004
f 1277/2856/2005 1278/2867/2005 1262/2846/2005
f 1278/2867/2006 1279/2857/2006 1262/2846/2006
f 1282/2868/2007 1279/2857/2007 1265/2858/2007
f 1281/2869/2008 1265/2858/2008 1279/2857/2008
f 1281/2869/2009 1279/2857/2009 1278/2867/2009
f 1278/2870/2010 1280/2871/2010 1279/2872/2010
f 1282/2868/2011 1280/2873/2011 1279/2857/2011
f 1270/2874/2012 1282/2875/2012 1263/2876/2012
f 1267/2877/2013 1263/2876/2013 1282/2875/2013
f 1268/2878/2014 1282/2875/2014 1265/2879/2014
f 1283/2880/2015 1282/2875/2015 1268/2878/2015
f 1269/2862/2016 1247/2850/2016 1282/2868/2016
f 1269/2862/2017 1282/2868/2017 1271/2863/2017
f 1271/2881/2018 1272/2882/2018 1282/2883/2018
f 1272/2884/2019 1270/2885/2019 1282/2886/2019
f 1267/2877/2020 1282/2875/2020 1283/2880/2020
f 1256/2840/2021 1267/2851/2021 1283/2887/2021
f 1268/2859/2022 1283/2887/2022 1267/2851/2022
f 1283/2887/2023 1268/2859/2023 1281/2869/2023
f 1281/2869/2024 1256/2840/2024 1283/2887/2024
f 1256/2888/2025 1281/2889/2025 1285/2890/2025
f 1281/2891/2026 1284/2892/2026 1285/2893/2026
f 1284/2894/2027 1281/2869/2027 1278/2867/2027
f 1268/2859/2028 1265/2858/2028 1281/2869/2028
f 1285/2893/2029 1286/2895/2029 1287/2896/2029
f 1253/2897/2030 1286/2895/2030 1285/2893/2030
f 1256/2838/2031 1285/2898/2031 1254/2839/2031
f 1285/2898/2032 1287/2899/2032 1254/2839/2032
f 1253/2897/2033 1285/2893/2033 1284/2892/2033
f 1287/2900/2034 1286/2901/2034 1290/2902/2034
f 1289/2903/2035 1287/2904/2035 1288/2905/2035
f 1293/2906/2036 1288/2907/2036 1287/2900/2036
f 1287/2899/2037 1289/2908/2037 1254/2839/2037
f 1287/2900/2038 1290/2902/2038 1291/2909/2038
f 1287/2900/2039 1291/2909/2039 1292/2910/2039
f 1292/2910/2040 1293/2906/2040 1287/2900/2040
f 1290/2902/2041 1294/2911/2041 1293/2906/2041
f 1295/2912/2042 1293/2906/2042 1294/2911/2042
f 1293/2906/2043 1295/2912/2043 1288/2907/2043
f 1295/2913/2044 1293/2914/2044 1296/2915/2044
f 1292/2916/2045 1296/2915/2045 1293/2914/2045
f 1293/2906/2046 1292/2910/2046 1290/2902/2046
f 1296/2917/2047 1301/2918/2047 1290/2919/2047
f 1291/2920/2048 1296/2921/2048 1290/2922/2048
f 1302/2923/2049 1296/2917/2049 1297/2924/2049
f 1299/2925/2050 1296/2926/2050 1298/2927/2050
f 1296/2928/2051 1300/2929/2051 1299/2930/2051
f 1300/2931/2052 1295/2912/2052 1296/2926/2052
f 1296/2915/2053 1292/2916/2053 1291/2932/2053
f 1302/2923/2054 1301/2918/2054 1296/2917/2054
f 1303/2933/2055 1302/2934/2055 1286/2901/2055
f 1302/2934/2056 1303/2933/2056 1294/2911/2056
f 1297/2935/2057 1303/2936/2057 1302/2937/2057
f 1302/2934/2058 1294/2911/2058 1301/2938/2058
f 1302/2934/2059 1301/2938/2059 1286/2901/2059
f 1304/2939/2060 1303/2933/2060 1286/2901/2060
f 1303/2933/2061 1304/2939/2061 1294/2911/2061
f 1297/2935/2062 1304/2940/2062 1303/2936/2062
f 1297/2935/2063 1305/2941/2063 1304/2940/2063
f 1305/2942/2064 1304/2939/2064 1286/2901/2064
f 1304/2939/2065 1305/2942/2065 1294/2911/2065
f 1306/2943/2066 1294/2911/2066 1305/2942/2066
f 1297/2944/2067 1305/2945/2067 1306/2946/2067
f 1305/2942/2068 1286/2901/2068 1306/2943/2068
f 1294/2911/2069 1306/2943/2069 1307/2947/2069
f 1307/2947/2070 1306/2943/2070 1308/2948/2070
f 1297/2949/2071 1306/2950/2071 1307/2951/2071
f 1286/2901/2072 1308/2948/2072 1306/2943/2072
f 1253/2832/2073 1308/2952/2073 1286/2953/2073
f 1254/2834/2074 1308/2952/2074 1253/2832/2074
f 1254/2834/2075 1289/2954/2075 1308/2952/2075
f 1308/2948/2076 1289/2955/2076 1309/2956/2076
f 1308/2948/2077 1309/2956/2077 1310/2957/2077
f 1308/2948/2078 1310/2957/2078 1311/2958/2078
f 1311/2958/2079 1307/2947/2079 1308/2948/2079
f 1310/2959/2080 1297/2949/2080 1311/2960/2080
f 1297/2949/2081 1307/2951/2081 1311/2960/2081
f 1310/2957/2082 1307/2947/2082 1311/2958/2082
f 1310/2961/2083 1297/2962/2083 1298/2963/2083
f 1310/2961/2084 1298/2963/2084 1309/2964/2084
f 1309/2956/2085 1294/2911/2085 1310/2957/2085
f 1294/2911/2086 1307/2947/2086 1310/2957/2086
f 1294/2911/2087 1309/2956/2087 1312/2965/2087
f 1298/2966/2088 1312/2967/2088 1309/2968/2088
f 1313/2969/2089 1312/2965/2089 1309/2956/2089
f 1289/2955/2090 1313/2969/2090 1309/2956/2090
f 1298/2966/2091 1313/2970/2091 1312/2967/2091
f 1298/2971/2092 1313/2972/2092 1314/2973/2092
f 1289/2955/2093 1314/2974/2093 1313/2969/2093
f 1312/2965/2094 1313/2969/2094 1314/2974/2094
f 1314/2974/2095 1294/2911/2095 1312/2965/2095
f 1294/2911/2096 1314/2974/2096 1315/2975/2096
f 1298/2971/2097 1314/2973/2097 1315/2976/2097
f 1289/2955/2098 1315/2975/2098 1314/2974/2098
f 1298/2971/2099 1315/2976/2099 1316/2977/2099
f 1289/2955/2100 1316/2978/2100 1315/2975/2100
f 1316/2978/2101 1294/2911/2101 1315/2975/2101
f 1317/2979/2102 1298/2927/2102 1316/2978/2102
f 1289/2955/2103 1317/2979/2103 1316/2978/2103
f 1316/2978/2104 1317/2979/2104 1294/2911/2104
f 1299/2925/2105 1298/2927/2105 1317/2979/2105
f 1317/2979/2106 1289/2955/2106 1288/2907/2106
f 1317/2979/2107 1288/2907/2107 1299/2925/2107
f 1317/2979/2108 1299/2925/2108 1294/2911/2108
f 1290/2902/2109 1286/2901/2109 1301/2938/2109
f 1294/2911/2110 1290/2902/2110 1301/2938/2110
f 1299/2925/2111 1300/2931/2111 1294/2911/2111
f 1300/2931/2112 1299/2925/2112 1288/2907/2112
f 1295/2912/2113 1300/2931/2113 1288/2907/2113
f 1300/2931/2114 1295/2912/2114 1294/2911/2114
f 1292/2910/2115 1291/2909/2115 1290/2902/2115
f 1284/2892/2116 1252/2980/2116 1253/2897/2116
f 1252/2833/2117 1284/2894/2117 1273/2866/2117
f 1274/2854/2118 1273/2866/2118 1284/2894/2118
f 1264/2855/2119 1274/2854/2119 1284/2894/2119
f 1284/2894/2120 1278/2867/2120 1277/2856/2120
f 1264/2855/2121 1284/2894/2121 1277/2856/2121
f 1274/2981/2122 1273/2982/2122 1280/2871/2122
f 1276/2983/2123 1280/2871/2123 1273/2982/2123
f 1275/2984/2124 1276/2985/2124 1280/2986/2124
f 1275/2861/2125 1280/2873/2125 1247/2850/2125
f 1280/2871/2126 1264/2987/2126 1274/2981/2126
f 1278/2870/2127 1277/2988/2127 1280/2871/2127
f 1280/2871/2128 1277/2988/2128 1264/2987/2128
f 1275/2861/2129 1252/2833/2129 1276/2865/2129
f 1276/2865/2130 1252/2833/2130 1273/2866/2130
f 1275/2861/2131 1266/2860/2131 1252/2833/2131
f 1275/2861/2132 1247/2850/2132 1266/2860/2132
f 1271/2863/2133 1272/2864/2133 1256/2840/2133
f 1272/2864/2134 1270/2853/2134 1256/2840/2134
f 1269/2862/2135 1271/2863/2135 1256/2840/2135
f 1270/2853/2136 1263/2852/2136 1256/2840/2136
f 1269/2862/2137 1256/2840/2137 1259/2841/2137
f 1269/2862/2138 1259/2841/2138 1247/2850/2138
f 1263/2852/2139 1267/2851/2139 1256/2840/2139
f 1252/2989/2140 1266/2990/2140 1249/2991/2140
f 1249/2991/2141 1266/2990/2141 1247/2992/2141
f 1260/2847/2142 1258/2993/2142 1247/2848/2142
f 1260/2844/1965 1258/2843/1965 1250/2829/1965
f 1257/2994/2143 1247/2848/2143 1258/2993/2143
f 1258/2843/2144 1257/2842/2144 1250/2829/2144
f 1250/2995/2145 1247/2996/2145 1257/2997/2145
f 1319/2998/2146 1318/2999/2146 1320/3000/2146
f 1318/2999/2147 1319/2998/2147 1323/3001/2147
f 1318/3002/2148 1319/3003/2148 1322/3004/2148
f 1320/3000/2149 1318/2999/2149 1321/3005/2149
f 1321/3005/2150 1318/2999/2150 1323/3001/2150
f 1318/2999/2151 1322/3006/2151 1321/3005/2151
f 1330/3007/2152 1323/3001/2152 1324/3008/2152
f 1324/3009/2153 1323/3010/2153 1325/3011/2153
f 1323/3010/2154 1326/3012/2154 1325/3011/2154
f 1328/3013/2155 1326/3014/2155 1323/3001/2155
f 1327/3015/2156 1321/3005/2156 1323/3001/2156
f 1329/3016/2157 1327/3015/2157 1323/3001/2157
f 1319/2998/2158 1328/3013/2158 1323/3001/2158
f 1330/3007/2159 1329/3016/2159 1323/3001/2159
f 1331/3017/2160 1322/3018/2160 1330/3019/2160
f 1330/3020/2161 1322/3021/2161 1329/3022/2161
f 1331/3023/2162 1330/3007/2162 1324/3008/2162
f 1330/3007/2163 1331/3023/2163 1320/3000/2163
f 1329/3016/2164 1330/3007/2164 1320/3000/2164
f 1332/3024/2165 1322/3006/2165 1331/3023/2165
f 1324/3008/2166 1332/3024/2166 1331/3023/2166
f 1331/3023/2167 1332/3024/2167 1320/3000/2167
f 1332/3025/2168 1322/3026/2168 1334/3027/2168
f 1324/3008/2169 1333/3028/2169 1332/3024/2169
f 1332/3024/2170 1333/3028/2170 1320/3000/2170
f 1332/3025/2171 1334/3027/2171 1333/3029/2171
f 1335/3030/2172 1334/3031/2172 1336/3032/2172
f 1344/3033/2173 1335/3034/2173 1334/3035/2173
f 1337/3036/2174 1336/3037/2174 1334/3038/2174
f 1337/3039/2175 1338/3040/2175 1334/3041/2175
f 1339/3042/2176 1334/3041/2176 1338/3040/2176
f 1339/3043/2177 1340/3044/2177 1334/3045/2177
f 1340/3044/2178 1341/3046/2178 1334/3045/2178
f 1341/3046/2179 1342/3047/2179 1334/3045/2179
f 1342/3048/2180 1333/3029/2180 1334/3027/2180
f 1344/3033/2181 1334/3035/2181 1343/3049/2181
f 1344/3050/2182 1345/3051/2182 1320/3000/2182
f 1345/3051/2183 1344/3050/2183 1347/3052/2183
f 1343/3049/2184 1345/3053/2184 1344/3033/2184
f 1344/3050/2185 1335/3030/2185 1346/3054/2185
f 1344/3050/2186 1320/3000/2186 1335/3030/2186
f 1344/3050/2187 1346/3054/2187 1347/3052/2187
f 1348/3055/2188 1347/3056/2188 1346/3057/2188
f 1326/3058/2189 1347/3059/2189 1348/3060/2189
f 1347/3052/2190 1326/3014/2190 1349/3061/2190
f 1347/3052/2191 1349/3061/2191 1350/3062/2191
f 1347/3052/2192 1350/3062/2192 1351/3063/2192
f 1351/3063/2193 1345/3051/2193 1347/3052/2193
f 1351/3063/2194 1350/3062/2194 1320/3000/2194
f 1351/3064/2195 1350/3065/2195 1343/3066/2195
f 1345/3067/2196 1351/3068/2196 1343/3069/2196
f 1345/3051/2197 1351/3063/2197 1320/3000/2197
f 1350/3062/2198 1349/3061/2198 1320/3000/2198
f 1350/3070/2199 1343/3071/2199 1349/3072/2199
f 1326/3014/2200 1352/3073/2200 1349/3061/2200
f 1349/3061/2201 1352/3073/2201 1320/3000/2201
f 1352/3074/2202 1343/3075/2202 1349/3076/2202
f 1352/3073/2203 1353/3077/2203 1320/3000/2203
f 1352/3074/2204 1353/3078/2204 1343/3075/2204
f 1353/3077/2205 1352/3073/2205 1326/3014/2205
f 1353/3078/2206 1354/3079/2206 1343/3075/2206
f 1354/3080/2207 1353/3077/2207 1326/3014/2207
f 1353/3077/2208 1354/3080/2208 1320/3000/2208
f 1355/3081/2209 1354/3080/2209 1326/3014/2209
f 1355/3081/2210 1320/3000/2210 1354/3080/2210
f 1354/3079/2211 1355/3082/2211 1343/3075/2211
f 1356/3083/2212 1355/3081/2212 1326/3014/2212
f 1355/3081/2213 1356/3083/2213 1319/2998/2213
f 1322/3006/2214 1355/3081/2214 1356/3083/2214
f 1322/3006/2215 1343/3084/2215 1355/3081/2215
f 1320/3000/2216 1355/3081/2216 1319/2998/2216
f 1328/3085/2217 1322/3086/2217 1356/3087/2217
f 1328/3013/2218 1356/3083/2218 1326/3014/2218
f 1356/3083/2219 1328/3013/2219 1319/2998/2219
f 1348/3055/2220 1346/3057/2220 1359/3088/2220
f 1348/3060/2221 1358/3089/2221 1357/3090/2221
f 1348/3060/2222 1357/3090/2222 1325/3091/2222
f 1358/3092/2223 1348/3055/2223 1359/3088/2223
f 1326/3058/2224 1348/3060/2224 1325/3091/2224
f 1346/3057/2225 1360/3093/2225 1359/3088/2225
f 1359/3094/2226 1360/3095/2226 1324/3096/2226
f 1359/3094/2227 1361/3097/2227 1362/3098/2227
f 1359/3094/2228 1325/3099/2228 1361/3097/2228
f 1362/3100/2229 1358/3092/2229 1359/3088/2229
f 1359/3094/2230 1324/3096/2230 1325/3099/2230
f 1358/3101/2231 1362/3102/2231 1363/3103/2231
f 1362/3102/2232 1361/3104/2232 1368/3105/2232
f 1364/3106/2233 1363/3103/2233 1362/3102/2233
f 1365/3107/2234 1364/3106/2234 1362/3102/2234
f 1366/3108/2235 1365/3107/2235 1362/3102/2235
f 1367/3109/2236 1366/3108/2236 1362/3102/2236
f 1367/3109/2237 1362/3102/2237 1368/3105/2237
f 1367/3109/2238 1368/3105/2238 1369/3110/2238
f 1369/3110/2239 1368/3105/2239 1370/3111/2239
f 1371/3112/2240 1370/3113/2240 1368/3114/2240
f 1361/3104/2241 1370/3111/2241 1368/3105/2241
f 1367/3115/2242 1371/3112/2242 1368/3114/2242
f 1367/3116/2243 1372/3117/2243 1371/3118/2243
f 1373/3119/2244 1374/3120/2244 1371/3121/2244
f 1373/3119/2245 1371/3121/2245 1377/3122/2245
f 1371/3112/2246 1374/3123/2246 1375/3124/2246
f 1371/3112/2247 1375/3124/2247 1376/3125/2247
f 1376/3125/2248 1370/3113/2248 1371/3112/2248
f 1388/3126/2249 1377/3127/2249 1378/3128/2249
f 1378/3129/2250 1372/3130/2250 1377/3131/2250
f 1379/3132/2251 1377/3131/2251 1373/3133/2251
f 1380/3134/2252 1377/3131/2252 1379/3132/2252
f 1381/3135/2253 1377/3136/2253 1380/3137/2253
f 1377/3138/2254 1382/3139/2254 1381/3140/2254
f 1382/3139/2255 1377/3138/2255 1383/3141/2255
f 1377/3142/2256 1383/3143/2256 1389/3144/2256
f 1377/3145/2257 1389/3146/2257 1384/3147/2257
f 1377/3145/2258 1384/3147/2258 1385/3148/2258
f 1377/3145/2259 1385/3148/2259 1386/3149/2259
f 1377/3145/2260 1386/3149/2260 1387/3150/2260
f 1377/3131/2261 1387/3151/2261 1388/3152/2261
f 1383/3153/2262 1389/3154/2262 1384/3155/2262
f 1389/3154/2263 1383/3153/2263 1390/3156/2263
f 1389/3154/2264 1390/3156/2264 1384/3155/2264
f 1325/3157/2265 1390/3158/2265 1391/3159/2265
f 1357/3090/2266 1390/3160/2266 1325/3091/2266
f 1382/3161/2267 1391/3162/2267 1390/3156/2267
f 1390/3156/2268 1357/3163/2268 1384/3155/2268
f 1383/3153/2269 1382/3161/2269 1390/3156/2269
f 1325/3157/2270 1391/3159/2270 1361/3164/2270
f 1391/3162/2271 1382/3161/2271 1381/3165/2271
f 1361/3104/2272 1391/3162/2272 1374/3166/2272
f 1391/3162/2273 1381/3165/2273 1380/3134/2273
f 1391/3162/2274 1380/3134/2274 1379/3132/2274
f 1391/3162/2275 1379/3132/2275 1392/3167/2275
f 1391/3162/2276 1392/3167/2276 1373/3133/2276
f 1391/3162/2277 1373/3133/2277 1374/3166/2277
f 1392/3167/2278 1369/3110/2278 1373/3133/2278
f 1369/3110/2279 1392/3167/2279 1379/3132/2279
f 1379/3132/2280 1373/3133/2280 1392/3167/2280
f 1358/3101/2281 1378/3129/2281 1388/3152/2281
f 1388/3152/2282 1378/3129/2282 1369/3110/2282
f 1357/3163/2283 1388/3152/2283 1387/3151/2283
f 1387/3151/2284 1388/3152/2284 1369/3110/2284
f 1357/3163/2285 1358/3101/2285 1388/3152/2285
f 1357/3163/2286 1387/3151/2286 1386/3168/2286
f 1386/3168/2287 1387/3151/2287 1369/3110/2287
f 1357/3163/2288 1386/3168/2288 1385/3169/2288
f 1369/3110/2289 1385/3169/2289 1386/3168/2289
f 1385/3169/2290 1369/3110/2290 1383/3153/2290
f 1385/3169/2291 1384/3155/2291 1357/3163/2291
f 1384/3155/2292 1385/3169/2292 1383/3153/2292
f 1383/3153/2293 1369/3110/2293 1382/3161/2293
f 1380/3134/2262 1381/3165/2262 1382/3161/2262
f 1382/3161/2294 1369/3110/2294 1379/3132/2294
f 1379/3132/2295 1380/3134/2295 1382/3161/2295
f 1393/3170/2296 1378/3129/2296 1358/3101/2296
f 1378/3129/2297 1393/3170/2297 1369/3110/2297
f 1378/3129/2298 1393/3170/2298 1372/3130/2298
f 1394/3171/2299 1372/3172/2299 1393/3173/2299
f 1394/3174/2300 1393/3170/2300 1358/3101/2300
f 1394/3174/2301 1369/3110/2301 1393/3170/2301
f 1372/3172/2302 1394/3171/2302 1395/3175/2302
f 1395/3176/2303 1394/3174/2303 1358/3101/2303
f 1395/3176/2304 1369/3110/2304 1394/3174/2304
f 1396/3177/2305 1372/3172/2305 1395/3175/2305
f 1369/3110/2306 1395/3176/2306 1396/3178/2306
f 1396/3178/2307 1395/3176/2307 1358/3101/2307
f 1372/3179/2308 1363/3180/2308 1396/3181/2308
f 1396/3178/2309 1358/3101/2309 1363/3103/2309
f 1396/3178/2310 1363/3103/2310 1365/3107/2310
f 1365/3107/2311 1369/3110/2311 1396/3178/2311
f 1361/3104/2312 1375/3182/2312 1376/3183/2312
f 1376/3183/2313 1375/3182/2313 1369/3110/2313
f 1361/3104/2314 1376/3183/2314 1370/3111/2314
f 1376/3183/2315 1369/3110/2315 1370/3111/2315
f 1361/3104/2316 1374/3166/2316 1375/3182/2316
f 1375/3182/2317 1374/3166/2317 1369/3110/2317
f 1374/3166/2318 1373/3133/2318 1369/3110/2318
f 1372/3179/2319 1365/3184/2319 1364/3185/2319
f 1372/3179/2320 1364/3185/2320 1363/3180/2320
f 1365/3184/2321 1372/3179/2321 1366/3186/2321
f 1367/3116/2322 1366/3187/2322 1372/3117/2322
f 1367/3109/2323 1369/3110/2323 1365/3107/2323
f 1365/3107/2310 1366/3108/2310 1367/3109/2310
f 1363/3103/2324 1364/3106/2324 1365/3107/2324
f 1360/3188/2325 1346/3054/2325 1338/3189/2325
f 1324/3008/2326 1360/3188/2326 1333/3028/2326
f 1360/3188/2327 1338/3189/2327 1339/3190/2327
f 1360/3188/2328 1339/3190/2328 1340/3191/2328
f 1360/3188/2329 1340/3191/2329 1341/3192/2329
f 1360/3188/2330 1341/3192/2330 1342/3193/2330
f 1360/3188/2331 1342/3193/2331 1333/3028/2331
f 1346/3054/2332 1335/3030/2332 1336/3032/2332
f 1346/3054/2333 1336/3032/2333 1337/3194/2333
f 1346/3054/2334 1337/3194/2334 1338/3189/2334
f 1320/3000/2335 1342/3193/2335 1341/3192/2335
f 1333/3028/2336 1342/3193/2336 1320/3000/2336
f 1340/3191/2337 1320/3000/2337 1341/3192/2337
f 1340/3191/2338 1339/3190/2338 1338/3189/2338
f 1338/3189/2339 1320/3000/2339 1340/3191/2339
f 1336/3032/2213 1338/3189/2213 1337/3194/2213
f 1336/3032/2340 1320/3000/2340 1338/3189/2340
f 1320/3000/2341 1336/3032/2341 1335/3030/2341
f 1329/3022/2342 1322/3021/2342 1327/3195/2342
f 1321/3005/2343 1327/3015/2343 1329/3016/2343
f 1320/3000/2344 1321/3005/2344 1329/3016/2344
f 1328/3196/2345 1322/3004/2345 1319/3003/2345
f 1321/3197/2346 1327/3198/2346 1322/3199/2346
f 1397/3200/2347 1398/3201/2347 1401/3202/2347
f 1402/3203/2348 1398/3201/2348 1397/3200/2348
f 1398/3204/2349 1400/3205/2349 1397/3206/2349
f 1399/3207/808 1397/3200/808 1401/3202/808
f 1402/3203/2350 1397/3200/2350 1399/3207/2350
f 1397/3206/2351 1400/3205/2351 1399/3208/2351
f 1402/3203/2352 1403/3209/2352 1406/3210/2352
f 1402/3211/2353 1405/3212/2353 1403/3213/2353
f 1405/3212/2354 1402/3211/2354 1404/3214/2354
f 1404/3215/2355 1402/3203/2355 1407/3216/2355
f 1406/3210/2356 1401/3202/2356 1402/3203/2356
f 1401/3202/2357 1398/3201/2357 1402/3203/2357
f 1399/3207/2358 1407/3216/2358 1402/3203/2358
f 1408/3217/2359 1404/3215/2359 1407/3216/2359
f 1408/3217/755 1407/3216/755 1399/3207/755
f 1407/3218/2360 1409/3219/2360 1408/3220/2360
f 1407/3216/2361 1399/3207/2361 1400/3221/2361
f 1407/3216/2362 1400/3221/2362 1409/3222/2362
f 1409/3223/2363 1414/3224/2363 1410/3225/2363
f 1415/3226/2364 1409/3227/2364 1411/3228/2364
f 1412/3229/2365 1409/3230/2365 1411/3231/2365
f 1413/3232/2366 1412/3233/2366 1409/3234/2366
f 1414/3235/2367 1413/3236/2367 1409/3222/2367
f 1415/3237/2368 1416/3238/2368 1409/3219/2368
f 1408/3220/2369 1409/3219/2369 1416/3238/2369
f 1416/3239/2370 1415/3240/2370 1404/3215/2370
f 1415/3240/2371 1416/3239/2371 1417/3241/2371
f 1408/3217/2372 1416/3239/2372 1404/3215/2372
f 1416/3239/2373 1408/3217/2373 1399/3207/2373
f 1417/3241/2374 1416/3239/2374 1399/3207/2374
f 1421/3242/2375 1418/3243/2375 1417/3241/2375
f 1418/3243/2376 1428/3244/2376 1417/3241/2376
f 1417/3241/2377 1411/3245/2377 1415/3240/2377
f 1411/3245/2378 1417/3241/2378 1412/3246/2378
f 1428/3244/2379 1419/3247/2379 1417/3241/2379
f 1417/3241/2380 1419/3247/2380 1429/3248/2380
f 1417/3241/2381 1399/3207/2381 1401/3202/2381
f 1401/3202/2382 1406/3210/2382 1417/3241/2382
f 1417/3241/2383 1406/3210/2383 1422/3249/2383
f 1420/3250/2384 1421/3242/2384 1417/3241/2384
f 1420/3250/2385 1417/3241/2385 1423/3251/2385
f 1422/3249/2386 1424/3252/2386 1417/3241/2386
f 1427/3253/2387 1423/3251/2387 1417/3241/2387
f 1424/3252/2388 1425/3254/2388 1417/3241/2388
f 1425/3254/2389 1426/3255/2389 1417/3241/2389
f 1426/3255/2390 1427/3253/2390 1417/3241/2390
f 1413/3236/2391 1412/3246/2391 1417/3241/2391
f 1430/3256/2392 1417/3241/2392 1429/3248/2392
f 1430/3256/2393 1414/3235/2393 1417/3241/2393
f 1414/3235/2394 1413/3236/2394 1417/3241/2394
f 1414/3224/2395 1430/3257/2395 1410/3225/2395
f 1414/3235/2396 1430/3256/2396 1431/3258/2396
f 1429/3248/2397 1432/3259/2397 1430/3256/2397
f 1430/3257/2398 1429/3260/2398 1410/3225/2398
f 1432/3259/2399 1431/3258/2399 1430/3256/2399
f 1431/3261/2400 1432/3262/2400 1433/3263/2400
f 1434/3264/2401 1433/3263/2401 1432/3262/2401
f 1432/3265/2402 1403/3266/2402 1434/3267/2402
f 1403/3268/2403 1432/3269/2403 1420/3270/2403
f 1432/3259/2404 1421/3242/2404 1420/3250/2404
f 1418/3243/2405 1421/3242/2405 1432/3259/2405
f 1432/3259/2406 1419/3247/2406 1428/3244/2406
f 1429/3248/2407 1419/3247/2407 1432/3259/2407
f 1436/3271/2408 1418/3243/2408 1432/3259/2408
f 1432/3259/2409 1428/3244/2409 1435/3272/2409
f 1436/3271/2410 1432/3259/2410 1435/3272/2410
f 1418/3243/2411 1410/3273/2411 1436/3271/2411
f 1436/3271/2412 1410/3273/2412 1435/3272/2412
f 1418/3243/2347 1436/3271/2347 1428/3244/2347
f 1435/3272/2413 1428/3244/2413 1436/3271/2413
f 1428/3274/2414 1435/3275/2414 1410/3276/2414
f 1434/3277/2415 1438/3278/2415 1437/3279/2415
f 1434/3264/2416 1437/3280/2416 1433/3263/2416
f 1434/3281/2417 1403/3213/2417 1405/3212/2417
f 1434/3281/2418 1405/3212/2418 1438/3282/2418
f 1443/3283/2419 1437/3284/2419 1438/3285/2419
f 1438/3285/2420 1439/3286/2420 1440/3287/2420
f 1405/3212/2421 1439/3288/2421 1438/3282/2421
f 1440/3287/2422 1441/3289/2422 1438/3285/2422
f 1441/3289/2423 1442/3290/2423 1438/3285/2423
f 1442/3290/2424 1445/3291/2424 1438/3285/2424
f 1444/3292/2425 1443/3283/2425 1438/3285/2425
f 1445/3291/2426 1444/3292/2426 1438/3285/2426
f 1446/3293/2427 1445/3291/2427 1442/3290/2427
f 1448/3294/2428 1446/3295/2428 1445/3296/2428
f 1448/3294/2429 1445/3296/2429 1444/3297/2429
f 1444/3292/2430 1445/3291/2430 1447/3298/2430
f 1445/3291/2431 1442/3290/2431 1447/3298/2431
f 1443/3299/2432 1448/3294/2432 1444/3297/2432
f 1448/3300/2433 1443/3301/2433 1451/3302/2433
f 1453/3303/2434 1448/3304/2434 1449/3305/2434
f 1454/3306/2435 1448/3307/2435 1449/3308/2435
f 1448/3309/2436 1453/3310/2436 1450/3311/2436
f 1458/3312/2437 1450/3313/2437 1448/3314/2437
f 1455/3315/2438 1448/3300/2438 1451/3302/2438
f 1458/3312/2439 1448/3314/2439 1452/3316/2439
f 1448/3307/2440 1454/3306/2440 1457/3317/2440
f 1456/3318/2441 1448/3300/2441 1455/3315/2441
f 1457/3319/2442 1448/3320/2442 1456/3321/2442
f 1458/3312/2443 1447/3298/2443 1459/3322/2443
f 1458/3312/2444 1459/3322/2444 1460/3323/2444
f 1458/3324/2445 1452/3325/2445 1459/3326/2445
f 1447/3298/2446 1458/3312/2446 1450/3313/2446
f 1458/3312/2447 1460/3323/2447 1450/3313/2447
f 1433/3263/2448 1437/3280/2448 1460/3327/2448
f 1460/3328/2449 1461/3329/2449 1433/3330/2449
f 1449/3331/2450 1460/3323/2450 1437/3284/2450
f 1460/3323/2451 1462/3332/2451 1461/3333/2451
f 1463/3334/2452 1462/3332/2452 1460/3323/2452
f 1460/3323/2453 1449/3331/2453 1453/3335/2453
f 1460/3323/2454 1453/3335/2454 1450/3313/2454
f 1459/3322/2455 1463/3334/2455 1460/3323/2455
f 1463/3336/2456 1452/3337/2456 1462/3338/2456
f 1462/3332/2457 1463/3334/2457 1447/3298/2457
f 1459/3326/2458 1452/3325/2458 1463/3339/2458
f 1459/3322/2459 1447/3298/2459 1463/3334/2459
f 1461/3333/2460 1462/3332/2460 1464/3340/2460
f 1462/3341/2461 1452/3342/2461 1464/3343/2461
f 1464/3340/2462 1462/3332/2462 1447/3298/2462
f 1461/3333/2463 1464/3340/2463 1465/3344/2463
f 1465/3344/2464 1464/3340/2464 1447/3298/2464
f 1452/3342/2465 1465/3345/2465 1464/3343/2465
f 1447/3298/2466 1466/3346/2466 1465/3344/2466
f 1466/3346/2467 1465/3344/2467 1446/3293/2467
f 1461/3333/2468 1465/3344/2468 1466/3346/2468
f 1465/3344/2469 1452/3316/2469 1446/3293/2469
f 1466/3346/2470 1447/3298/2470 1468/3347/2470
f 1461/3333/2471 1466/3346/2471 1467/3348/2471
f 1467/3348/2472 1466/3346/2472 1446/3293/2472
f 1466/3346/806 1468/3347/806 1467/3348/806
f 1468/3347/2473 1447/3298/2473 1469/3349/2473
f 1467/3350/2474 1468/3351/2474 1446/3352/2474
f 1461/3333/2475 1467/3348/2475 1468/3347/2475
f 1446/3293/2476 1468/3347/2476 1469/3349/2476
f 1468/3347/2477 1469/3349/2477 1439/3286/2477
f 1439/3286/2478 1461/3333/2478 1468/3347/2478
f 1469/3353/2479 1446/3354/2479 1470/3355/2479
f 1471/3356/2480 1470/3357/2480 1469/3349/2480
f 1469/3349/2481 1470/3357/2481 1439/3286/2481
f 1469/3349/2482 1447/3298/2482 1471/3356/2482
f 1471/3358/2483 1446/3359/2483 1440/3360/2483
f 1446/3359/2484 1471/3358/2484 1470/3361/2484
f 1470/3357/2485 1471/3356/2485 1439/3286/2485
f 1471/3356/2486 1440/3287/2486 1439/3286/2486
f 1440/3287/2487 1471/3356/2487 1447/3298/2487
f 1405/3212/2488 1461/3362/2488 1439/3288/2488
f 1461/3329/2489 1405/3363/2489 1433/3330/2489
f 1456/3364/2490 1457/3365/2490 1437/3284/2490
f 1457/3365/2491 1456/3364/2491 1455/3366/2491
f 1447/3298/2492 1454/3367/2492 1457/3365/2492
f 1457/3365/2493 1454/3367/2493 1437/3284/2493
f 1455/3366/2494 1451/3368/2494 1457/3365/2494
f 1451/3368/2495 1447/3298/2495 1457/3365/2495
f 1455/3366/2496 1456/3364/2496 1437/3284/2496
f 1451/3368/2497 1455/3366/2497 1437/3284/2497
f 1449/3331/2498 1454/3367/2498 1447/3298/2498
f 1454/3367/2499 1449/3331/2499 1437/3284/2499
f 1453/3335/2500 1449/3331/2500 1447/3298/2500
f 1450/3313/2501 1453/3335/2501 1447/3298/2501
f 1447/3298/2502 1451/3368/2502 1443/3283/2502
f 1443/3283/2503 1451/3368/2503 1437/3284/2503
f 1444/3292/2504 1447/3298/2504 1443/3283/2504
f 1442/3290/2505 1441/3289/2505 1447/3298/2505
f 1441/3289/2506 1440/3287/2506 1447/3298/2506
f 1446/3293/2507 1441/3289/2507 1440/3287/2507
f 1441/3369/2508 1446/3370/2508 1442/3371/2508
f 1404/3372/2509 1431/3373/2509 1433/3330/2509
f 1405/3363/2510 1404/3372/2510 1433/3330/2510
f 1411/3245/2511 1431/3258/2511 1404/3215/2511
f 1413/3236/2512 1414/3235/2512 1431/3258/2512
f 1412/3246/2513 1413/3236/2513 1431/3258/2513
f 1411/3245/2514 1412/3246/2514 1431/3258/2514
f 1429/3248/2515 1410/3273/2515 1419/3247/2515
f 1419/3374/2516 1410/3375/2516 1428/3376/2516
f 1427/3253/2517 1410/3273/2517 1426/3255/2517
f 1423/3377/2518 1427/3378/2518 1410/3379/2518
f 1403/3209/2519 1423/3251/2519 1427/3253/2519
f 1403/3209/2520 1427/3253/2520 1426/3255/2520
f 1425/3254/2521 1426/3255/2521 1410/3273/2521
f 1426/3255/2522 1425/3254/2522 1403/3209/2522
f 1400/3221/2523 1425/3254/2523 1410/3273/2523
f 1400/3221/2524 1424/3252/2524 1425/3254/2524
f 1425/3254/2525 1424/3252/2525 1403/3209/2525
f 1422/3380/2526 1424/3381/2526 1400/3382/2526
f 1403/3209/2527 1424/3252/2527 1422/3249/2527
f 1423/3383/2528 1410/3384/2528 1420/3385/2528
f 1403/3209/2529 1420/3250/2529 1423/3251/2529
f 1406/3386/2530 1422/3380/2530 1400/3382/2530
f 1403/3209/2531 1422/3249/2531 1406/3210/2531
f 1421/3387/2532 1420/3385/2532 1410/3384/2532
f 1418/3388/2533 1421/3387/2533 1410/3384/2533
f 1415/3240/2534 1411/3245/2534 1404/3215/2534
f 1401/3389/2535 1406/3386/2535 1400/3382/2535
f 1398/3390/2536 1400/3391/2536 1401/3392/2536
f 1472/3393/2537 1473/3394/2537 1476/3395/2537
f 1473/3394/2538 1472/3393/2538 1478/3396/2538
f 1473/3397/2539 1472/3398/2539 1475/3399/2539
f 1474/3400/2537 1472/3393/2537 1476/3395/2537
f 1474/3400/2540 1477/3401/2540 1472/3393/2540
f 1472/3398/2541 1474/3402/2541 1475/3399/2541
f 1477/3401/2542 1478/3396/2542 1472/3393/2542
f 1478/3403/2543 1477/3404/2543 1479/3405/2543
f 1480/3406/2544 1478/3403/2544 1479/3405/2544
f 1478/3396/2545 1480/3407/2545 1481/3408/2545
f 1481/3408/2546 1482/3409/2546 1478/3396/2546
f 1482/3409/2547 1483/3410/2547 1478/3396/2547
f 1483/3410/2548 1476/3395/2548 1478/3396/2548
f 1476/3395/2549 1473/3394/2549 1478/3396/2549
f 1483/3410/2550 1482/3409/2550 1475/3411/2550
f 1476/3412/2551 1483/3413/2551 1475/3414/2551
f 1476/3395/2552 1483/3410/2552 1484/3415/2552
f 1484/3415/2553 1483/3410/2553 1482/3409/2553
f 1484/3415/2554 1485/3416/2554 1474/3400/2554
f 1485/3416/2555 1484/3415/2555 1489/3417/2555
f 1486/3418/2556 1487/3419/2556 1484/3415/2556
f 1497/3420/2557 1486/3418/2557 1484/3415/2557
f 1488/3421/2558 1484/3415/2558 1487/3419/2558
f 1484/3415/2559 1474/3400/2559 1476/3395/2559
f 1484/3415/2560 1488/3421/2560 1490/3422/2560
f 1495/3423/2561 1489/3417/2561 1484/3415/2561
f 1491/3424/2562 1484/3415/2562 1490/3422/2562
f 1491/3424/2563 1492/3425/2563 1484/3415/2563
f 1492/3425/2564 1493/3426/2564 1484/3415/2564
f 1493/3426/2565 1494/3427/2565 1484/3415/2565
f 1494/3427/2566 1495/3423/2566 1484/3415/2566
f 1496/3428/2567 1497/3420/2567 1484/3415/2567
f 1499/3429/2568 1496/3428/2568 1484/3415/2568
f 1482/3409/2569 1481/3408/2569 1484/3415/2569
f 1481/3408/2570 1498/3430/2570 1484/3415/2570
f 1498/3430/2571 1500/3431/2571 1484/3415/2571
f 1500/3431/2572 1499/3429/2572 1484/3415/2572
f 1499/3432/2573 1500/3433/2573 1501/3434/2573
f 1480/3407/2574 1499/3429/2574 1500/3431/2574
f 1501/3435/2575 1498/3430/2575 1500/3431/2575
f 1498/3430/2576 1480/3407/2576 1500/3431/2576
f 1498/3430/2577 1501/3435/2577 1475/3411/2577
f 1488/3436/2578 1501/3437/2578 1502/3438/2578
f 1503/3439/2579 1502/3438/2579 1501/3437/2579
f 1503/3439/2580 1501/3437/2580 1487/3440/2580
f 1501/3441/2581 1487/3442/2581 1486/3443/2581
f 1497/3444/2582 1501/3441/2582 1486/3443/2582
f 1496/3445/2583 1501/3441/2583 1497/3444/2583
f 1496/3445/2584 1499/3446/2584 1501/3441/2584
f 1488/3447/2585 1504/3448/2585 1501/3449/2585
f 1475/3411/2586 1504/3450/2586 1495/3423/2586
f 1490/3451/2587 1504/3452/2587 1488/3453/2587
f 1491/3454/2588 1490/3455/2588 1504/3456/2588
f 1491/3457/2589 1492/3458/2589 1504/3459/2589
f 1493/3460/2590 1504/3461/2590 1492/3462/2590
f 1493/3463/2591 1504/3464/2591 1494/3465/2591
f 1504/3450/2592 1494/3427/2592 1495/3423/2592
f 1506/3466/2593 1502/3467/2593 1503/3468/2593
f 1487/3419/2594 1503/3468/2594 1502/3467/2594
f 1505/3469/2595 1503/3468/2595 1487/3419/2595
f 1505/3469/2596 1506/3466/2596 1503/3468/2596
f 1506/3466/2597 1491/3424/2597 1490/3422/2597
f 1491/3424/2598 1506/3466/2598 1508/3470/2598
f 1507/3471/2599 1506/3472/2599 1505/3473/2599
f 1506/3472/2600 1507/3471/2600 1508/3474/2600
f 1506/3466/2601 1490/3422/2601 1488/3421/2601
f 1506/3466/2602 1488/3421/2602 1502/3467/2602
f 1509/3475/2603 1477/3476/2603 1508/3477/2603
f 1508/3470/2604 1477/3401/2604 1489/3417/2604
f 1509/3478/2605 1508/3474/2605 1507/3471/2605
f 1492/3425/2606 1491/3424/2606 1508/3470/2606
f 1493/3426/2607 1492/3425/2607 1508/3470/2607
f 1508/3470/2608 1489/3417/2608 1495/3423/2608
f 1508/3470/2609 1495/3423/2609 1494/3427/2609
f 1494/3427/2610 1493/3426/2610 1508/3470/2610
f 1509/3479/2611 1510/3480/2611 1511/3481/2611
f 1509/3478/2612 1507/3471/2612 1510/3482/2612
f 1509/3483/2613 1479/3405/2613 1477/3404/2613
f 1509/3483/2614 1511/3484/2614 1479/3405/2614
f 1510/3485/2615 1512/3486/2615 1511/3487/2615
f 1511/3487/2616 1512/3486/2616 1514/3488/2616
f 1479/3405/2617 1511/3484/2617 1513/3489/2617
f 1513/3490/2618 1511/3487/2618 1518/3491/2618
f 1511/3487/2619 1514/3488/2619 1515/3492/2619
f 1511/3487/2620 1515/3492/2620 1516/3493/2620
f 1511/3487/2621 1516/3493/2621 1517/3494/2621
f 1511/3487/2622 1517/3494/2622 1518/3491/2622
f 1518/3491/2623 1519/3495/2623 1520/3496/2623
f 1518/3491/2624 1517/3494/2624 1519/3495/2624
f 1521/3497/2625 1520/3498/2625 1518/3499/2625
f 1518/3491/2626 1517/3494/2626 1521/3500/2626
f 1513/3490/2627 1518/3491/2627 1521/3500/2627
f 1521/3500/2628 1515/3492/2628 1522/3501/2628
f 1522/3501/2629 1524/3502/2629 1521/3500/2629
f 1523/3503/2630 1520/3504/2630 1521/3505/2630
f 1513/3490/2631 1521/3500/2631 1523/3506/2631
f 1524/3502/2632 1523/3506/2632 1521/3500/2632
f 1517/3494/2633 1516/3493/2633 1521/3500/2633
f 1516/3493/2634 1515/3492/2634 1521/3500/2634
f 1520/3507/2635 1524/3508/2635 1523/3509/2635
f 1524/3508/2636 1520/3507/2636 1525/3510/2636
f 1513/3490/2637 1523/3506/2637 1524/3502/2637
f 1524/3502/2638 1525/3511/2638 1513/3490/2638
f 1525/3511/2639 1524/3502/2639 1522/3501/2639
f 1525/3511/2640 1522/3501/2640 1526/3512/2640
f 1520/3507/2641 1526/3513/2641 1525/3510/2641
f 1525/3511/2642 1526/3512/2642 1527/3514/2642
f 1525/3511/2643 1527/3514/2643 1513/3490/2643
f 1479/3405/2644 1513/3489/2644 1527/3515/2644
f 1479/3516/2645 1527/3517/2645 1507/3518/2645
f 1507/3518/2646 1527/3517/2646 1528/3519/2646
f 1528/3520/2647 1527/3514/2647 1530/3521/2647
f 1530/3521/2648 1527/3514/2648 1529/3522/2648
f 1531/3523/2649 1529/3522/2649 1527/3514/2649
f 1532/3524/2650 1531/3523/2650 1527/3514/2650
f 1533/3525/2651 1532/3524/2651 1527/3514/2651
f 1534/3526/2652 1533/3525/2652 1527/3514/2652
f 1526/3512/2653 1534/3526/2653 1527/3514/2653
f 1534/3527/2654 1520/3528/2654 1526/3529/2654
f 1533/3530/2655 1520/3531/2655 1534/3532/2655
f 1533/3525/2656 1534/3526/2656 1522/3501/2656
f 1534/3526/2657 1526/3512/2657 1522/3501/2657
f 1520/3531/2658 1533/3530/2658 1532/3533/2658
f 1532/3524/2659 1533/3525/2659 1522/3501/2659
f 1532/3533/2660 1535/3534/2660 1520/3531/2660
f 1532/3524/2661 1522/3501/2661 1531/3523/2661
f 1532/3533/2662 1531/3535/2662 1535/3534/2662
f 1535/3536/2663 1529/3537/2663 1530/3538/2663
f 1535/3536/2664 1530/3538/2664 1536/3539/2664
f 1536/3540/2665 1535/3541/2665 1537/3542/2665
f 1537/3542/2666 1535/3541/2666 1542/3543/2666
f 1535/3541/2667 1538/3544/2667 1541/3545/2667
f 1535/3546/2668 1539/3547/2668 1538/3548/2668
f 1535/3549/2669 1539/3550/2669 1540/3551/2669
f 1543/3552/2670 1540/3553/2670 1535/3546/2670
f 1543/3552/2671 1535/3546/2671 1519/3495/2671
f 1535/3534/2672 1531/3535/2672 1529/3554/2672
f 1535/3541/2673 1541/3545/2673 1542/3543/2673
f 1540/3553/2674 1543/3552/2674 1510/3485/2674
f 1543/3552/2675 1540/3553/2675 1522/3501/2675
f 1544/3555/2676 1543/3552/2676 1522/3501/2676
f 1543/3552/2677 1544/3555/2677 1510/3485/2677
f 1519/3495/2678 1544/3555/2678 1543/3552/2678
f 1545/3556/2679 1519/3557/2679 1544/3558/2679
f 1545/3559/2680 1544/3555/2680 1522/3501/2680
f 1544/3555/2681 1545/3559/2681 1510/3485/2681
f 1545/3560/2682 1519/3561/2682 1512/3562/2682
f 1510/3485/2683 1545/3559/2683 1512/3486/2683
f 1512/3486/2684 1545/3559/2684 1522/3501/2684
f 1542/3563/2685 1541/3564/2685 1528/3520/2685
f 1541/3564/2686 1542/3563/2686 1546/3565/2686
f 1546/3565/2687 1542/3563/2687 1528/3520/2687
f 1537/3566/2688 1542/3567/2688 1546/3568/2688
f 1537/3569/2687 1546/3565/2687 1528/3520/2687
f 1546/3565/2689 1537/3569/2689 1522/3501/2689
f 1546/3565/2690 1522/3501/2690 1541/3564/2690
f 1541/3545/2691 1538/3544/2691 1510/3570/2691
f 1522/3501/2692 1538/3548/2692 1541/3564/2692
f 1541/3564/2693 1510/3485/2693 1528/3520/2693
f 1539/3547/2694 1522/3501/2694 1540/3553/2694
f 1510/3485/2695 1539/3547/2695 1540/3553/2695
f 1538/3548/2696 1522/3501/2696 1539/3547/2696
f 1510/3485/2697 1538/3548/2697 1539/3547/2697
f 1528/3520/2698 1536/3571/2698 1537/3569/2698
f 1522/3501/2699 1537/3569/2699 1536/3571/2699
f 1530/3521/2700 1522/3501/2700 1536/3571/2700
f 1528/3520/2698 1530/3521/2698 1536/3571/2698
f 1522/3501/2701 1529/3522/2701 1531/3523/2701
f 1529/3522/2702 1522/3501/2702 1530/3521/2702
f 1507/3471/2703 1528/3572/2703 1510/3482/2703
f 1515/3492/2704 1514/3488/2704 1522/3501/2704
f 1522/3501/2705 1514/3488/2705 1512/3486/2705
f 1519/3561/2706 1517/3573/2706 1516/3574/2706
f 1515/3575/2707 1519/3561/2707 1516/3574/2707
f 1512/3562/2708 1519/3561/2708 1514/3576/2708
f 1519/3561/2709 1515/3575/2709 1514/3576/2709
f 1507/3518/2710 1505/3577/2710 1479/3516/2710
f 1480/3407/2711 1505/3469/2711 1496/3428/2711
f 1505/3577/2712 1480/3578/2712 1479/3516/2712
f 1505/3469/2713 1487/3419/2713 1486/3418/2713
f 1505/3469/2714 1486/3418/2714 1497/3420/2714
f 1505/3469/2715 1497/3420/2715 1496/3428/2715
f 1487/3419/2537 1502/3467/2537 1488/3421/2537
f 1480/3407/2716 1496/3428/2716 1499/3429/2716
f 1498/3430/2717 1481/3408/2717 1480/3407/2717
f 1498/3430/2718 1475/3411/2718 1481/3408/2718
f 1475/3411/2719 1495/3423/2719 1489/3417/2719
f 1489/3417/2720 1485/3416/2720 1475/3411/2720
f 1485/3416/2721 1489/3417/2721 1477/3401/2721
f 1547/3579/2722 1475/3580/2722 1485/3581/2722
f 1547/3582/2723 1485/3416/2723 1477/3401/2723
f 1485/3416/2724 1547/3582/2724 1474/3400/2724
f 1548/3583/2725 1475/3580/2725 1547/3579/2725
f 1547/3582/2726 1548/3584/2726 1474/3400/2726
f 1548/3584/2727 1547/3582/2727 1477/3401/2727
f 1548/3585/2728 1475/3399/2728 1474/3402/2728
f 1474/3400/2729 1548/3584/2729 1477/3401/2729
f 1481/3586/2730 1475/3587/2730 1482/3588/2730
f 1476/3589/2731 1473/3397/2731 1475/3399/2731
f 1554/3590/2732 1562/3591/2732 1560/3592/2732 1561/3593/2732 1559/3594/2732 1552/3595/2732 1549/3596/2732 1550/3597/2732 1556/3598/2732 1558/3599/2732 1563/3600/2732 1564/3601/2732 1565/3602/2732 1566/3603/2732 1567/3604/2732 1590/3605/2732 1589/3606/2732 1583/3607/2732 1574/3608/2732 1573/3609/2732 1575/3610/2732 1576/3611/2732 1577/3612/2732 1578/3613/2732 1579/3614/2732 1580/3615/2732 1581/3616/2732 1582/3617/2732
f 1563/3600/2733 1558/3599/2733 1556/3598/2733 1550/3597/2733 1549/3596/2733 1551/3618/2733
f 1549/3596/2734 1550/3597/2734 1553/3619/2734
f 1554/3590/2735 1582/3617/2735 1581/3616/2735 1551/3618/2735 1549/3596/2735 1552/3595/2735 1559/3594/2735 1561/3593/2735 1560/3592/2735 1562/3591/2735
f 1549/3596/2736 1553/3619/2736 1552/3595/2736
f 1556/3598/2737 1553/3619/2737 1550/3597/2737
f 1554/3590/2738 1553/3619/2738 1562/3591/2738
f 1554/3620/2739 1553/3621/2739 1555/3622/2739 1582/3623/2739
f 1556/3598/2740 1553/3619/2740 1558/3599/2740
f 1553/3619/2741 1557/3624/2741 1563/3600/2741 1558/3599/2741
f 1552/3625/2742 1559/3626/2742 1553/3627/2742
f 1561/3628/2743 1553/3627/2743 1559/3626/2743
f 1562/3591/2744 1553/3619/2744 1560/3592/2744
f 1560/3629/2745 1553/3627/2745 1561/3628/2745
f 1564/3601/2746 1563/3600/2746 1557/3624/2746
f 1551/3618/2747 1575/3610/2747 1573/3609/2747 1572/3630/2747 1571/3631/2747 1570/3632/2747 1569/3633/2747 1568/3634/2747 1566/3603/2747 1565/3602/2747 1564/3601/2747 1563/3600/2747
f 1565/3635/2748 1564/3636/2748 1557/3637/2748
f 1566/3638/2749 1565/3639/2749 1557/3640/2749 1568/3641/2749
f 1567/3604/2750 1566/3603/2750 1568/3634/2750
f 1569/3633/2751 1570/3632/2751 1571/3631/2751 1572/3630/2751 1573/3609/2751 1574/3608/2751 1584/3642/2751 1567/3604/2751 1568/3634/2751
f 1569/3633/2752 1557/3624/2752 1568/3634/2752
f 1570/3643/2753 1569/3644/2753 1557/3645/2753
f 1571/3631/2754 1570/3632/2754 1557/3624/2754
f 1557/3646/2755 1571/3647/2755 1572/3648/2755
f 1557/3646/2756 1572/3648/2756 1573/3649/2756 1555/3650/2756
f 1573/3609/2757 1555/3651/2757 1575/3610/2757
f 1575/3610/2758 1551/3618/2758 1577/3612/2758 1576/3611/2758
f 1576/3652/2759 1575/3653/2759 1555/3654/2759
f 1576/3611/2760 1577/3612/2760 1555/3651/2760
f 1578/3613/2761 1577/3612/2761 1551/3618/2761 1581/3616/2761 1580/3615/2761 1579/3614/2761
f 1578/3613/2762 1555/3651/2762 1577/3612/2762
f 1578/3613/2763 1579/3614/2763 1555/3651/2763
f 1579/3614/2764 1580/3615/2764 1555/3651/2764
f 1580/3655/2765 1581/3656/2765 1555/3622/2765
f 1581/3656/2766 1582/3623/2766 1555/3622/2766
f 1574/3657/2767 1583/3658/2767 1586/3659/2767
f 1585/3660/2768 1584/3661/2768 1574/3657/2768
f 1595/3662/2769 1585/3660/2769 1574/3657/2769 1586/3659/2769 1588/3663/2769
f 1586/3664/2770 1583/3665/2770 1589/3666/2770
f 1586/3664/2771 1587/3667/2771 1588/3668/2771
f 1589/3666/2772 1590/3669/2772 1591/3670/2772 1592/3671/2772 1587/3667/2772 1586/3664/2772
f 1590/3672/2773 1567/3673/2773 1591/3674/2773
f 1591/3675/2774 1593/3676/2774 1592/3677/2774
f 1585/3678/2775 1594/3679/2775 1593/3680/2775 1591/3681/2775 1567/3682/2775
f 1625/3683/2776 1624/3684/2776 1610/3685/2776 1623/3686/2776 1622/3687/2776 1611/3688/2776 1621/3689/2776 1592/3690/2776 1593/3691/2776 1594/3692/2776 1595/3693/2776 1596/3694/2776 1598/3695/2776
f 1585/3678/2777 1595/3696/2777 1594/3679/2777
f 1612/3697/2778 1614/3698/2778 1615/3699/2778 1616/3700/2778 1617/3701/2778 1618/3702/2778 1609/3703/2778 1626/3704/2778 1604/3705/2778 1607/3706/2778 1601/3707/2778 1627/3708/2778 1602/3709/2778 1605/3710/2778 1606/3711/2778 1597/3712/2778 1596/3694/2778 1595/3693/2778 1588/3713/2778 1587/3714/2778 1592/3690/2778 1621/3689/2778 1620/3715/2778 1619/3716/2778 1613/3717/2778
f 1596/3694/2779 1597/3712/2779 1600/3718/2779
f 1608/3719/2780 1610/3685/2780 1624/3684/2780 1625/3683/2780 1598/3695/2780 1596/3694/2780 1597/3712/2780 1606/3711/2780 1605/3710/2780
f 1598/3720/2781 1599/3721/2781 1596/3722/2781
f 1596/3694/2782 1600/3718/2782 1599/3723/2782
f 1600/3724/2783 1607/3725/2783 1601/3726/2783
f 1600/3718/2784 1601/3707/2784 1627/3708/2784 1602/3709/2784
f 1602/3727/2785 1600/3728/2785 1605/3729/2785
f 1626/3730/2786 1604/3731/2786 1600/3732/2786 1603/3733/2786
f 1607/3734/2787 1600/3732/2787 1604/3731/2787
f 1606/3735/2788 1600/3736/2788 1597/3737/2788
f 1600/3718/2789 1606/3711/2789 1605/3710/2789
f 1604/3705/2790 1626/3704/2790 1609/3703/2790 1608/3719/2790 1607/3706/2790
f 1627/3708/2791 1601/3707/2791 1607/3706/2791 1608/3719/2791 1605/3710/2791 1602/3709/2791
f 1608/3719/2792 1609/3703/2792 1618/3702/2792 1617/3701/2792 1616/3700/2792 1615/3699/2792 1614/3698/2792 1612/3697/2792
f 1622/3687/2793 1623/3686/2793 1610/3685/2793 1608/3719/2793 1611/3688/2793
f 1608/3719/2794 1612/3697/2794 1613/3717/2794 1619/3716/2794 1620/3715/2794 1621/3689/2794 1611/3688/2794
f 1613/3717/2795 1599/3723/2795 1614/3698/2795 1612/3697/2795
f 1614/3738/2796 1615/3739/2796 1603/3740/2796
f 1614/3738/2797 1603/3740/2797 1599/3741/2797
f 1603/3740/2798 1615/3739/2798 1616/3742/2798
f 1603/3743/2799 1616/3744/2799 1617/3745/2799
f 1617/3701/2800 1618/3702/2800 1603/3746/2800
f 1603/3746/2801 1618/3702/2801 1609/3703/2801
f 1619/3716/2802 1599/3723/2802 1613/3717/2802
f 1620/3715/2803 1599/3723/2803 1619/3716/2803
f 1599/3723/2804 1621/3689/2804 1620/3715/2804
f 1621/3689/2805 1599/3723/2805 1611/3688/2805
f 1599/3747/2806 1611/3748/2806 1622/3749/2806 1623/3750/2806
f 1599/3747/2807 1623/3750/2807 1610/3751/2807
f 1599/3752/2808 1610/3753/2808 1624/3754/2808
f 1599/3723/2809 1624/3684/2809 1625/3683/2809
f 1599/3723/2810 1625/3683/2810 1598/3695/2810
f 1626/3730/2811 1603/3733/2811 1609/3755/2811
f 1567/3682/2812 1584/3756/2812 1585/3678/2812
f 1089/2394/2813 1086/2393/2813 1090/2411/2813
f 1086/2393/2814 1085/2397/2814 1090/2411/2814
f 1083/2396/2815 1082/2390/2815 1085/2397/2815
f 1082/2390/2816 1081/2389/2816 1085/2397/2816
f 1090/2411/2817 1085/2397/2817 1081/2389/2817
